CRRA,4.181750088905722
WealthShare,0.21373436548124358
time_to_estimate,255.3316948413849
params,"{'CRRA': 4.181750088905722, 'WealthShare': 0.21373436548124358}"
fun,0.4313538716773808
start_fun,5.680674647630994
start_params,"{'CRRA': 2.0, 'WealthShare': 0.05}"
algorithm,multistart_tranquilo_ls
direction,minimize
n_free,2
message,Absolute criterion change smaller than tolerance.
success,
n_fun_evals,
n_jac_evals,
n_hess_evals,
n_iterations,
status,
jac,
hess,
hess_inv,
max_constraint_violation,
history,
convergence_report,"{'one_step': {'relative_criterion_change': 1.5182053812724355e-06, 'relative_params_change': 0.007841661423845238, 'absolute_criterion_change': 6.548837692132992e-07, 'absolute_params_change': 0.03233307877951049}, 'five_steps': {'relative_criterion_change': 1.5182053812724355e-06, 'relative_params_change': 0.007841661423845238, 'absolute_criterion_change': 6.548837692132992e-07, 'absolute_params_change': 0.03233307877951049}}"
multistart_info,"MultistartInfo(start_parameters=[{'CRRA': 5.540330367550466, 'WealthShare': 0.20392291633200085}, {'CRRA': 4.365285266960172, 'WealthShare': 0.26660889028494716}], local_optima=[Minimize with 2 free parameters terminated.

The tranquilo_ls algorithm reported: Absolute criterion change smaller than tolerance., Minimize with 2 free parameters terminated.

The tranquilo_ls algorithm reported: Absolute criterion change smaller than tolerance.], exploration_sample=[{'CRRA': 5.540330367550466, 'WealthShare': 0.20392291633200085}, {'CRRA': 4.427456521030329, 'WealthShare': 0.28191770078415734}, {'CRRA': 4.971808083398573, 'WealthShare': 0.2804387712125277}, {'CRRA': 4.516258019803171, 'WealthShare': 0.2846443883488198}, {'CRRA': 5.351481824711197, 'WealthShare': 0.14444627806018537}, {'CRRA': 6.174798905657967, 'WealthShare': 0.17634588583785257}, {'CRRA': 6.863621544271899, 'WealthShare': 0.23531659710695382}, {'CRRA': 7.073494347874012, 'WealthShare': 0.18982553685122508}, {'CRRA': 2.8795070031655414, 'WealthShare': 0.2466139107802544}, {'CRRA': 5.486946942831649, 'WealthShare': 0.08639077015696481}, {'CRRA': 6.0163179141854, 'WealthShare': 0.32834170219935443}, {'CRRA': 7.533686397658727, 'WealthShare': 0.18858166172857474}, {'CRRA': 7.623975124216244, 'WealthShare': 0.18447488272496662}, {'CRRA': 5.872740734404619, 'WealthShare': 0.06352108749864711}, {'CRRA': 5.966764016224911, 'WealthShare': 0.062282672068607464}, {'CRRA': 6.5750498492905916, 'WealthShare': 0.06414258894591283}, {'CRRA': 6.643368014567054, 'WealthShare': 0.33426152740653325}, {'CRRA': 7.572001731888026, 'WealthShare': 0.28616662090735573}, {'CRRA': 8.127446054240531, 'WealthShare': 0.21048310757068175}, {'CRRA': 8.13139324278874, 'WealthShare': 0.23678762562168665}, {'CRRA': 2.6991170081483875, 'WealthShare': 0.15404762677862752}, {'CRRA': 8.020106380843563, 'WealthShare': 0.32872156980327644}, {'CRRA': 6.906251502003185, 'WealthShare': 0.019172377091000815}, {'CRRA': 9.100093699324521, 'WealthShare': 0.18932534693905978}, {'CRRA': 8.222047543997702, 'WealthShare': 0.3362926180755176}, {'CRRA': 4.85990950413412, 'WealthShare': 0.04002682772034506}, {'CRRA': 9.498562777134344, 'WealthShare': 0.1020516335490026}, {'CRRA': 9.68622703744791, 'WealthShare': 0.24100724663065085}, {'CRRA': 6.973584164899329, 'WealthShare': 0.4062051536355081}, {'CRRA': 9.79902160545571, 'WealthShare': 0.04326532805585137}, {'CRRA': 10.227284068698317, 'WealthShare': 0.18053700580737955}, {'CRRA': 8.660491469765828, 'WealthShare': 0.3868534709346822}, {'CRRA': 9.72600961688446, 'WealthShare': 0.01714760258543175}, {'CRRA': 10.030311101283463, 'WealthShare': 0.2980348497167922}, {'CRRA': 10.518589982062684, 'WealthShare': 0.21828783894153206}, {'CRRA': 11.390669676237149, 'WealthShare': 0.14144442719373426}, {'CRRA': 10.996047422409452, 'WealthShare': 0.33303220947711454}, {'CRRA': 8.064532518678527, 'WealthShare': 0.4491988511132778}, {'CRRA': 11.777275497676623, 'WealthShare': 0.06341858199605108}, {'CRRA': 10.577528824027743, 'WealthShare': 0.3975689192004227}, {'CRRA': 11.840950367647272, 'WealthShare': 0.019561517760675592}, {'CRRA': 11.708352980746591, 'WealthShare': 0.2542775665801234}, {'CRRA': 12.735157246846393, 'WealthShare': 0.04449233590346547}, {'CRRA': 13.034655091676107, 'WealthShare': 0.10951870612535874}, {'CRRA': 12.309815999014951, 'WealthShare': 0.31608075825837495}, {'CRRA': 13.27450684824174, 'WealthShare': 0.040963521590161145}, {'CRRA': 13.360399289560581, 'WealthShare': 0.03641594206375586}, {'CRRA': 12.650461410440341, 'WealthShare': 0.28635383876433}, {'CRRA': 12.359227575484644, 'WealthShare': 0.38530661197845684}, {'CRRA': 11.75051825417148, 'WealthShare': 0.4695240995954828}, {'CRRA': 14.139974167470866, 'WealthShare': 0.1499457542820829}, {'CRRA': 8.528198983406932, 'WealthShare': 0.5116130221668049}, {'CRRA': 14.878207268974254, 'WealthShare': 0.08792748851616963}, {'CRRA': 13.382973556133512, 'WealthShare': 0.43768580641691296}, {'CRRA': 12.72818582052993, 'WealthShare': 0.5136206589302548}, {'CRRA': 14.432245415909039, 'WealthShare': 0.3227089074325344}, {'CRRA': 10.245979289065472, 'WealthShare': 0.5403392251155983}, {'CRRA': 14.757363578181879, 'WealthShare': 0.3304030554628718}, {'CRRA': 10.77162645498866, 'WealthShare': 0.5459141769083438}, {'CRRA': 15.020334083645487, 'WealthShare': 0.3038081557055061}, {'CRRA': 9.31960816288702, 'WealthShare': 0.5453084395102854}, {'CRRA': 15.601509882205997, 'WealthShare': 0.22912424644152074}, {'CRRA': 13.251550483827604, 'WealthShare': 0.5470066121400569}, {'CRRA': 15.756990986369455, 'WealthShare': 0.21608876138807084}, {'CRRA': 14.975906965207013, 'WealthShare': 0.49150918331208104}, {'CRRA': 15.678891999860028, 'WealthShare': 0.39532781811625306}, {'CRRA': 5.790093720866016, 'WealthShare': 0.5001601056895758}, {'CRRA': 3.3829155238888915, 'WealthShare': 0.018976521743356393}, {'CRRA': 15.913191345289956, 'WealthShare': 0.5184058986839913}, {'CRRA': 5.2741809571114615, 'WealthShare': 0.49140106840289877}, {'CRRA': 17.268633093464008, 'WealthShare': 0.18482349430104814}, {'CRRA': 18.77175040281392, 'WealthShare': 0.027923240673259145}, {'CRRA': 18.98745350007571, 'WealthShare': 0.01447299703240943}, {'CRRA': 16.731948437579675, 'WealthShare': 0.39101123804557647}, {'CRRA': 2.266847881283084, 'WealthShare': 0.33277899859079196}, {'CRRA': 17.780793403287728, 'WealthShare': 0.15474826559397886}, {'CRRA': 17.554218003040816, 'WealthShare': 0.1928865165853797}, {'CRRA': 16.956912880360473, 'WealthShare': 0.4236101016451985}, {'CRRA': 17.168854712040982, 'WealthShare': 0.5489400566019988}, {'CRRA': 15.2713500468357, 'WealthShare': 0.6016289583584787}, {'CRRA': 14.174045543748642, 'WealthShare': 0.6064972892003899}, {'CRRA': 17.54560296511029, 'WealthShare': 0.4745708772288476}, {'CRRA': 17.421320826257535, 'WealthShare': 0.5815428388521814}, {'CRRA': 18.687765799782483, 'WealthShare': 0.12181506101821651}, {'CRRA': 17.88473241838346, 'WealthShare': 0.549810163843674}, {'CRRA': 17.94089855666324, 'WealthShare': 0.5540889581106059}, {'CRRA': 17.54765827122674, 'WealthShare': 0.3494854642506478}, {'CRRA': 17.94278301635123, 'WealthShare': 0.43047077352354085}, {'CRRA': 18.071057987047908, 'WealthShare': 0.4370485246808938}, {'CRRA': 15.296367056861069, 'WealthShare': 0.6268832513073613}, {'CRRA': 18.032035806942577, 'WealthShare': 0.4261993852673879}, {'CRRA': 2.9306930995273848, 'WealthShare': 0.034295473808329716}, {'CRRA': 19.323943335713455, 'WealthShare': 0.5676506003938361}, {'CRRA': 18.557715379726393, 'WealthShare': 0.24578858286670432}, {'CRRA': 18.44624459717839, 'WealthShare': 0.3105330767310044}, {'CRRA': 18.404199324504784, 'WealthShare': 0.3606701322748549}, {'CRRA': 10.503275752507324, 'WealthShare': 0.6086807222470759}, {'CRRA': 19.710595586060155, 'WealthShare': 0.6200494436357848}, {'CRRA': 18.97319255129669, 'WealthShare': 0.4673330795734667}, {'CRRA': 18.499566272978, 'WealthShare': 0.37367724594391494}, {'CRRA': 18.87829418655872, 'WealthShare': 0.636292825843561}, {'CRRA': 2.4975468423095215, 'WealthShare': 0.3696458115316131}, {'CRRA': 18.33395841414825, 'WealthShare': 0.6483489558176649}, {'CRRA': 19.958728521060102, 'WealthShare': 0.5051208316291633}, {'CRRA': 19.601093202253367, 'WealthShare': 0.2535241745397807}, {'CRRA': 19.316426166441005, 'WealthShare': 0.3838727490936485}, {'CRRA': 19.490657697852157, 'WealthShare': 0.28216345923401326}, {'CRRA': 19.629420998923678, 'WealthShare': 0.3041661534575664}, {'CRRA': 19.669728568879886, 'WealthShare': 0.334276590605015}, {'CRRA': 19.31442536173218, 'WealthShare': 0.6760436641366242}, {'CRRA': 4.032919562086946, 'WealthShare': 0.47884669310548206}, {'CRRA': 2.818654807291366, 'WealthShare': 0.41100763444538796}, {'CRRA': 16.096178144267093, 'WealthShare': 0.6953587135946446}, {'CRRA': 10.814951240133771, 'WealthShare': 0.6491549490657387}, {'CRRA': 14.348783877965591, 'WealthShare': 0.6849095094590041}, {'CRRA': 9.330944767650518, 'WealthShare': 0.6305524120596203}, {'CRRA': 18.34189325590005, 'WealthShare': 0.7213526777727639}, {'CRRA': 18.201974284774252, 'WealthShare': 0.7309482648744412}, {'CRRA': 5.090716799854384, 'WealthShare': 0.5522268215662482}, {'CRRA': 9.044744711337474, 'WealthShare': 0.6544077603064592}, {'CRRA': 6.581915685249474, 'WealthShare': 0.6130940583111003}, {'CRRA': 14.660294707287996, 'WealthShare': 0.7474959501697733}, {'CRRA': 14.572770783130359, 'WealthShare': 0.7471742362799563}, {'CRRA': 11.1348577792914, 'WealthShare': 0.7112595416121892}, {'CRRA': 11.339330219490833, 'WealthShare': 0.7157305645503972}, {'CRRA': 15.435743405626157, 'WealthShare': 0.7574544156315279}, {'CRRA': 2.0, 'WealthShare': 0.05}, {'CRRA': 7.930308868259337, 'WealthShare': 0.6801065726066388}, {'CRRA': 1.3211221860021007, 'WealthShare': 0.2858590736354957}, {'CRRA': 1.1646358314035825, 'WealthShare': 0.24946582873677428}, {'CRRA': 1.7763763736780505, 'WealthShare': 0.39074412298501227}, {'CRRA': 5.7836342540199475, 'WealthShare': 0.6490664781012132}, {'CRRA': 17.829302817859734, 'WealthShare': 0.8172706807310299}, {'CRRA': 3.086787055649726, 'WealthShare': 0.5321397359363925}, {'CRRA': 14.401053222376923, 'WealthShare': 0.7995546959898994}, {'CRRA': 12.721751214359744, 'WealthShare': 0.7857882742858844}, {'CRRA': 17.03865677712396, 'WealthShare': 0.8202307053589923}, {'CRRA': 15.916111621519496, 'WealthShare': 0.8131806258727765}, {'CRRA': 16.429209777895522, 'WealthShare': 0.826571263034988}, {'CRRA': 10.5610116660544, 'WealthShare': 0.7799492840490452}, {'CRRA': 5.518076896580949, 'WealthShare': 0.675766078825716}, {'CRRA': 12.796754566542091, 'WealthShare': 0.8083064664522202}, {'CRRA': 14.605031009215505, 'WealthShare': 0.8238138732495214}, {'CRRA': 13.82367527081483, 'WealthShare': 0.8242192442422126}, {'CRRA': 18.7943583584919, 'WealthShare': 0.8566376587804406}, {'CRRA': 7.693727136176486, 'WealthShare': 0.7589146327532765}, {'CRRA': 2.564848660400294, 'WealthShare': 0.5567176688572102}, {'CRRA': 19.31710950152984, 'WealthShare': 0.8710983993612456}, {'CRRA': 16.227667498178295, 'WealthShare': 0.8606276723355206}, {'CRRA': 3.8574412364596036, 'WealthShare': 0.6549787552565995}, {'CRRA': 6.210124079581739, 'WealthShare': 0.74527172190609}, {'CRRA': 6.003179093385549, 'WealthShare': 0.7479607932449347}, {'CRRA': 11.802913755047763, 'WealthShare': 0.8408245228947646}, {'CRRA': 6.425389193303815, 'WealthShare': 0.7646209249621032}, {'CRRA': 6.871601389518318, 'WealthShare': 0.7759491437014472}, {'CRRA': 12.651960350371082, 'WealthShare': 0.8524513107467402}, {'CRRA': 1.831190042530342, 'WealthShare': 0.5237288040771163}, {'CRRA': 4.7933016204619205, 'WealthShare': 0.7259227700441648}, {'CRRA': 14.33426404930951, 'WealthShare': 0.873026712960879}, {'CRRA': 16.366145300235765, 'WealthShare': 0.8869234447192021}, {'CRRA': 1.3017325055194742, 'WealthShare': 0.4752189285545389}, {'CRRA': 16.797548723911266, 'WealthShare': 0.9014492499259814}, {'CRRA': 12.982814944445716, 'WealthShare': 0.8856584095795461}, {'CRRA': 3.152374679227811, 'WealthShare': 0.707995363572559}, {'CRRA': 16.250284823167643, 'WealthShare': 0.9145783489395557}, {'CRRA': 3.146790527563749, 'WealthShare': 0.7370653919518352}, {'CRRA': 17.83876811373179, 'WealthShare': 0.9285700686046757}, {'CRRA': 16.959822490002846, 'WealthShare': 0.9262708498861858}, {'CRRA': 9.15266920279755, 'WealthShare': 0.8897538903201323}, {'CRRA': 12.933978427695065, 'WealthShare': 0.9150917467454027}, {'CRRA': 3.044116965662057, 'WealthShare': 0.7738559548752824}, {'CRRA': 18.726720538990627, 'WealthShare': 0.9445616499707489}, {'CRRA': 13.700833891358945, 'WealthShare': 0.9338840272621508}, {'CRRA': 4.304638091621998, 'WealthShare': 0.8362437160365316}, {'CRRA': 9.972902493919818, 'WealthShare': 0.9245809645265946}, {'CRRA': 5.312411268013793, 'WealthShare': 0.8787897955021399}, {'CRRA': 10.153970365971002, 'WealthShare': 0.9298262523644539}, {'CRRA': 6.483495926357374, 'WealthShare': 0.9168052847444949}, {'CRRA': 16.026357869862192, 'WealthShare': 0.9633582408184129}, {'CRRA': 4.585987925720666, 'WealthShare': 0.8983044867665684}, {'CRRA': 5.5747128633346605, 'WealthShare': 0.9151267779307912}, {'CRRA': 3.2005803088323423, 'WealthShare': 0.864867423858017}, {'CRRA': 9.032426946633205, 'WealthShare': 0.9477886303038559}, {'CRRA': 17.8607112269579, 'WealthShare': 0.9701064073606002}, {'CRRA': 2.7350154702432694, 'WealthShare': 0.8520342842533075}, {'CRRA': 1.9492714338533257, 'WealthShare': 0.8081325096809372}, {'CRRA': 8.204334936482823, 'WealthShare': 0.952808673770882}, {'CRRA': 2.5207310186708924, 'WealthShare': 0.85410347474197}, {'CRRA': 7.463971835015418, 'WealthShare': 0.951514571812652}, {'CRRA': 18.43822335128516, 'WealthShare': 0.9792714665934525}, {'CRRA': 5.54407859284302, 'WealthShare': 0.9455959702601273}, {'CRRA': 14.3750662443248, 'WealthShare': 0.9817003403207682}, {'CRRA': 2.3734299687822826, 'WealthShare': 0.9139046929998804}, {'CRRA': 13.422654081520351, 'WealthShare': 0.9898522010685578}, {'CRRA': 8.199368226188714, 'WealthShare': 0.9850167690746682}, {'CRRA': 7.332978948189501, 'WealthShare': 0.9841991796459048}, {'CRRA': 1.300151521582316, 'WealthShare': 0.8678610973603367}, {'CRRA': 3.589834589119243, 'WealthShare': 0.971413849231251}, {'CRRA': 1.8366264573780058, 'WealthShare': 0.9202067046241938}, {'CRRA': 2.087271026513066, 'WealthShare': 0.9385508138213401}], exploration_results=array([  0.52944446,   0.56707368,   0.57562795,   0.57687192,
         0.58422118,   0.62393365,   0.73327775,   0.75419178,
         0.7657061 ,   0.7886393 ,   0.8326031 ,   0.8326991 ,
         0.84900483,   0.89322028,   0.89880675,   0.91159782,
         0.92034008,   0.9204968 ,   0.94223097,   0.95739353,
         0.99553447,   1.08822922,   1.10673107,   1.12131427,
         1.13971028,   1.16200389,   1.22441003,   1.26172627,
         1.31262176,   1.33825593,   1.34207903,   1.36507324,
         1.37141808,   1.3890256 ,   1.41660111,   1.56383646,
         1.62687588,   1.63655588,   1.64171729,   1.67471384,
         1.67696155,   1.69023365,   1.80970131,   1.86978308,
         1.87053279,   1.900561  ,   1.91522067,   1.91535091,
         1.95710391,   2.04262264,   2.10995168,   2.15819429,
         2.19720111,   2.20410776,   2.30064366,   2.31644467,
         2.36015006,   2.38809782,   2.39912414,   2.42752883,
         2.45978291,   2.48237549,   2.48440366,   2.49969632,
         2.5154115 ,   2.59665252,   2.60087973,   2.61803512,
         2.66851657,   2.69978256,   2.75796735,   2.78154757,
         2.79599918,   2.80298855,   2.80399711,   2.80889154,
         2.82515028,   2.83429038,   2.84297302,   2.86111022,
         2.87483671,   2.90499126,   2.91257389,   2.91651743,
         2.92275708,   2.93077878,   2.96659756,   3.01260563,
         3.03030833,   3.03049423,   3.03229605,   3.04658951,
         3.08272532,   3.09217061,   3.13295602,   3.1382045 ,
         3.14376471,   3.15170194,   3.15310485,   3.15457727,
         3.15799398,   3.15863159,   3.20206992,   3.24822731,
         3.30431602,   3.30797605,   3.31596743,   3.36176411,
         3.38412756,   3.39670248,   3.53642616,   3.61706955,
         3.7902664 ,   3.81849641,   3.82665987,   3.87885991,
         4.01045731,   4.21607597,   4.5493583 ,   4.67468729,
         5.08718061,   5.48521787,   5.50288457,   5.54674013,
         5.62259455,   5.62293926,   5.67264925,   6.60572025,
         6.67894366,   7.45536898,   7.68943844,   8.05312638,
         8.19086497,   8.59163594,   8.70049831,   8.82245965,
         8.87308374,   8.89662916,   9.89612387,  10.53293772,
        10.69907028,  10.95445116,  11.01922597,  11.82853133,
        12.1901709 ,  13.36612908,  14.20861366,  14.42091028,
        15.20622113,  15.72077439,  16.10267102,  17.33191142,
        17.46352363,  18.22656821,  18.38149114,  18.47042818,
        19.51443297,  19.99491529,  20.90617915,  21.99777715,
        23.65687887,  27.0594182 ,  28.22745827,  32.12858942,
        35.36590622,  40.30822591,  42.27706558,  42.35674377,
        44.92305058,  45.32416407,  56.20710561,  57.56809476,
        60.43643444,  61.35129031,  69.23206401,  73.41663692,
        74.29639106,  93.94432085, 102.92538951, 106.44456233,
       106.47274109, 112.26863652, 112.45488508, 115.50839597,
       119.64272029, 125.37898033, 132.21831749, 132.84750897,
       138.8276453 , 149.75715309, 158.97864394, 179.80358017,
       228.33283555, 233.4771127 , 243.89561354, 250.75644393,
       274.16597841, 293.63340401, 296.50475013, 308.7253437 ]))"
algorithm_output,"{'states': [State(trustregion=Region(center=array([4.36528527, 0.26660889]), radius=0.43652852669601727, bounds=Bounds(lower=array([1.1 , 0.01]), upper=array([20.  ,  0.99]))), model_indices=[0], model=ScalarModel(intercept=0.5142757393760654, linear_terms=array([0., 0.]), square_terms=array([[0., 0.],
       [0., 0.]]), scale=0.43652852669601727, shift=array([4.36528527, 0.26660889])), vector_model=VectorModel(intercepts=array([ 0.06008199,  0.14140381,  0.15556174,  0.18794766,  0.20551348,
        0.21686022,  0.2239896 ,  0.31421077,  0.20440676,  0.22872122,
       -0.1341839 , -0.19554401, -0.12675784, -0.09038691, -0.07970231,
       -0.08192454, -0.07309894]), linear_terms=array([[0., 0.],
       [0., 0.],
       [0., 0.],
       [0., 0.],
       [0., 0.],
       [0., 0.],
       [0., 0.],
       [0., 0.],
       [0., 0.],
       [0., 0.],
       [0., 0.],
       [0., 0.],
       [0., 0.],
       [0., 0.],
       [0., 0.],
       [0., 0.],
       [0., 0.]]), square_terms=array([[[0., 0.],
        [0., 0.]],

       [[0., 0.],
        [0., 0.]],

       [[0., 0.],
        [0., 0.]],

       [[0., 0.],
        [0., 0.]],

       [[0., 0.],
        [0., 0.]],

       [[0., 0.],
        [0., 0.]],

       [[0., 0.],
        [0., 0.]],

       [[0., 0.],
        [0., 0.]],

       [[0., 0.],
        [0., 0.]],

       [[0., 0.],
        [0., 0.]],

       [[0., 0.],
        [0., 0.]],

       [[0., 0.],
        [0., 0.]],

       [[0., 0.],
        [0., 0.]],

       [[0., 0.],
        [0., 0.]],

       [[0., 0.],
        [0., 0.]],

       [[0., 0.],
        [0., 0.]],

       [[0., 0.],
        [0., 0.]]]), scale=0.43652852669601727, shift=array([4.36528527, 0.26660889])), candidate_index=0, candidate_x=array([4.36528527, 0.26660889]), index=0, x=array([4.36528527, 0.26660889]), fval=0.5142757393760654, rho=nan, accepted=True, new_indices=[0], old_indices_used=[], old_indices_discarded=[], step_length=None, relative_step_length=None, n_evals_per_point=None, n_evals_acceptance=None), State(trustregion=Region(center=array([4.36528527, 0.26660889]), radius=0.43652852669601727, bounds=Bounds(lower=array([1.1 , 0.01]), upper=array([20.  ,  0.99]))), model_indices=array([ 0,  1,  2,  3,  4,  5,  6,  7,  8,  9, 10, 11, 12]), model=ScalarModel(intercept=1.617459188024692, linear_terms=array([0.03014397, 4.93330756]), square_terms=array([[ 0.0272619 ,  0.1559486 ],
       [ 0.1559486 , 10.30042437]]), scale=array([0.38686333, 0.32173611]), shift=array([4.36528527, 0.33173611])), vector_model=VectorModel(intercepts=array([ 0.06008199,  0.14140381,  0.15556174,  0.18794766,  0.20551348,
        0.21686022,  0.2239896 ,  0.31421077,  0.20440676,  0.22872122,
       -0.1341839 , -0.19554401, -0.12675784, -0.09038691, -0.07970231,
       -0.08192454, -0.07309894]), linear_terms=array([[0., 0.],
       [0., 0.],
       [0., 0.],
       [0., 0.],
       [0., 0.],
       [0., 0.],
       [0., 0.],
       [0., 0.],
       [0., 0.],
       [0., 0.],
       [0., 0.],
       [0., 0.],
       [0., 0.],
       [0., 0.],
       [0., 0.],
       [0., 0.],
       [0., 0.]]), square_terms=array([[[0., 0.],
        [0., 0.]],

       [[0., 0.],
        [0., 0.]],

       [[0., 0.],
        [0., 0.]],

       [[0., 0.],
        [0., 0.]],

       [[0., 0.],
        [0., 0.]],

       [[0., 0.],
        [0., 0.]],

       [[0., 0.],
        [0., 0.]],

       [[0., 0.],
        [0., 0.]],

       [[0., 0.],
        [0., 0.]],

       [[0., 0.],
        [0., 0.]],

       [[0., 0.],
        [0., 0.]],

       [[0., 0.],
        [0., 0.]],

       [[0., 0.],
        [0., 0.]],

       [[0., 0.],
        [0., 0.]],

       [[0., 0.],
        [0., 0.]],

       [[0., 0.],
        [0., 0.]],

       [[0., 0.],
        [0., 0.]]]), scale=0.43652852669601727, shift=array([4.36528527, 0.26660889])), candidate_index=13, candidate_x=array([4.7521486 , 0.17277203]), index=13, x=array([4.7521486 , 0.17277203]), fval=0.4884274582030445, rho=0.06069209811550196, accepted=True, new_indices=array([ 1,  2,  3,  4,  5,  6,  7,  8,  9, 10, 11, 12]), old_indices_used=array([0]), old_indices_discarded=array([], dtype=int32), step_length=0.39808114161514757, relative_step_length=0.9119246905308366, n_evals_per_point=1, n_evals_acceptance=1), State(trustregion=Region(center=array([4.7521486 , 0.17277203]), radius=0.21826426334800864, bounds=Bounds(lower=array([1.1 , 0.01]), upper=array([20.  ,  0.99]))), model_indices=array([ 0,  1,  2,  4,  6,  8,  9, 10, 13]), model=ScalarModel(intercept=0.41495322099684656, linear_terms=array([0.00056241, 0.22103434]), square_terms=array([[2.75060022e-03, 6.42476402e-02],
       [6.42476402e-02, 3.04191252e+00]]), scale=array([0.19343167, 0.17810185]), shift=array([4.7521486 , 0.18810185])), vector_model=VectorModel(intercepts=array([ 0.06008199,  0.14140381,  0.15556174,  0.18794766,  0.20551348,
        0.21686022,  0.2239896 ,  0.31421077,  0.20440676,  0.22872122,
       -0.1341839 , -0.19554401, -0.12675784, -0.09038691, -0.07970231,
       -0.08192454, -0.07309894]), linear_terms=array([[0., 0.],
       [0., 0.],
       [0., 0.],
       [0., 0.],
       [0., 0.],
       [0., 0.],
       [0., 0.],
       [0., 0.],
       [0., 0.],
       [0., 0.],
       [0., 0.],
       [0., 0.],
       [0., 0.],
       [0., 0.],
       [0., 0.],
       [0., 0.],
       [0., 0.]]), square_terms=array([[[0., 0.],
        [0., 0.]],

       [[0., 0.],
        [0., 0.]],

       [[0., 0.],
        [0., 0.]],

       [[0., 0.],
        [0., 0.]],

       [[0., 0.],
        [0., 0.]],

       [[0., 0.],
        [0., 0.]],

       [[0., 0.],
        [0., 0.]],

       [[0., 0.],
        [0., 0.]],

       [[0., 0.],
        [0., 0.]],

       [[0., 0.],
        [0., 0.]],

       [[0., 0.],
        [0., 0.]],

       [[0., 0.],
        [0., 0.]],

       [[0., 0.],
        [0., 0.]],

       [[0., 0.],
        [0., 0.]],

       [[0., 0.],
        [0., 0.]],

       [[0., 0.],
        [0., 0.]],

       [[0., 0.],
        [0., 0.]]]), scale=0.43652852669601727, shift=array([4.36528527, 0.26660889])), candidate_index=14, candidate_x=array([4.94558027, 0.17139879]), index=13, x=array([4.7521486 , 0.17277203]), fval=0.4884274582030445, rho=-3.6566069254746645, accepted=False, new_indices=array([], dtype=int32), old_indices_used=array([ 0,  1,  2,  4,  6,  8,  9, 10, 13]), old_indices_discarded=array([ 3,  5,  7, 11, 12]), step_length=0.0, relative_step_length=0.0, n_evals_per_point=1, n_evals_acceptance=1), State(trustregion=Region(center=array([4.7521486 , 0.17277203]), radius=0.10913213167400432, bounds=Bounds(lower=array([1.1 , 0.01]), upper=array([20.  ,  0.99]))), model_indices=array([ 0,  1,  2,  4,  6,  8,  9, 13, 14]), model=ScalarModel(intercept=0.4070378653961399, linear_terms=array([ 0.00104991, -0.07436939]), square_terms=array([[0.00319697, 0.04541799],
       [0.04541799, 1.07764264]]), scale=0.10913213167400432, shift=array([4.7521486 , 0.17277203])), vector_model=VectorModel(intercepts=array([ 0.06008199,  0.14140381,  0.15556174,  0.18794766,  0.20551348,
        0.21686022,  0.2239896 ,  0.31421077,  0.20440676,  0.22872122,
       -0.1341839 , -0.19554401, -0.12675784, -0.09038691, -0.07970231,
       -0.08192454, -0.07309894]), linear_terms=array([[0., 0.],
       [0., 0.],
       [0., 0.],
       [0., 0.],
       [0., 0.],
       [0., 0.],
       [0., 0.],
       [0., 0.],
       [0., 0.],
       [0., 0.],
       [0., 0.],
       [0., 0.],
       [0., 0.],
       [0., 0.],
       [0., 0.],
       [0., 0.],
       [0., 0.]]), square_terms=array([[[0., 0.],
        [0., 0.]],

       [[0., 0.],
        [0., 0.]],

       [[0., 0.],
        [0., 0.]],

       [[0., 0.],
        [0., 0.]],

       [[0., 0.],
        [0., 0.]],

       [[0., 0.],
        [0., 0.]],

       [[0., 0.],
        [0., 0.]],

       [[0., 0.],
        [0., 0.]],

       [[0., 0.],
        [0., 0.]],

       [[0., 0.],
        [0., 0.]],

       [[0., 0.],
        [0., 0.]],

       [[0., 0.],
        [0., 0.]],

       [[0., 0.],
        [0., 0.]],

       [[0., 0.],
        [0., 0.]],

       [[0., 0.],
        [0., 0.]],

       [[0., 0.],
        [0., 0.]],

       [[0., 0.],
        [0., 0.]]]), scale=0.43652852669601727, shift=array([4.36528527, 0.26660889])), candidate_index=15, candidate_x=array([4.64348675, 0.18485043]), index=15, x=array([4.64348675, 0.18485043]), fval=0.4639368094715128, rho=4.01719820301243, accepted=True, new_indices=array([], dtype=int32), old_indices_used=array([ 0,  1,  2,  4,  6,  8,  9, 13, 14]), old_indices_discarded=array([], dtype=int32), step_length=0.10933108523167555, relative_step_length=1.0018230520619311, n_evals_per_point=1, n_evals_acceptance=1), State(trustregion=Region(center=array([4.64348675, 0.18485043]), radius=0.21826426334800864, bounds=Bounds(lower=array([1.1 , 0.01]), upper=array([20.  ,  0.99]))), model_indices=array([ 0,  1,  2,  4,  6,  8, 13, 14, 15]), model=ScalarModel(intercept=0.40090677897368593, linear_terms=array([0.01191416, 0.07100462]), square_terms=array([[0.00987996, 0.13657577],
       [0.13657577, 2.92515273]]), scale=array([0.19343167, 0.18414105]), shift=array([4.64348675, 0.19414105])), vector_model=VectorModel(intercepts=array([ 0.06008199,  0.14140381,  0.15556174,  0.18794766,  0.20551348,
        0.21686022,  0.2239896 ,  0.31421077,  0.20440676,  0.22872122,
       -0.1341839 , -0.19554401, -0.12675784, -0.09038691, -0.07970231,
       -0.08192454, -0.07309894]), linear_terms=array([[0., 0.],
       [0., 0.],
       [0., 0.],
       [0., 0.],
       [0., 0.],
       [0., 0.],
       [0., 0.],
       [0., 0.],
       [0., 0.],
       [0., 0.],
       [0., 0.],
       [0., 0.],
       [0., 0.],
       [0., 0.],
       [0., 0.],
       [0., 0.],
       [0., 0.]]), square_terms=array([[[0., 0.],
        [0., 0.]],

       [[0., 0.],
        [0., 0.]],

       [[0., 0.],
        [0., 0.]],

       [[0., 0.],
        [0., 0.]],

       [[0., 0.],
        [0., 0.]],

       [[0., 0.],
        [0., 0.]],

       [[0., 0.],
        [0., 0.]],

       [[0., 0.],
        [0., 0.]],

       [[0., 0.],
        [0., 0.]],

       [[0., 0.],
        [0., 0.]],

       [[0., 0.],
        [0., 0.]],

       [[0., 0.],
        [0., 0.]],

       [[0., 0.],
        [0., 0.]],

       [[0., 0.],
        [0., 0.]],

       [[0., 0.],
        [0., 0.]],

       [[0., 0.],
        [0., 0.]],

       [[0., 0.],
        [0., 0.]]]), scale=0.43652852669601727, shift=array([4.36528527, 0.26660889])), candidate_index=16, candidate_x=array([4.45005508, 0.19826881]), index=16, x=array([4.45005508, 0.19826881]), fval=0.44211150015359435, rho=2.7803733912440767, accepted=True, new_indices=array([], dtype=int32), old_indices_used=array([ 0,  1,  2,  4,  6,  8, 13, 14, 15]), old_indices_discarded=array([ 3,  5,  7,  9, 10, 11, 12]), step_length=0.1938965261311929, relative_step_length=0.8883567248113223, n_evals_per_point=1, n_evals_acceptance=1), State(trustregion=Region(center=array([4.45005508, 0.19826881]), radius=0.43652852669601727, bounds=Bounds(lower=array([1.1 , 0.01]), upper=array([20.  ,  0.99]))), model_indices=array([ 0,  1,  2,  4,  6, 10, 13, 15, 16]), model=ScalarModel(intercept=0.9926629005448807, linear_terms=array([0.24727258, 3.15679525]), square_terms=array([[0.06001844, 0.6054353 ],
       [0.6054353 , 8.42765885]]), scale=array([0.38686333, 0.28756607]), shift=array([4.45005508, 0.29756607])), vector_model=VectorModel(intercepts=array([ 0.06008199,  0.14140381,  0.15556174,  0.18794766,  0.20551348,
        0.21686022,  0.2239896 ,  0.31421077,  0.20440676,  0.22872122,
       -0.1341839 , -0.19554401, -0.12675784, -0.09038691, -0.07970231,
       -0.08192454, -0.07309894]), linear_terms=array([[0., 0.],
       [0., 0.],
       [0., 0.],
       [0., 0.],
       [0., 0.],
       [0., 0.],
       [0., 0.],
       [0., 0.],
       [0., 0.],
       [0., 0.],
       [0., 0.],
       [0., 0.],
       [0., 0.],
       [0., 0.],
       [0., 0.],
       [0., 0.],
       [0., 0.]]), square_terms=array([[[0., 0.],
        [0., 0.]],

       [[0., 0.],
        [0., 0.]],

       [[0., 0.],
        [0., 0.]],

       [[0., 0.],
        [0., 0.]],

       [[0., 0.],
        [0., 0.]],

       [[0., 0.],
        [0., 0.]],

       [[0., 0.],
        [0., 0.]],

       [[0., 0.],
        [0., 0.]],

       [[0., 0.],
        [0., 0.]],

       [[0., 0.],
        [0., 0.]],

       [[0., 0.],
        [0., 0.]],

       [[0., 0.],
        [0., 0.]],

       [[0., 0.],
        [0., 0.]],

       [[0., 0.],
        [0., 0.]],

       [[0., 0.],
        [0., 0.]],

       [[0., 0.],
        [0., 0.]],

       [[0., 0.],
        [0., 0.]]]), scale=0.43652852669601727, shift=array([4.36528527, 0.26660889])), candidate_index=17, candidate_x=array([4.06319175, 0.21050933]), index=17, x=array([4.06319175, 0.21050933]), fval=0.43279953627482276, rho=0.5878784904036408, accepted=True, new_indices=array([], dtype=int32), old_indices_used=array([ 0,  1,  2,  4,  6, 10, 13, 15, 16]), old_indices_discarded=array([ 3,  5,  7,  8,  9, 11, 12, 14]), step_length=0.3870569331012358, relative_step_length=0.886670422276362, n_evals_per_point=1, n_evals_acceptance=1), State(trustregion=Region(center=array([4.06319175, 0.21050933]), radius=0.8730570533920345, bounds=Bounds(lower=array([1.1 , 0.01]), upper=array([20.  ,  0.99]))), model_indices=array([ 1,  2,  3,  5,  9, 10, 12, 16, 17]), model=ScalarModel(intercept=5.465859248578515, linear_terms=array([ 0.32300414, 15.80118983]), square_terms=array([[ 0.04481099,  0.63274803],
       [ 0.63274803, 24.86456049]]), scale=array([0.77372667, 0.487118  ]), shift=array([4.06319175, 0.497118  ])), vector_model=VectorModel(intercepts=array([ 0.06008199,  0.14140381,  0.15556174,  0.18794766,  0.20551348,
        0.21686022,  0.2239896 ,  0.31421077,  0.20440676,  0.22872122,
       -0.1341839 , -0.19554401, -0.12675784, -0.09038691, -0.07970231,
       -0.08192454, -0.07309894]), linear_terms=array([[0., 0.],
       [0., 0.],
       [0., 0.],
       [0., 0.],
       [0., 0.],
       [0., 0.],
       [0., 0.],
       [0., 0.],
       [0., 0.],
       [0., 0.],
       [0., 0.],
       [0., 0.],
       [0., 0.],
       [0., 0.],
       [0., 0.],
       [0., 0.],
       [0., 0.]]), square_terms=array([[[0., 0.],
        [0., 0.]],

       [[0., 0.],
        [0., 0.]],

       [[0., 0.],
        [0., 0.]],

       [[0., 0.],
        [0., 0.]],

       [[0., 0.],
        [0., 0.]],

       [[0., 0.],
        [0., 0.]],

       [[0., 0.],
        [0., 0.]],

       [[0., 0.],
        [0., 0.]],

       [[0., 0.],
        [0., 0.]],

       [[0., 0.],
        [0., 0.]],

       [[0., 0.],
        [0., 0.]],

       [[0., 0.],
        [0., 0.]],

       [[0., 0.],
        [0., 0.]],

       [[0., 0.],
        [0., 0.]],

       [[0., 0.],
        [0., 0.]],

       [[0., 0.],
        [0., 0.]],

       [[0., 0.],
        [0., 0.]]]), scale=0.43652852669601727, shift=array([4.36528527, 0.26660889])), candidate_index=18, candidate_x=array([4.83691841, 0.1751631 ]), index=17, x=array([4.06319175, 0.21050933]), fval=0.43279953627482276, rho=-0.6089067856467673, accepted=False, new_indices=array([], dtype=int32), old_indices_used=array([ 1,  2,  3,  5,  9, 10, 12, 16, 17]), old_indices_discarded=array([ 0,  4,  6,  7,  8, 11, 13, 14, 15]), step_length=0.0, relative_step_length=0.0, n_evals_per_point=1, n_evals_acceptance=1), State(trustregion=Region(center=array([4.06319175, 0.21050933]), radius=0.43652852669601727, bounds=Bounds(lower=array([1.1 , 0.01]), upper=array([20.  ,  0.99]))), model_indices=array([ 0,  1,  3,  5,  7, 11, 12, 16, 17]), model=ScalarModel(intercept=1.125262846263882, linear_terms=array([-0.30588907,  3.49515542]), square_terms=array([[ 0.27401633, -0.4117618 ],
       [-0.4117618 ,  8.97742958]]), scale=array([0.38686333, 0.29368633]), shift=array([4.06319175, 0.30368633])), vector_model=VectorModel(intercepts=array([ 0.06008199,  0.14140381,  0.15556174,  0.18794766,  0.20551348,
        0.21686022,  0.2239896 ,  0.31421077,  0.20440676,  0.22872122,
       -0.1341839 , -0.19554401, -0.12675784, -0.09038691, -0.07970231,
       -0.08192454, -0.07309894]), linear_terms=array([[0., 0.],
       [0., 0.],
       [0., 0.],
       [0., 0.],
       [0., 0.],
       [0., 0.],
       [0., 0.],
       [0., 0.],
       [0., 0.],
       [0., 0.],
       [0., 0.],
       [0., 0.],
       [0., 0.],
       [0., 0.],
       [0., 0.],
       [0., 0.],
       [0., 0.]]), square_terms=array([[[0., 0.],
        [0., 0.]],

       [[0., 0.],
        [0., 0.]],

       [[0., 0.],
        [0., 0.]],

       [[0., 0.],
        [0., 0.]],

       [[0., 0.],
        [0., 0.]],

       [[0., 0.],
        [0., 0.]],

       [[0., 0.],
        [0., 0.]],

       [[0., 0.],
        [0., 0.]],

       [[0., 0.],
        [0., 0.]],

       [[0., 0.],
        [0., 0.]],

       [[0., 0.],
        [0., 0.]],

       [[0., 0.],
        [0., 0.]],

       [[0., 0.],
        [0., 0.]],

       [[0., 0.],
        [0., 0.]],

       [[0., 0.],
        [0., 0.]],

       [[0., 0.],
        [0., 0.]],

       [[0., 0.],
        [0., 0.]]]), scale=0.43652852669601727, shift=array([4.36528527, 0.26660889])), candidate_index=19, candidate_x=array([4.28393859, 0.19703258]), index=17, x=array([4.06319175, 0.21050933]), fval=0.43279953627482276, rho=-0.10358289215042747, accepted=False, new_indices=array([], dtype=int32), old_indices_used=array([ 0,  1,  3,  5,  7, 11, 12, 16, 17]), old_indices_discarded=array([ 2,  4,  6,  8,  9, 10, 13, 14, 15, 18]), step_length=0.0, relative_step_length=0.0, n_evals_per_point=1, n_evals_acceptance=1), State(trustregion=Region(center=array([4.06319175, 0.21050933]), radius=0.21826426334800864, bounds=Bounds(lower=array([1.1 , 0.01]), upper=array([20.  ,  0.99]))), model_indices=array([ 0,  1,  3,  5,  7, 11, 16, 17, 19]), model=ScalarModel(intercept=0.4169677177778695, linear_terms=array([-0.02860915,  0.03649257]), square_terms=array([[0.04319285, 0.04271303],
       [0.04271303, 2.97757246]]), scale=array([0.19343167, 0.19343167]), shift=array([4.06319175, 0.21050933])), vector_model=VectorModel(intercepts=array([ 0.06008199,  0.14140381,  0.15556174,  0.18794766,  0.20551348,
        0.21686022,  0.2239896 ,  0.31421077,  0.20440676,  0.22872122,
       -0.1341839 , -0.19554401, -0.12675784, -0.09038691, -0.07970231,
       -0.08192454, -0.07309894]), linear_terms=array([[0., 0.],
       [0., 0.],
       [0., 0.],
       [0., 0.],
       [0., 0.],
       [0., 0.],
       [0., 0.],
       [0., 0.],
       [0., 0.],
       [0., 0.],
       [0., 0.],
       [0., 0.],
       [0., 0.],
       [0., 0.],
       [0., 0.],
       [0., 0.],
       [0., 0.]]), square_terms=array([[[0., 0.],
        [0., 0.]],

       [[0., 0.],
        [0., 0.]],

       [[0., 0.],
        [0., 0.]],

       [[0., 0.],
        [0., 0.]],

       [[0., 0.],
        [0., 0.]],

       [[0., 0.],
        [0., 0.]],

       [[0., 0.],
        [0., 0.]],

       [[0., 0.],
        [0., 0.]],

       [[0., 0.],
        [0., 0.]],

       [[0., 0.],
        [0., 0.]],

       [[0., 0.],
        [0., 0.]],

       [[0., 0.],
        [0., 0.]],

       [[0., 0.],
        [0., 0.]],

       [[0., 0.],
        [0., 0.]],

       [[0., 0.],
        [0., 0.]],

       [[0., 0.],
        [0., 0.]],

       [[0., 0.],
        [0., 0.]]]), scale=0.43652852669601727, shift=array([4.36528527, 0.26660889])), candidate_index=20, candidate_x=array([4.19553454, 0.20624022]), index=17, x=array([4.06319175, 0.21050933]), fval=0.43279953627482276, rho=-0.016521863005571333, accepted=False, new_indices=array([], dtype=int32), old_indices_used=array([ 0,  1,  3,  5,  7, 11, 16, 17, 19]), old_indices_discarded=array([ 2,  4,  6,  8,  9, 10, 12, 13, 14, 15, 18]), step_length=0.0, relative_step_length=0.0, n_evals_per_point=1, n_evals_acceptance=1), State(trustregion=Region(center=array([4.06319175, 0.21050933]), radius=0.10913213167400432, bounds=Bounds(lower=array([1.1 , 0.01]), upper=array([20.  ,  0.99]))), model_indices=array([ 0,  1,  3,  5,  7, 11, 17, 19, 20]), model=ScalarModel(intercept=0.41435178436493364, linear_terms=array([-0.01248859,  0.01807286]), square_terms=array([[0.01442092, 0.01534087],
       [0.01534087, 0.94704042]]), scale=0.10913213167400432, shift=array([4.06319175, 0.21050933])), vector_model=VectorModel(intercepts=array([ 0.06008199,  0.14140381,  0.15556174,  0.18794766,  0.20551348,
        0.21686022,  0.2239896 ,  0.31421077,  0.20440676,  0.22872122,
       -0.1341839 , -0.19554401, -0.12675784, -0.09038691, -0.07970231,
       -0.08192454, -0.07309894]), linear_terms=array([[0., 0.],
       [0., 0.],
       [0., 0.],
       [0., 0.],
       [0., 0.],
       [0., 0.],
       [0., 0.],
       [0., 0.],
       [0., 0.],
       [0., 0.],
       [0., 0.],
       [0., 0.],
       [0., 0.],
       [0., 0.],
       [0., 0.],
       [0., 0.],
       [0., 0.]]), square_terms=array([[[0., 0.],
        [0., 0.]],

       [[0., 0.],
        [0., 0.]],

       [[0., 0.],
        [0., 0.]],

       [[0., 0.],
        [0., 0.]],

       [[0., 0.],
        [0., 0.]],

       [[0., 0.],
        [0., 0.]],

       [[0., 0.],
        [0., 0.]],

       [[0., 0.],
        [0., 0.]],

       [[0., 0.],
        [0., 0.]],

       [[0., 0.],
        [0., 0.]],

       [[0., 0.],
        [0., 0.]],

       [[0., 0.],
        [0., 0.]],

       [[0., 0.],
        [0., 0.]],

       [[0., 0.],
        [0., 0.]],

       [[0., 0.],
        [0., 0.]],

       [[0., 0.],
        [0., 0.]],

       [[0., 0.],
        [0., 0.]]]), scale=0.43652852669601727, shift=array([4.36528527, 0.26660889])), candidate_index=21, candidate_x=array([4.17225033, 0.20650343]), index=21, x=array([4.17225033, 0.20650343]), fval=0.4325978025001873, rho=0.03438132992671233, accepted=True, new_indices=array([], dtype=int32), old_indices_used=array([ 0,  1,  3,  5,  7, 11, 17, 19, 20]), old_indices_discarded=array([10, 12, 16]), step_length=0.10913213167400437, relative_step_length=1.0000000000000004, n_evals_per_point=1, n_evals_acceptance=1), State(trustregion=Region(center=array([4.17225033, 0.20650343]), radius=0.05456606583700216, bounds=Bounds(lower=array([1.1 , 0.01]), upper=array([20.  ,  0.99]))), model_indices=array([ 0, 17, 19, 20, 21]), model=ScalarModel(intercept=0.43292340705761634, linear_terms=array([-0.00048919, -0.02846644]), square_terms=array([[0.0002862 , 0.00168702],
       [0.00168702, 0.1748031 ]]), scale=0.05456606583700216, shift=array([4.17225033, 0.20650343])), vector_model=VectorModel(intercepts=array([ 0.06008199,  0.14140381,  0.15556174,  0.18794766,  0.20551348,
        0.21686022,  0.2239896 ,  0.31421077,  0.20440676,  0.22872122,
       -0.1341839 , -0.19554401, -0.12675784, -0.09038691, -0.07970231,
       -0.08192454, -0.07309894]), linear_terms=array([[0., 0.],
       [0., 0.],
       [0., 0.],
       [0., 0.],
       [0., 0.],
       [0., 0.],
       [0., 0.],
       [0., 0.],
       [0., 0.],
       [0., 0.],
       [0., 0.],
       [0., 0.],
       [0., 0.],
       [0., 0.],
       [0., 0.],
       [0., 0.],
       [0., 0.]]), square_terms=array([[[0., 0.],
        [0., 0.]],

       [[0., 0.],
        [0., 0.]],

       [[0., 0.],
        [0., 0.]],

       [[0., 0.],
        [0., 0.]],

       [[0., 0.],
        [0., 0.]],

       [[0., 0.],
        [0., 0.]],

       [[0., 0.],
        [0., 0.]],

       [[0., 0.],
        [0., 0.]],

       [[0., 0.],
        [0., 0.]],

       [[0., 0.],
        [0., 0.]],

       [[0., 0.],
        [0., 0.]],

       [[0., 0.],
        [0., 0.]],

       [[0., 0.],
        [0., 0.]],

       [[0., 0.],
        [0., 0.]],

       [[0., 0.],
        [0., 0.]],

       [[0., 0.],
        [0., 0.]],

       [[0., 0.],
        [0., 0.]]]), scale=0.43652852669601727, shift=array([4.36528527, 0.26660889])), candidate_index=22, candidate_x=array([4.22617382, 0.21485286]), index=22, x=array([4.22617382, 0.21485286]), fval=0.43178124783084576, rho=0.3405161421699411, accepted=True, new_indices=array([], dtype=int32), old_indices_used=array([ 0, 17, 19, 20, 21]), old_indices_discarded=array([], dtype=int32), step_length=0.0545660658370025, relative_step_length=1.0000000000000062, n_evals_per_point=1, n_evals_acceptance=1), State(trustregion=Region(center=array([4.22617382, 0.21485286]), radius=0.10913213167400432, bounds=Bounds(lower=array([1.1 , 0.01]), upper=array([20.  ,  0.99]))), model_indices=array([ 0,  1, 11, 16, 17, 19, 20, 21, 22]), model=ScalarModel(intercept=0.42743493529750476, linear_terms=array([0.00996289, 0.06636352]), square_terms=array([[0.00247344, 0.03369868],
       [0.03369868, 0.86694527]]), scale=0.10913213167400432, shift=array([4.22617382, 0.21485286])), vector_model=VectorModel(intercepts=array([ 0.06008199,  0.14140381,  0.15556174,  0.18794766,  0.20551348,
        0.21686022,  0.2239896 ,  0.31421077,  0.20440676,  0.22872122,
       -0.1341839 , -0.19554401, -0.12675784, -0.09038691, -0.07970231,
       -0.08192454, -0.07309894]), linear_terms=array([[0., 0.],
       [0., 0.],
       [0., 0.],
       [0., 0.],
       [0., 0.],
       [0., 0.],
       [0., 0.],
       [0., 0.],
       [0., 0.],
       [0., 0.],
       [0., 0.],
       [0., 0.],
       [0., 0.],
       [0., 0.],
       [0., 0.],
       [0., 0.],
       [0., 0.]]), square_terms=array([[[0., 0.],
        [0., 0.]],

       [[0., 0.],
        [0., 0.]],

       [[0., 0.],
        [0., 0.]],

       [[0., 0.],
        [0., 0.]],

       [[0., 0.],
        [0., 0.]],

       [[0., 0.],
        [0., 0.]],

       [[0., 0.],
        [0., 0.]],

       [[0., 0.],
        [0., 0.]],

       [[0., 0.],
        [0., 0.]],

       [[0., 0.],
        [0., 0.]],

       [[0., 0.],
        [0., 0.]],

       [[0., 0.],
        [0., 0.]],

       [[0., 0.],
        [0., 0.]],

       [[0., 0.],
        [0., 0.]],

       [[0., 0.],
        [0., 0.]],

       [[0., 0.],
        [0., 0.]],

       [[0., 0.],
        [0., 0.]]]), scale=0.43652852669601727, shift=array([4.36528527, 0.26660889])), candidate_index=23, candidate_x=array([4.11682193, 0.21077871]), index=22, x=array([4.22617382, 0.21485286]), fval=0.43178124783084576, rho=-0.023661460930466297, accepted=False, new_indices=array([], dtype=int32), old_indices_used=array([ 0,  1, 11, 16, 17, 19, 20, 21, 22]), old_indices_discarded=array([ 3,  5,  7, 10, 12, 13, 15]), step_length=0.0, relative_step_length=0.0, n_evals_per_point=1, n_evals_acceptance=1), State(trustregion=Region(center=array([4.22617382, 0.21485286]), radius=0.05456606583700216, bounds=Bounds(lower=array([1.1 , 0.01]), upper=array([20.  ,  0.99]))), model_indices=array([ 0,  1, 16, 17, 19, 20, 21, 22, 23]), model=ScalarModel(intercept=0.4308668269615721, linear_terms=array([-0.00108951,  0.02538134]), square_terms=array([[1.30811858e-04, 2.57606748e-03],
       [2.57606748e-03, 1.97859559e-01]]), scale=0.05456606583700216, shift=array([4.22617382, 0.21485286])), vector_model=VectorModel(intercepts=array([ 0.06008199,  0.14140381,  0.15556174,  0.18794766,  0.20551348,
        0.21686022,  0.2239896 ,  0.31421077,  0.20440676,  0.22872122,
       -0.1341839 , -0.19554401, -0.12675784, -0.09038691, -0.07970231,
       -0.08192454, -0.07309894]), linear_terms=array([[0., 0.],
       [0., 0.],
       [0., 0.],
       [0., 0.],
       [0., 0.],
       [0., 0.],
       [0., 0.],
       [0., 0.],
       [0., 0.],
       [0., 0.],
       [0., 0.],
       [0., 0.],
       [0., 0.],
       [0., 0.],
       [0., 0.],
       [0., 0.],
       [0., 0.]]), square_terms=array([[[0., 0.],
        [0., 0.]],

       [[0., 0.],
        [0., 0.]],

       [[0., 0.],
        [0., 0.]],

       [[0., 0.],
        [0., 0.]],

       [[0., 0.],
        [0., 0.]],

       [[0., 0.],
        [0., 0.]],

       [[0., 0.],
        [0., 0.]],

       [[0., 0.],
        [0., 0.]],

       [[0., 0.],
        [0., 0.]],

       [[0., 0.],
        [0., 0.]],

       [[0., 0.],
        [0., 0.]],

       [[0., 0.],
        [0., 0.]],

       [[0., 0.],
        [0., 0.]],

       [[0., 0.],
        [0., 0.]],

       [[0., 0.],
        [0., 0.]],

       [[0., 0.],
        [0., 0.]],

       [[0., 0.],
        [0., 0.]]]), scale=0.43652852669601727, shift=array([4.36528527, 0.26660889])), candidate_index=24, candidate_x=array([4.28063875, 0.20719523]), index=22, x=array([4.22617382, 0.21485286]), fval=0.43178124783084576, rho=-0.46629580625608336, accepted=False, new_indices=array([], dtype=int32), old_indices_used=array([ 0,  1, 16, 17, 19, 20, 21, 22, 23]), old_indices_discarded=array([], dtype=int32), step_length=0.0, relative_step_length=0.0, n_evals_per_point=1, n_evals_acceptance=1), State(trustregion=Region(center=array([4.22617382, 0.21485286]), radius=0.02728303291850108, bounds=Bounds(lower=array([1.1 , 0.01]), upper=array([20.  ,  0.99]))), model_indices=array([19, 20, 21, 22, 23, 24]), model=ScalarModel(intercept=0.43178286754394185, linear_terms=array([0.00028396, 0.00287225]), square_terms=array([[8.07548399e-05, 5.71999697e-04],
       [5.71999697e-04, 4.46978362e-02]]), scale=0.02728303291850108, shift=array([4.22617382, 0.21485286])), vector_model=VectorModel(intercepts=array([ 0.06008199,  0.14140381,  0.15556174,  0.18794766,  0.20551348,
        0.21686022,  0.2239896 ,  0.31421077,  0.20440676,  0.22872122,
       -0.1341839 , -0.19554401, -0.12675784, -0.09038691, -0.07970231,
       -0.08192454, -0.07309894]), linear_terms=array([[0., 0.],
       [0., 0.],
       [0., 0.],
       [0., 0.],
       [0., 0.],
       [0., 0.],
       [0., 0.],
       [0., 0.],
       [0., 0.],
       [0., 0.],
       [0., 0.],
       [0., 0.],
       [0., 0.],
       [0., 0.],
       [0., 0.],
       [0., 0.],
       [0., 0.]]), square_terms=array([[[0., 0.],
        [0., 0.]],

       [[0., 0.],
        [0., 0.]],

       [[0., 0.],
        [0., 0.]],

       [[0., 0.],
        [0., 0.]],

       [[0., 0.],
        [0., 0.]],

       [[0., 0.],
        [0., 0.]],

       [[0., 0.],
        [0., 0.]],

       [[0., 0.],
        [0., 0.]],

       [[0., 0.],
        [0., 0.]],

       [[0., 0.],
        [0., 0.]],

       [[0., 0.],
        [0., 0.]],

       [[0., 0.],
        [0., 0.]],

       [[0., 0.],
        [0., 0.]],

       [[0., 0.],
        [0., 0.]],

       [[0., 0.],
        [0., 0.]],

       [[0., 0.],
        [0., 0.]],

       [[0., 0.],
        [0., 0.]]]), scale=0.43652852669601727, shift=array([4.36528527, 0.26660889])), candidate_index=25, candidate_x=array([4.19888259, 0.21345435]), index=25, x=array([4.19888259, 0.21345435]), fval=0.4314899468699701, rho=0.9619508584749573, accepted=True, new_indices=array([], dtype=int32), old_indices_used=array([19, 20, 21, 22, 23, 24]), old_indices_discarded=array([], dtype=int32), step_length=0.027327036592055574, relative_step_length=1.0016128585735296, n_evals_per_point=1, n_evals_acceptance=1), State(trustregion=Region(center=array([4.19888259, 0.21345435]), radius=0.05456606583700216, bounds=Bounds(lower=array([1.1 , 0.01]), upper=array([20.  ,  0.99]))), model_indices=array([ 0, 17, 19, 20, 21, 22, 23, 24, 25]), model=ScalarModel(intercept=0.43097222470270796, linear_terms=array([-3.74110779e-05, -5.55813093e-03]), square_terms=array([[0.00029451, 0.00169242],
       [0.00169242, 0.17454607]]), scale=0.05456606583700216, shift=array([4.19888259, 0.21345435])), vector_model=VectorModel(intercepts=array([ 0.06008199,  0.14140381,  0.15556174,  0.18794766,  0.20551348,
        0.21686022,  0.2239896 ,  0.31421077,  0.20440676,  0.22872122,
       -0.1341839 , -0.19554401, -0.12675784, -0.09038691, -0.07970231,
       -0.08192454, -0.07309894]), linear_terms=array([[0., 0.],
       [0., 0.],
       [0., 0.],
       [0., 0.],
       [0., 0.],
       [0., 0.],
       [0., 0.],
       [0., 0.],
       [0., 0.],
       [0., 0.],
       [0., 0.],
       [0., 0.],
       [0., 0.],
       [0., 0.],
       [0., 0.],
       [0., 0.],
       [0., 0.]]), square_terms=array([[[0., 0.],
        [0., 0.]],

       [[0., 0.],
        [0., 0.]],

       [[0., 0.],
        [0., 0.]],

       [[0., 0.],
        [0., 0.]],

       [[0., 0.],
        [0., 0.]],

       [[0., 0.],
        [0., 0.]],

       [[0., 0.],
        [0., 0.]],

       [[0., 0.],
        [0., 0.]],

       [[0., 0.],
        [0., 0.]],

       [[0., 0.],
        [0., 0.]],

       [[0., 0.],
        [0., 0.]],

       [[0., 0.],
        [0., 0.]],

       [[0., 0.],
        [0., 0.]],

       [[0., 0.],
        [0., 0.]],

       [[0., 0.],
        [0., 0.]],

       [[0., 0.],
        [0., 0.]],

       [[0., 0.],
        [0., 0.]]]), scale=0.43652852669601727, shift=array([4.36528527, 0.26660889])), candidate_index=26, candidate_x=array([4.19564884, 0.21522327]), index=25, x=array([4.19888259, 0.21345435]), fval=0.4314899468699701, rho=-2.1202378604793375, accepted=False, new_indices=array([], dtype=int32), old_indices_used=array([ 0, 17, 19, 20, 21, 22, 23, 24, 25]), old_indices_discarded=array([16]), step_length=0.0, relative_step_length=0.0, n_evals_per_point=1, n_evals_acceptance=1), State(trustregion=Region(center=array([4.19888259, 0.21345435]), radius=0.02728303291850108, bounds=Bounds(lower=array([1.1 , 0.01]), upper=array([20.  ,  0.99]))), model_indices=array([17, 19, 20, 21, 22, 23, 24, 25, 26]), model=ScalarModel(intercept=0.4315310366852481, linear_terms=array([ 1.18669163e-04, -5.59413032e-05]), square_terms=array([[8.30540953e-05, 5.51747110e-04],
       [5.51747110e-04, 4.46876717e-02]]), scale=0.02728303291850108, shift=array([4.19888259, 0.21345435])), vector_model=VectorModel(intercepts=array([ 0.06008199,  0.14140381,  0.15556174,  0.18794766,  0.20551348,
        0.21686022,  0.2239896 ,  0.31421077,  0.20440676,  0.22872122,
       -0.1341839 , -0.19554401, -0.12675784, -0.09038691, -0.07970231,
       -0.08192454, -0.07309894]), linear_terms=array([[0., 0.],
       [0., 0.],
       [0., 0.],
       [0., 0.],
       [0., 0.],
       [0., 0.],
       [0., 0.],
       [0., 0.],
       [0., 0.],
       [0., 0.],
       [0., 0.],
       [0., 0.],
       [0., 0.],
       [0., 0.],
       [0., 0.],
       [0., 0.],
       [0., 0.]]), square_terms=array([[[0., 0.],
        [0., 0.]],

       [[0., 0.],
        [0., 0.]],

       [[0., 0.],
        [0., 0.]],

       [[0., 0.],
        [0., 0.]],

       [[0., 0.],
        [0., 0.]],

       [[0., 0.],
        [0., 0.]],

       [[0., 0.],
        [0., 0.]],

       [[0., 0.],
        [0., 0.]],

       [[0., 0.],
        [0., 0.]],

       [[0., 0.],
        [0., 0.]],

       [[0., 0.],
        [0., 0.]],

       [[0., 0.],
        [0., 0.]],

       [[0., 0.],
        [0., 0.]],

       [[0., 0.],
        [0., 0.]],

       [[0., 0.],
        [0., 0.]],

       [[0., 0.],
        [0., 0.]],

       [[0., 0.],
        [0., 0.]]]), scale=0.43652852669601727, shift=array([4.36528527, 0.26660889])), candidate_index=27, candidate_x=array([4.17160207, 0.21382497]), index=25, x=array([4.19888259, 0.21345435]), fval=0.4314899468699701, rho=-0.5024178489566516, accepted=False, new_indices=array([], dtype=int32), old_indices_used=array([17, 19, 20, 21, 22, 23, 24, 25, 26]), old_indices_discarded=array([], dtype=int32), step_length=0.0, relative_step_length=0.0, n_evals_per_point=1, n_evals_acceptance=1), State(trustregion=Region(center=array([4.19888259, 0.21345435]), radius=0.01364151645925054, bounds=Bounds(lower=array([1.1 , 0.01]), upper=array([20.  ,  0.99]))), model_indices=array([20, 21, 22, 25, 26, 27]), model=ScalarModel(intercept=0.4315184269406223, linear_terms=array([6.39003534e-05, 5.90754006e-04]), square_terms=array([[1.99709982e-05, 1.32653008e-04],
       [1.32653008e-04, 1.15165532e-02]]), scale=0.01364151645925054, shift=array([4.19888259, 0.21345435])), vector_model=VectorModel(intercepts=array([ 0.06008199,  0.14140381,  0.15556174,  0.18794766,  0.20551348,
        0.21686022,  0.2239896 ,  0.31421077,  0.20440676,  0.22872122,
       -0.1341839 , -0.19554401, -0.12675784, -0.09038691, -0.07970231,
       -0.08192454, -0.07309894]), linear_terms=array([[0., 0.],
       [0., 0.],
       [0., 0.],
       [0., 0.],
       [0., 0.],
       [0., 0.],
       [0., 0.],
       [0., 0.],
       [0., 0.],
       [0., 0.],
       [0., 0.],
       [0., 0.],
       [0., 0.],
       [0., 0.],
       [0., 0.],
       [0., 0.],
       [0., 0.]]), square_terms=array([[[0., 0.],
        [0., 0.]],

       [[0., 0.],
        [0., 0.]],

       [[0., 0.],
        [0., 0.]],

       [[0., 0.],
        [0., 0.]],

       [[0., 0.],
        [0., 0.]],

       [[0., 0.],
        [0., 0.]],

       [[0., 0.],
        [0., 0.]],

       [[0., 0.],
        [0., 0.]],

       [[0., 0.],
        [0., 0.]],

       [[0., 0.],
        [0., 0.]],

       [[0., 0.],
        [0., 0.]],

       [[0., 0.],
        [0., 0.]],

       [[0., 0.],
        [0., 0.]],

       [[0., 0.],
        [0., 0.]],

       [[0., 0.],
        [0., 0.]],

       [[0., 0.],
        [0., 0.]],

       [[0., 0.],
        [0., 0.]]]), scale=0.43652852669601727, shift=array([4.36528527, 0.26660889])), candidate_index=28, candidate_x=array([4.18523834, 0.21291357]), index=28, x=array([4.18523834, 0.21291357]), fval=0.43138559207820476, rho=1.6555428719711582, accepted=True, new_indices=array([], dtype=int32), old_indices_used=array([20, 21, 22, 25, 26, 27]), old_indices_discarded=array([], dtype=int32), step_length=0.013654962199735957, relative_step_length=1.0009856485182993, n_evals_per_point=1, n_evals_acceptance=1), State(trustregion=Region(center=array([4.18523834, 0.21291357]), radius=0.02728303291850108, bounds=Bounds(lower=array([1.1 , 0.01]), upper=array([20.  ,  0.99]))), model_indices=array([20, 21, 22, 23, 24, 25, 26, 27, 28]), model=ScalarModel(intercept=0.4314841695394317, linear_terms=array([ 0.00010094, -0.00040509]), square_terms=array([[8.12024841e-05, 5.54337913e-04],
       [5.54337913e-04, 4.56062957e-02]]), scale=0.02728303291850108, shift=array([4.18523834, 0.21291357])), vector_model=VectorModel(intercepts=array([ 0.06008199,  0.14140381,  0.15556174,  0.18794766,  0.20551348,
        0.21686022,  0.2239896 ,  0.31421077,  0.20440676,  0.22872122,
       -0.1341839 , -0.19554401, -0.12675784, -0.09038691, -0.07970231,
       -0.08192454, -0.07309894]), linear_terms=array([[0., 0.],
       [0., 0.],
       [0., 0.],
       [0., 0.],
       [0., 0.],
       [0., 0.],
       [0., 0.],
       [0., 0.],
       [0., 0.],
       [0., 0.],
       [0., 0.],
       [0., 0.],
       [0., 0.],
       [0., 0.],
       [0., 0.],
       [0., 0.],
       [0., 0.]]), square_terms=array([[[0., 0.],
        [0., 0.]],

       [[0., 0.],
        [0., 0.]],

       [[0., 0.],
        [0., 0.]],

       [[0., 0.],
        [0., 0.]],

       [[0., 0.],
        [0., 0.]],

       [[0., 0.],
        [0., 0.]],

       [[0., 0.],
        [0., 0.]],

       [[0., 0.],
        [0., 0.]],

       [[0., 0.],
        [0., 0.]],

       [[0., 0.],
        [0., 0.]],

       [[0., 0.],
        [0., 0.]],

       [[0., 0.],
        [0., 0.]],

       [[0., 0.],
        [0., 0.]],

       [[0., 0.],
        [0., 0.]],

       [[0., 0.],
        [0., 0.]],

       [[0., 0.],
        [0., 0.]],

       [[0., 0.],
        [0., 0.]]]), scale=0.43652852669601727, shift=array([4.36528527, 0.26660889])), candidate_index=29, candidate_x=array([4.15796111, 0.21348706]), index=28, x=array([4.18523834, 0.21291357]), fval=0.43138559207820476, rho=-2.1995375852892756, accepted=False, new_indices=array([], dtype=int32), old_indices_used=array([20, 21, 22, 23, 24, 25, 26, 27, 28]), old_indices_discarded=array([17, 19]), step_length=0.0, relative_step_length=0.0, n_evals_per_point=1, n_evals_acceptance=1), State(trustregion=Region(center=array([4.18523834, 0.21291357]), radius=0.01364151645925054, bounds=Bounds(lower=array([1.1 , 0.01]), upper=array([20.  ,  0.99]))), model_indices=array([20, 21, 22, 25, 26, 27, 28, 29]), model=ScalarModel(intercept=0.43146767429803196, linear_terms=array([2.20408549e-05, 4.03260559e-05]), square_terms=array([[2.00070307e-05, 1.31716926e-04],
       [1.31716926e-04, 1.15198957e-02]]), scale=0.01364151645925054, shift=array([4.18523834, 0.21291357])), vector_model=VectorModel(intercepts=array([ 0.06008199,  0.14140381,  0.15556174,  0.18794766,  0.20551348,
        0.21686022,  0.2239896 ,  0.31421077,  0.20440676,  0.22872122,
       -0.1341839 , -0.19554401, -0.12675784, -0.09038691, -0.07970231,
       -0.08192454, -0.07309894]), linear_terms=array([[0., 0.],
       [0., 0.],
       [0., 0.],
       [0., 0.],
       [0., 0.],
       [0., 0.],
       [0., 0.],
       [0., 0.],
       [0., 0.],
       [0., 0.],
       [0., 0.],
       [0., 0.],
       [0., 0.],
       [0., 0.],
       [0., 0.],
       [0., 0.],
       [0., 0.]]), square_terms=array([[[0., 0.],
        [0., 0.]],

       [[0., 0.],
        [0., 0.]],

       [[0., 0.],
        [0., 0.]],

       [[0., 0.],
        [0., 0.]],

       [[0., 0.],
        [0., 0.]],

       [[0., 0.],
        [0., 0.]],

       [[0., 0.],
        [0., 0.]],

       [[0., 0.],
        [0., 0.]],

       [[0., 0.],
        [0., 0.]],

       [[0., 0.],
        [0., 0.]],

       [[0., 0.],
        [0., 0.]],

       [[0., 0.],
        [0., 0.]],

       [[0., 0.],
        [0., 0.]],

       [[0., 0.],
        [0., 0.]],

       [[0., 0.],
        [0., 0.]],

       [[0., 0.],
        [0., 0.]],

       [[0., 0.],
        [0., 0.]]]), scale=0.43652852669601727, shift=array([4.36528527, 0.26660889])), candidate_index=30, candidate_x=array([4.17159725, 0.21302176]), index=28, x=array([4.18523834, 0.21291357]), fval=0.43138559207820476, rho=-16.584558332524356, accepted=False, new_indices=array([], dtype=int32), old_indices_used=array([20, 21, 22, 25, 26, 27, 28, 29]), old_indices_discarded=array([], dtype=int32), step_length=0.0, relative_step_length=0.0, n_evals_per_point=1, n_evals_acceptance=1), State(trustregion=Region(center=array([4.18523834, 0.21291357]), radius=0.00682075822962527, bounds=Bounds(lower=array([1.1 , 0.01]), upper=array([20.  ,  0.99]))), model_indices=array([20, 21, 25, 26, 27, 28, 29, 30]), model=ScalarModel(intercept=0.4314890015813946, linear_terms=array([9.49106414e-06, 3.81898611e-05]), square_terms=array([[5.04989220e-06, 3.35598224e-05],
       [3.35598224e-05, 2.88066344e-03]]), scale=0.00682075822962527, shift=array([4.18523834, 0.21291357])), vector_model=VectorModel(intercepts=array([ 0.06008199,  0.14140381,  0.15556174,  0.18794766,  0.20551348,
        0.21686022,  0.2239896 ,  0.31421077,  0.20440676,  0.22872122,
       -0.1341839 , -0.19554401, -0.12675784, -0.09038691, -0.07970231,
       -0.08192454, -0.07309894]), linear_terms=array([[0., 0.],
       [0., 0.],
       [0., 0.],
       [0., 0.],
       [0., 0.],
       [0., 0.],
       [0., 0.],
       [0., 0.],
       [0., 0.],
       [0., 0.],
       [0., 0.],
       [0., 0.],
       [0., 0.],
       [0., 0.],
       [0., 0.],
       [0., 0.],
       [0., 0.]]), square_terms=array([[[0., 0.],
        [0., 0.]],

       [[0., 0.],
        [0., 0.]],

       [[0., 0.],
        [0., 0.]],

       [[0., 0.],
        [0., 0.]],

       [[0., 0.],
        [0., 0.]],

       [[0., 0.],
        [0., 0.]],

       [[0., 0.],
        [0., 0.]],

       [[0., 0.],
        [0., 0.]],

       [[0., 0.],
        [0., 0.]],

       [[0., 0.],
        [0., 0.]],

       [[0., 0.],
        [0., 0.]],

       [[0., 0.],
        [0., 0.]],

       [[0., 0.],
        [0., 0.]],

       [[0., 0.],
        [0., 0.]],

       [[0., 0.],
        [0., 0.]],

       [[0., 0.],
        [0., 0.]],

       [[0., 0.],
        [0., 0.]]]), scale=0.43652852669601727, shift=array([4.36528527, 0.26660889])), candidate_index=31, candidate_x=array([4.17841731, 0.21290263]), index=28, x=array([4.18523834, 0.21291357]), fval=0.43138559207820476, rho=-14.711500973913969, accepted=False, new_indices=array([], dtype=int32), old_indices_used=array([20, 21, 25, 26, 27, 28, 29, 30]), old_indices_discarded=array([], dtype=int32), step_length=0.0, relative_step_length=0.0, n_evals_per_point=1, n_evals_acceptance=1), State(trustregion=Region(center=array([4.18523834, 0.21291357]), radius=0.003410379114812635, bounds=Bounds(lower=array([1.1 , 0.01]), upper=array([20.  ,  0.99]))), model_indices=array([20, 21, 25, 26, 27, 28, 30, 31]), model=ScalarModel(intercept=0.4314846263412998, linear_terms=array([8.90344079e-06, 1.46868431e-05]), square_terms=array([[1.24973406e-06, 8.65450378e-06],
       [8.65450378e-06, 7.19554718e-04]]), scale=0.003410379114812635, shift=array([4.18523834, 0.21291357])), vector_model=VectorModel(intercepts=array([ 0.06008199,  0.14140381,  0.15556174,  0.18794766,  0.20551348,
        0.21686022,  0.2239896 ,  0.31421077,  0.20440676,  0.22872122,
       -0.1341839 , -0.19554401, -0.12675784, -0.09038691, -0.07970231,
       -0.08192454, -0.07309894]), linear_terms=array([[0., 0.],
       [0., 0.],
       [0., 0.],
       [0., 0.],
       [0., 0.],
       [0., 0.],
       [0., 0.],
       [0., 0.],
       [0., 0.],
       [0., 0.],
       [0., 0.],
       [0., 0.],
       [0., 0.],
       [0., 0.],
       [0., 0.],
       [0., 0.],
       [0., 0.]]), square_terms=array([[[0., 0.],
        [0., 0.]],

       [[0., 0.],
        [0., 0.]],

       [[0., 0.],
        [0., 0.]],

       [[0., 0.],
        [0., 0.]],

       [[0., 0.],
        [0., 0.]],

       [[0., 0.],
        [0., 0.]],

       [[0., 0.],
        [0., 0.]],

       [[0., 0.],
        [0., 0.]],

       [[0., 0.],
        [0., 0.]],

       [[0., 0.],
        [0., 0.]],

       [[0., 0.],
        [0., 0.]],

       [[0., 0.],
        [0., 0.]],

       [[0., 0.],
        [0., 0.]],

       [[0., 0.],
        [0., 0.]],

       [[0., 0.],
        [0., 0.]],

       [[0., 0.],
        [0., 0.]],

       [[0., 0.],
        [0., 0.]]]), scale=0.43652852669601727, shift=array([4.36528527, 0.26660889])), candidate_index=32, candidate_x=array([4.18182741, 0.21288528]), index=32, x=array([4.18182741, 0.21288528]), fval=0.43135429084977467, rho=3.768921516428255, accepted=True, new_indices=array([], dtype=int32), old_indices_used=array([20, 21, 25, 26, 27, 28, 30, 31]), old_indices_discarded=array([], dtype=int32), step_length=0.003411050651562783, relative_step_length=1.0001969097063816, n_evals_per_point=1, n_evals_acceptance=1), State(trustregion=Region(center=array([4.18182741, 0.21288528]), radius=0.00682075822962527, bounds=Bounds(lower=array([1.1 , 0.01]), upper=array([20.  ,  0.99]))), model_indices=array([20, 21, 25, 26, 27, 28, 30, 31, 32]), model=ScalarModel(intercept=0.43146087087344204, linear_terms=array([ 1.67492311e-05, -1.07579013e-05]), square_terms=array([[4.99257152e-06, 3.46906207e-05],
       [3.46906207e-05, 2.87753321e-03]]), scale=0.00682075822962527, shift=array([4.18182741, 0.21288528])), vector_model=VectorModel(intercepts=array([ 0.06008199,  0.14140381,  0.15556174,  0.18794766,  0.20551348,
        0.21686022,  0.2239896 ,  0.31421077,  0.20440676,  0.22872122,
       -0.1341839 , -0.19554401, -0.12675784, -0.09038691, -0.07970231,
       -0.08192454, -0.07309894]), linear_terms=array([[0., 0.],
       [0., 0.],
       [0., 0.],
       [0., 0.],
       [0., 0.],
       [0., 0.],
       [0., 0.],
       [0., 0.],
       [0., 0.],
       [0., 0.],
       [0., 0.],
       [0., 0.],
       [0., 0.],
       [0., 0.],
       [0., 0.],
       [0., 0.],
       [0., 0.]]), square_terms=array([[[0., 0.],
        [0., 0.]],

       [[0., 0.],
        [0., 0.]],

       [[0., 0.],
        [0., 0.]],

       [[0., 0.],
        [0., 0.]],

       [[0., 0.],
        [0., 0.]],

       [[0., 0.],
        [0., 0.]],

       [[0., 0.],
        [0., 0.]],

       [[0., 0.],
        [0., 0.]],

       [[0., 0.],
        [0., 0.]],

       [[0., 0.],
        [0., 0.]],

       [[0., 0.],
        [0., 0.]],

       [[0., 0.],
        [0., 0.]],

       [[0., 0.],
        [0., 0.]],

       [[0., 0.],
        [0., 0.]],

       [[0., 0.],
        [0., 0.]],

       [[0., 0.],
        [0., 0.]],

       [[0., 0.],
        [0., 0.]]]), scale=0.43652852669601727, shift=array([4.36528527, 0.26660889])), candidate_index=33, candidate_x=array([4.17500746, 0.21299254]), index=32, x=array([4.18182741, 0.21288528]), fval=0.43135429084977467, rho=-10.122265396498031, accepted=False, new_indices=array([], dtype=int32), old_indices_used=array([20, 21, 25, 26, 27, 28, 30, 31, 32]), old_indices_discarded=array([29]), step_length=0.0, relative_step_length=0.0, n_evals_per_point=1, n_evals_acceptance=1), State(trustregion=Region(center=array([4.18182741, 0.21288528]), radius=0.003410379114812635, bounds=Bounds(lower=array([1.1 , 0.01]), upper=array([20.  ,  0.99]))), model_indices=array([20, 21, 26, 27, 28, 30, 31, 32, 33]), model=ScalarModel(intercept=0.4314747306043654, linear_terms=array([1.07745192e-05, 1.17885872e-06]), square_terms=array([[1.24417773e-06, 8.73360750e-06],
       [8.73360750e-06, 7.19609458e-04]]), scale=0.003410379114812635, shift=array([4.18182741, 0.21288528])), vector_model=VectorModel(intercepts=array([ 0.06008199,  0.14140381,  0.15556174,  0.18794766,  0.20551348,
        0.21686022,  0.2239896 ,  0.31421077,  0.20440676,  0.22872122,
       -0.1341839 , -0.19554401, -0.12675784, -0.09038691, -0.07970231,
       -0.08192454, -0.07309894]), linear_terms=array([[0., 0.],
       [0., 0.],
       [0., 0.],
       [0., 0.],
       [0., 0.],
       [0., 0.],
       [0., 0.],
       [0., 0.],
       [0., 0.],
       [0., 0.],
       [0., 0.],
       [0., 0.],
       [0., 0.],
       [0., 0.],
       [0., 0.],
       [0., 0.],
       [0., 0.]]), square_terms=array([[[0., 0.],
        [0., 0.]],

       [[0., 0.],
        [0., 0.]],

       [[0., 0.],
        [0., 0.]],

       [[0., 0.],
        [0., 0.]],

       [[0., 0.],
        [0., 0.]],

       [[0., 0.],
        [0., 0.]],

       [[0., 0.],
        [0., 0.]],

       [[0., 0.],
        [0., 0.]],

       [[0., 0.],
        [0., 0.]],

       [[0., 0.],
        [0., 0.]],

       [[0., 0.],
        [0., 0.]],

       [[0., 0.],
        [0., 0.]],

       [[0., 0.],
        [0., 0.]],

       [[0., 0.],
        [0., 0.]],

       [[0., 0.],
        [0., 0.]],

       [[0., 0.],
        [0., 0.]],

       [[0., 0.],
        [0., 0.]]]), scale=0.43652852669601727, shift=array([4.36528527, 0.26660889])), candidate_index=34, candidate_x=array([4.17841721, 0.21292061]), index=32, x=array([4.18182741, 0.21288528]), fval=0.43135429084977467, rho=-12.876127258900738, accepted=False, new_indices=array([], dtype=int32), old_indices_used=array([20, 21, 26, 27, 28, 30, 31, 32, 33]), old_indices_discarded=array([], dtype=int32), step_length=0.0, relative_step_length=0.0, n_evals_per_point=1, n_evals_acceptance=1), State(trustregion=Region(center=array([4.18182741, 0.21288528]), radius=0.0017051895574063175, bounds=Bounds(lower=array([1.1 , 0.01]), upper=array([20.  ,  0.99]))), model_indices=array([28, 31, 32, 33, 34]), model=ScalarModel(intercept=0.43140896416417823, linear_terms=array([-2.32986088e-05,  2.40848451e-04]), square_terms=array([[3.23949154e-07, 1.75262322e-06],
       [1.75262322e-06, 2.06676575e-04]]), scale=0.0017051895574063175, shift=array([4.18182741, 0.21288528])), vector_model=VectorModel(intercepts=array([ 0.06008199,  0.14140381,  0.15556174,  0.18794766,  0.20551348,
        0.21686022,  0.2239896 ,  0.31421077,  0.20440676,  0.22872122,
       -0.1341839 , -0.19554401, -0.12675784, -0.09038691, -0.07970231,
       -0.08192454, -0.07309894]), linear_terms=array([[0., 0.],
       [0., 0.],
       [0., 0.],
       [0., 0.],
       [0., 0.],
       [0., 0.],
       [0., 0.],
       [0., 0.],
       [0., 0.],
       [0., 0.],
       [0., 0.],
       [0., 0.],
       [0., 0.],
       [0., 0.],
       [0., 0.],
       [0., 0.],
       [0., 0.]]), square_terms=array([[[0., 0.],
        [0., 0.]],

       [[0., 0.],
        [0., 0.]],

       [[0., 0.],
        [0., 0.]],

       [[0., 0.],
        [0., 0.]],

       [[0., 0.],
        [0., 0.]],

       [[0., 0.],
        [0., 0.]],

       [[0., 0.],
        [0., 0.]],

       [[0., 0.],
        [0., 0.]],

       [[0., 0.],
        [0., 0.]],

       [[0., 0.],
        [0., 0.]],

       [[0., 0.],
        [0., 0.]],

       [[0., 0.],
        [0., 0.]],

       [[0., 0.],
        [0., 0.]],

       [[0., 0.],
        [0., 0.]],

       [[0., 0.],
        [0., 0.]],

       [[0., 0.],
        [0., 0.]],

       [[0., 0.],
        [0., 0.]]]), scale=0.43652852669601727, shift=array([4.36528527, 0.26660889])), candidate_index=35, candidate_x=array([4.18265321, 0.2113934 ]), index=32, x=array([4.18182741, 0.21288528]), fval=0.43135429084977467, rho=-1.7265076067377352, accepted=False, new_indices=array([], dtype=int32), old_indices_used=array([28, 31, 32, 33, 34]), old_indices_discarded=array([], dtype=int32), step_length=0.0, relative_step_length=0.0, n_evals_per_point=1, n_evals_acceptance=1), State(trustregion=Region(center=array([4.18182741, 0.21288528]), radius=0.0008525947787031587, bounds=Bounds(lower=array([1.1 , 0.01]), upper=array([20.  ,  0.99]))), model_indices=array([28, 31, 32, 34, 35]), model=ScalarModel(intercept=0.431415465208986, linear_terms=array([-1.44986716e-05, -7.57036800e-05]), square_terms=array([[8.11782901e-08, 4.82500323e-07],
       [4.82500323e-07, 4.44363751e-05]]), scale=0.0008525947787031587, shift=array([4.18182741, 0.21288528])), vector_model=VectorModel(intercepts=array([ 0.06008199,  0.14140381,  0.15556174,  0.18794766,  0.20551348,
        0.21686022,  0.2239896 ,  0.31421077,  0.20440676,  0.22872122,
       -0.1341839 , -0.19554401, -0.12675784, -0.09038691, -0.07970231,
       -0.08192454, -0.07309894]), linear_terms=array([[0., 0.],
       [0., 0.],
       [0., 0.],
       [0., 0.],
       [0., 0.],
       [0., 0.],
       [0., 0.],
       [0., 0.],
       [0., 0.],
       [0., 0.],
       [0., 0.],
       [0., 0.],
       [0., 0.],
       [0., 0.],
       [0., 0.],
       [0., 0.],
       [0., 0.]]), square_terms=array([[[0., 0.],
        [0., 0.]],

       [[0., 0.],
        [0., 0.]],

       [[0., 0.],
        [0., 0.]],

       [[0., 0.],
        [0., 0.]],

       [[0., 0.],
        [0., 0.]],

       [[0., 0.],
        [0., 0.]],

       [[0., 0.],
        [0., 0.]],

       [[0., 0.],
        [0., 0.]],

       [[0., 0.],
        [0., 0.]],

       [[0., 0.],
        [0., 0.]],

       [[0., 0.],
        [0., 0.]],

       [[0., 0.],
        [0., 0.]],

       [[0., 0.],
        [0., 0.]],

       [[0., 0.],
        [0., 0.]],

       [[0., 0.],
        [0., 0.]],

       [[0., 0.],
        [0., 0.]],

       [[0., 0.],
        [0., 0.]]]), scale=0.43652852669601727, shift=array([4.36528527, 0.26660889])), candidate_index=36, candidate_x=array([4.18175009, 0.21373437]), index=36, x=array([4.18175009, 0.21373437]), fval=0.4313538716773808, rho=0.008047901605898149, accepted=True, new_indices=array([], dtype=int32), old_indices_used=array([28, 31, 32, 34, 35]), old_indices_discarded=array([], dtype=int32), step_length=0.0008525947787031098, relative_step_length=0.9999999999999426, n_evals_per_point=1, n_evals_acceptance=1)]}"
logger,
