CRRA,4.6885093123277795

WealthShare,0.24813435960349076

time_to_estimate,267.0432789325714

params,"{'CRRA': 4.6885093123277795, 'WealthShare': 0.24813435960349076}"

fun,0.43518229088500443

start_fun,7.0683127443210845

start_params,"{'CRRA': 2.0, 'WealthShare': 0.05}"

algorithm,multistart_tranquilo_ls

direction,minimize

n_free,2

message,Absolute criterion change smaller than tolerance.

success,

n_fun_evals,

n_jac_evals,

n_hess_evals,

n_iterations,

status,

jac,

hess,

hess_inv,

max_constraint_violation,

history,

convergence_report,

multistart_info,"MultistartInfo(start_parameters=[{'CRRA': 4.864825548673469, 'WealthShare': 0.202324851895713}, {'CRRA': 4.828871338991834, 'WealthShare': 0.29477408278094763}], local_optima=[Minimize with 2 free parameters terminated.

The tranquilo_ls algorithm reported: Absolute criterion change smaller than tolerance., Minimize with 2 free parameters terminated.

The tranquilo_ls algorithm reported: Absolute criterion change smaller than tolerance.], exploration_sample=[{'CRRA': 4.864825548673468, 'WealthShare': 0.202324851895713}, {'CRRA': 4.869296607035254, 'WealthShare': 0.3082066567878207}, {'CRRA': 4.751782479203536, 'WealthShare': 0.17974501973610893}, {'CRRA': 5.963891799809742, 'WealthShare': 0.29498124826110433}, {'CRRA': 6.342653654420191, 'WealthShare': 0.22680840111363784}, {'CRRA': 5.742710465367297, 'WealthShare': 0.32249449556301857}, {'CRRA': 5.849619776815903, 'WealthShare': 0.1610145468496492}, {'CRRA': 3.604463859395079, 'WealthShare': 0.28591826973470785}, {'CRRA': 6.153679689796325, 'WealthShare': 0.30908293370541823}, {'CRRA': 6.195499777155691, 'WealthShare': 0.1626815506346232}, {'CRRA': 3.5410177260773943, 'WealthShare': 0.28756309563920684}, {'CRRA': 3.8642601636664407, 'WealthShare': 0.3183261080776271}, {'CRRA': 5.717848420521639, 'WealthShare': 0.13140787192011144}, {'CRRA': 3.673320717549261, 'WealthShare': 0.31736075193459773}, {'CRRA': 4.982766943917087, 'WealthShare': 0.13520627310601455}, {'CRRA': 7.029575697209214, 'WealthShare': 0.15720820716574838}, {'CRRA': 7.154606497266672, 'WealthShare': 0.31886151328425794}, {'CRRA': 4.956589722671409, 'WealthShare': 0.3881867789505665}, {'CRRA': 7.071861466001332, 'WealthShare': 0.37442987971953284}, {'CRRA': 8.724189439505547, 'WealthShare': 0.18142636515240274}, {'CRRA': 7.53930639852447, 'WealthShare': 0.3774796285263392}, {'CRRA': 7.311422535052479, 'WealthShare': 0.3875634680828855}, {'CRRA': 8.774100854113913, 'WealthShare': 0.15725035658100148}, {'CRRA': 3.24806488994354, 'WealthShare': 0.34385197904949955}, {'CRRA': 7.733531801811241, 'WealthShare': 0.412895828479924}, {'CRRA': 5.637373454549881, 'WealthShare': 0.04871272727244209}, {'CRRA': 3.186901246914096, 'WealthShare': 0.1604242538326703}, {'CRRA': 9.75393373488283, 'WealthShare': 0.1569029393270659}, {'CRRA': 9.776479172235188, 'WealthShare': 0.15467552786376756}, {'CRRA': 9.024182105112137, 'WealthShare': 0.048019468835720974}, {'CRRA': 9.859488726601073, 'WealthShare': 0.23557414649714967}, {'CRRA': 9.974206689394295, 'WealthShare': 0.21236387277980034}, {'CRRA': 10.117636077692326, 'WealthShare': 0.22292809988547535}, {'CRRA': 5.971929467720072, 'WealthShare': 0.4475573868323561}, {'CRRA': 10.257446902954316, 'WealthShare': 0.11977413255023422}, {'CRRA': 10.33969604860274, 'WealthShare': 0.15394276982730323}, {'CRRA': 6.29484658989462, 'WealthShare': 0.45071140577233293}, {'CRRA': 10.228479189632878, 'WealthShare': 0.10045396124546076}, {'CRRA': 10.484153926951887, 'WealthShare': 0.08402006765661733}, {'CRRA': 10.550639134402322, 'WealthShare': 0.23699414038320998}, {'CRRA': 10.703439371678655, 'WealthShare': 0.22871215072214046}, {'CRRA': 11.028194487449856, 'WealthShare': 0.08833410538549274}, {'CRRA': 11.267268671262316, 'WealthShare': 0.25100964731599457}, {'CRRA': 11.817448813455933, 'WealthShare': 0.07056089141655524}, {'CRRA': 7.54738363011761, 'WealthShare': 0.49180435036223114}, {'CRRA': 10.423041971404132, 'WealthShare': 0.44251372977094394}, {'CRRA': 6.564346682857247, 'WealthShare': 0.48982613880186854}, {'CRRA': 11.895875034956095, 'WealthShare': 0.2232217335548737}, {'CRRA': 2.300360032356415, 'WealthShare': 0.25257157031355537}, {'CRRA': 12.2827262792693, 'WealthShare': 0.2096894601455112}, {'CRRA': 12.699629497510431, 'WealthShare': 0.07374587138287744}, {'CRRA': 7.932808436202084, 'WealthShare': 0.507152213284993}, {'CRRA': 12.641918299798835, 'WealthShare': 0.17093416860616503}, {'CRRA': 12.924469631580386, 'WealthShare': 0.02407758459376924}, {'CRRA': 12.521966381679412, 'WealthShare': 0.2169242122427632}, {'CRRA': 2.2635470907310986, 'WealthShare': 0.24954673661761223}, {'CRRA': 12.534866579237292, 'WealthShare': 0.2561693902417542}, {'CRRA': 12.47979115510853, 'WealthShare': 0.28057026890666764}, {'CRRA': 12.907892047113062, 'WealthShare': 0.2190514527550716}, {'CRRA': 13.812062186141938, 'WealthShare': 0.10585190845249702}, {'CRRA': 12.017218708839824, 'WealthShare': 0.4612305849329415}, {'CRRA': 12.494061688790405, 'WealthShare': 0.4129575251848058}, {'CRRA': 14.054055140879855, 'WealthShare': 0.10824985726672717}, {'CRRA': 9.601647721698981, 'WealthShare': 0.5413326090253576}, {'CRRA': 13.994022921060697, 'WealthShare': 0.1888840173520933}, {'CRRA': 13.735660073851767, 'WealthShare': 0.23451510932250091}, {'CRRA': 13.044188476054849, 'WealthShare': 0.38882908302670505}, {'CRRA': 8.118845224310672, 'WealthShare': 0.5464746963242829}, {'CRRA': 12.001939599647818, 'WealthShare': 0.5249581254813135}, {'CRRA': 15.071973011264273, 'WealthShare': 0.08346316265020733}, {'CRRA': 15.119697436003722, 'WealthShare': 0.08052521334617725}, {'CRRA': 15.014214480318405, 'WealthShare': 0.10875636027614022}, {'CRRA': 10.595453126315757, 'WealthShare': 0.5575253621586738}, {'CRRA': 6.522835829590379, 'WealthShare': 0.5343749301205077}, {'CRRA': 15.479377494450246, 'WealthShare': 0.09120033049831992}, {'CRRA': 13.695614132879555, 'WealthShare': 0.3947348707393163}, {'CRRA': 7.363791591567548, 'WealthShare': 0.554102446810745}, {'CRRA': 16.36613081212445, 'WealthShare': 0.06826723816542415}, {'CRRA': 13.871776259008866, 'WealthShare': 0.5184438505129682}, {'CRRA': 16.82280853367004, 'WealthShare': 0.05247324192620963}, {'CRRA': 16.262610145218794, 'WealthShare': 0.15190984186832163}, {'CRRA': 17.04910606289617, 'WealthShare': 0.08763257754095037}, {'CRRA': 15.294528516388684, 'WealthShare': 0.2878497554997739}, {'CRRA': 15.104993562691616, 'WealthShare': 0.3214742875526935}, {'CRRA': 13.146017774993918, 'WealthShare': 0.584595520434416}, {'CRRA': 17.335861516720577, 'WealthShare': 0.07071721466788376}, {'CRRA': 14.971321184155263, 'WealthShare': 0.3812617722950995}, {'CRRA': 16.80521356768877, 'WealthShare': 0.1401575951675284}, {'CRRA': 16.762120535161028, 'WealthShare': 0.14563037063236503}, {'CRRA': 18.11660988122281, 'WealthShare': 0.02721867478710068}, {'CRRA': 16.336501719596026, 'WealthShare': 0.2212694734219646}, {'CRRA': 9.733399231215754, 'WealthShare': 0.6010781743485812}, {'CRRA': 14.651299879310972, 'WealthShare': 0.5901322329830222}, {'CRRA': 18.914146624628625, 'WealthShare': 0.01187196307771}, {'CRRA': 14.586903293256878, 'WealthShare': 0.5924613648251651}, {'CRRA': 13.517035099299143, 'WealthShare': 0.6114548003495882}, {'CRRA': 1.9656643792245245, 'WealthShare': 0.22302062856541702}, {'CRRA': 19.04350986087495, 'WealthShare': 0.024300353473785563}, {'CRRA': 18.110610130872523, 'WealthShare': 0.12711092379279687}, {'CRRA': 11.29430647880986, 'WealthShare': 0.6200179807626001}, {'CRRA': 17.110509387716192, 'WealthShare': 0.23371927474914816}, {'CRRA': 16.904218617286684, 'WealthShare': 0.27464644046429576}, {'CRRA': 19.651152141373313, 'WealthShare': 0.05661764691319116}, {'CRRA': 14.042667681018909, 'WealthShare': 0.6342000976331303}, {'CRRA': 16.639671430074284, 'WealthShare': 0.5748831678080478}, {'CRRA': 3.300971043260774, 'WealthShare': 0.06359245632032476}, {'CRRA': 16.870372586040435, 'WealthShare': 0.5707903064501691}, {'CRRA': 18.852073567205395, 'WealthShare': 0.14902841428848526}, {'CRRA': 14.938090806258934, 'WealthShare': 0.6417897898498436}, {'CRRA': 16.449395853231376, 'WealthShare': 0.6388168730810171}, {'CRRA': 16.718129751060683, 'WealthShare': 0.6403897153434782}, {'CRRA': 1.9058370301591696, 'WealthShare': 0.2897463513493257}, {'CRRA': 19.164596870595904, 'WealthShare': 0.17467298922601385}, {'CRRA': 16.50689195772944, 'WealthShare': 0.6509503438496952}, {'CRRA': 18.135091981227077, 'WealthShare': 0.6106764530258955}, {'CRRA': 1.9145089091759822, 'WealthShare': 0.1989387027422759}, {'CRRA': 18.15982133043102, 'WealthShare': 0.31716777523393125}, {'CRRA': 18.63940324605325, 'WealthShare': 0.6329487668870166}, {'CRRA': 18.286709151901217, 'WealthShare': 0.6617904542816317}, {'CRRA': 18.383897483866036, 'WealthShare': 0.5134218476001516}, {'CRRA': 18.802796255552515, 'WealthShare': 0.5447545712827838}, {'CRRA': 14.344902638140258, 'WealthShare': 0.6799286167763576}, {'CRRA': 19.964927781042658, 'WealthShare': 0.6407309418024831}, {'CRRA': 19.01944153748684, 'WealthShare': 0.29770095960579396}, {'CRRA': 18.853239613635985, 'WealthShare': 0.6875931613368197}, {'CRRA': 18.802374295708027, 'WealthShare': 0.46279106692611544}, {'CRRA': 16.60241959662691, 'WealthShare': 0.6974142089454464}, {'CRRA': 19.586945503900463, 'WealthShare': 0.5316874805949497}, {'CRRA': 18.586843696412764, 'WealthShare': 0.7133765412943084}, {'CRRA': 10.393424939423484, 'WealthShare': 0.6745170873946668}, {'CRRA': 3.2690128274618138, 'WealthShare': 0.03747549446764789}, {'CRRA': 3.508607938201202, 'WealthShare': 0.5005021764123646}, {'CRRA': 1.9450072214751817, 'WealthShare': 0.3473156312547286}, {'CRRA': 6.0555836863121275, 'WealthShare': 0.6001822145380941}, {'CRRA': 6.2560649578570064, 'WealthShare': 0.6160734104626986}, {'CRRA': 12.039240739031424, 'WealthShare': 0.7134714665823202}, {'CRRA': 11.178482349213128, 'WealthShare': 0.7060705027848494}, {'CRRA': 11.620253432626734, 'WealthShare': 0.7114811982801618}, {'CRRA': 16.64336796971744, 'WealthShare': 0.7776954478327479}, {'CRRA': 8.685538790882003, 'WealthShare': 0.696182537865888}, {'CRRA': 11.070412981237675, 'WealthShare': 0.7358216888284164}, {'CRRA': 14.10730802447904, 'WealthShare': 0.7703174261802964}, {'CRRA': 17.727115321155992, 'WealthShare': 0.8016600376280643}, {'CRRA': 1.4270821871998849, 'WealthShare': 0.2756525521589294}, {'CRRA': 6.554804452806508, 'WealthShare': 0.6779839151220811}, {'CRRA': 1.299496089509835, 'WealthShare': 0.19816400094876577}, {'CRRA': 18.119554536217002, 'WealthShare': 0.8198215365102061}, {'CRRA': 1.215608923921655, 'WealthShare': 0.0663018583411129}, {'CRRA': 14.601375920253068, 'WealthShare': 0.8011028889660868}, {'CRRA': 2.0, 'WealthShare': 0.05}, {'CRRA': 4.310316672220296, 'WealthShare': 0.6177035913408639}, {'CRRA': 7.077864105590455, 'WealthShare': 0.714422230503835}, {'CRRA': 4.753270380326921, 'WealthShare': 0.6481004455926942}, {'CRRA': 12.020430338575549, 'WealthShare': 0.7949565347145399}, {'CRRA': 14.234125451878437, 'WealthShare': 0.8171498107893267}, {'CRRA': 7.443999206544923, 'WealthShare': 0.7437211761372371}, {'CRRA': 15.294301025921799, 'WealthShare': 0.8363888481403654}, {'CRRA': 1.36212254377623, 'WealthShare': 0.3944990800302556}, {'CRRA': 7.471767739403756, 'WealthShare': 0.7815889806248537}, {'CRRA': 11.391239851231326, 'WealthShare': 0.840040878882573}, {'CRRA': 12.716497959928743, 'WealthShare': 0.8531064532955405}, {'CRRA': 16.521445240766546, 'WealthShare': 0.8793384230935997}, {'CRRA': 6.982412254464197, 'WealthShare': 0.7855722845537009}, {'CRRA': 1.4053204349909392, 'WealthShare': 0.45656415047989984}, {'CRRA': 3.214463054203641, 'WealthShare': 0.6516760890167197}, {'CRRA': 8.734510434528257, 'WealthShare': 0.824678865479856}, {'CRRA': 7.9496235498372645, 'WealthShare': 0.8160021531010923}, {'CRRA': 5.636600596560976, 'WealthShare': 0.7754381385005263}, {'CRRA': 3.835513948248391, 'WealthShare': 0.71063126413551}, {'CRRA': 11.516539315038852, 'WealthShare': 0.8660977493165941}, {'CRRA': 15.92187628963243, 'WealthShare': 0.8924750002546624}, {'CRRA': 11.87744591686091, 'WealthShare': 0.872564019082899}, {'CRRA': 13.186545421516634, 'WealthShare': 0.8849376750638502}, {'CRRA': 9.24258129011281, 'WealthShare': 0.8584175058558758}, {'CRRA': 2.2892406765161986, 'WealthShare': 0.6273067004498368}, {'CRRA': 1.9310001807437964, 'WealthShare': 0.593742525213292}, {'CRRA': 18.174780617465245, 'WealthShare': 0.9160795154819823}, {'CRRA': 9.031104170097173, 'WealthShare': 0.9019568720476712}, {'CRRA': 5.128290741224918, 'WealthShare': 0.8455093520797557}, {'CRRA': 7.702169939811295, 'WealthShare': 0.8907693091652147}, {'CRRA': 1.264049496892342, 'WealthShare': 0.6053556383602422}, {'CRRA': 1.2965030011495795, 'WealthShare': 0.6158435242601283}, {'CRRA': 6.010639306247285, 'WealthShare': 0.8802534625893571}, {'CRRA': 11.232142442403589, 'WealthShare': 0.9315261154875266}, {'CRRA': 2.8933052659065615, 'WealthShare': 0.799258372397599}, {'CRRA': 5.788237801182728, 'WealthShare': 0.8925186779354712}, {'CRRA': 8.723941954474208, 'WealthShare': 0.926447430467014}, {'CRRA': 2.1668274861611088, 'WealthShare': 0.7669528006742439}, {'CRRA': 3.4431464638441343, 'WealthShare': 0.8615838125997338}, {'CRRA': 17.915464690814282, 'WealthShare': 0.9701867012813286}, {'CRRA': 15.675367213784549, 'WealthShare': 0.970151083037485}, {'CRRA': 11.594335638807852, 'WealthShare': 0.963120953372219}, {'CRRA': 10.036594736790915, 'WealthShare': 0.9591146631253354}, {'CRRA': 3.6019973922168065, 'WealthShare': 0.8866191012524067}, {'CRRA': 9.134430846071933, 'WealthShare': 0.9677417939564567}, {'CRRA': 7.743741891742539, 'WealthShare': 0.9655596169783814}, {'CRRA': 15.889113294930654, 'WealthShare': 0.9832992030605365}, {'CRRA': 3.154352747061773, 'WealthShare': 0.911714885295174}, {'CRRA': 9.614183654425009, 'WealthShare': 0.9817517006655266}, {'CRRA': 2.1396069785127567, 'WealthShare': 0.9037139309800011}], exploration_results=array([  0.48509489,   0.52293988,   0.55032535,   0.57114346,
         0.5751675 ,   0.61129121,   0.61352967,   0.61504125,
         0.62261452,   0.635793  ,   0.64160462,   0.66550074,
         0.7050271 ,   0.71688566,   0.72537186,   0.74257067,
         0.79041064,   0.9253099 ,   0.93681694,   1.01185369,
         1.01265609,   1.01912751,   1.03466599,   1.13634127,
         1.18039072,   1.20192853,   1.2132086 ,   1.22472389,
         1.23009113,   1.23529519,   1.25719517,   1.2727276 ,
         1.3081773 ,   1.33371262,   1.33678431,   1.34293268,
         1.34328821,   1.3442043 ,   1.40205301,   1.41395674,
         1.44300976,   1.49437352,   1.58718308,   1.64083307,
         1.67044602,   1.69303761,   1.7047301 ,   1.70554916,
         1.77532998,   1.78096018,   1.79420038,   1.80047934,
         1.82613124,   1.83956279,   1.84103633,   1.85125376,
         1.8837594 ,   1.8977371 ,   1.92855789,   2.00714882,
         2.0280567 ,   2.04888823,   2.05365372,   2.09871412,
         2.1296112 ,   2.13198663,   2.14762108,   2.1907078 ,
         2.20486411,   2.21575954,   2.22166688,   2.23251282,
         2.25463428,   2.29511962,   2.29640712,   2.30403632,
         2.39739262,   2.41988668,   2.46122636,   2.47523175,
         2.5291593 ,   2.56196334,   2.56251038,   2.56580965,
         2.57752438,   2.58359881,   2.59473603,   2.61080044,
         2.61328715,   2.64228815,   2.67525063,   2.70182247,
         2.73525643,   2.73617249,   2.73684914,   2.75386704,
         2.75523093,   2.77409883,   2.82085563,   2.82373298,
         2.86097415,   2.8988517 ,   2.92358059,   2.92885394,
         2.95760542,   2.96863252,   2.99079692,   3.00134431,
         3.01189862,   3.07650819,   3.10188913,   3.10854529,
         3.12121643,   3.13858418,   3.17914578,   3.2028708 ,
         3.24826404,   3.25273816,   3.29240867,   3.32055805,
         3.34926629,   3.37630347,   3.39272224,   3.39283884,
         3.44382007,   3.47260578,   3.50696019,   3.52400251,
         3.64571089,   3.85012746,   3.92150942,   3.92301487,
         3.92824599,   3.956348  ,   4.27911408,   4.34717544,
         4.40786502,   4.41672227,   5.18110226,   5.24859592,
         5.43995048,   5.59504478,   5.88779415,   5.98390057,
         6.4286277 ,   6.63995466,   6.72940001,   6.87206638,
         6.94555705,   7.06734437,   7.24668085,   7.73747608,
         7.94879683,   8.02183688,   8.24861059,   9.19685911,
         9.29682784,  10.51306324,  12.69743169,  13.35108682,
        13.64377096,  14.2734579 ,  14.37825442,  14.43917434,
        14.75417219,  15.65640533,  16.15281776,  17.47929001,
        17.69143561,  17.75671635,  17.77978203,  18.57121801,
        19.46756911,  20.94300007,  20.96192815,  21.84405125,
        22.56165098,  36.30438702,  36.88695787,  37.30075468,
        41.17088467,  42.68787904,  43.36248049,  45.08528074,
        50.77356362,  51.40811015,  52.23886312,  58.43274208,
        67.28808784,  69.30852007,  74.53077397,  76.57961287,
        78.012663  ,  79.33481331,  96.17935711, 102.29646992,
       102.64490583, 112.61823147, 121.32981221, 154.04891248]))"

algorithm_output,"{'states': [State(trustregion=Region(center=array([4.86482555, 0.20232485]), radius=0.48648255486734693, bounds=Bounds(lower=array([1.1 , 0.01]), upper=array([20.  ,  0.99]))), model_indices=[0], model=ScalarModel(intercept=0.485094886893238, linear_terms=array([0., 0.]), square_terms=array([[0., 0.],
       [0., 0.]]), scale=0.48648255486734693, shift=array([4.86482555, 0.20232485])), vector_model=VectorModel(intercepts=array([ 0.05812235,  0.13763081,  0.14901613,  0.17946701,  0.19376649,
        0.1966554 ,  0.19039494,  0.16336154,  0.02016823,  0.02338998,
       -0.34143707, -0.38216157, -0.01101613,  0.02292078,  0.03396658,
        0.03445459,  0.05134243]), linear_terms=array([[0., 0.],
       [0., 0.],
       [0., 0.],
       [0., 0.],
       [0., 0.],
       [0., 0.],
       [0., 0.],
       [0., 0.],
       [0., 0.],
       [0., 0.],
       [0., 0.],
       [0., 0.],
       [0., 0.],
       [0., 0.],
       [0., 0.],
       [0., 0.],
       [0., 0.]]), square_terms=array([[[0., 0.],
        [0., 0.]],

       [[0., 0.],
        [0., 0.]],

       [[0., 0.],
        [0., 0.]],

       [[0., 0.],
        [0., 0.]],

       [[0., 0.],
        [0., 0.]],

       [[0., 0.],
        [0., 0.]],

       [[0., 0.],
        [0., 0.]],

       [[0., 0.],
        [0., 0.]],

       [[0., 0.],
        [0., 0.]],

       [[0., 0.],
        [0., 0.]],

       [[0., 0.],
        [0., 0.]],

       [[0., 0.],
        [0., 0.]],

       [[0., 0.],
        [0., 0.]],

       [[0., 0.],
        [0., 0.]],

       [[0., 0.],
        [0., 0.]],

       [[0., 0.],
        [0., 0.]],

       [[0., 0.],
        [0., 0.]]]), scale=0.48648255486734693, shift=array([4.86482555, 0.20232485])), candidate_index=0, candidate_x=array([4.86482555, 0.20232485]), index=0, x=array([4.86482555, 0.20232485]), fval=0.485094886893238, rho=nan, accepted=True, new_indices=[0], old_indices_used=[], old_indices_discarded=[], step_length=None, relative_step_length=None, n_evals_per_point=None, n_evals_acceptance=None), State(trustregion=Region(center=array([4.86482555, 0.20232485]), radius=0.48648255486734693, bounds=Bounds(lower=array([1.1 , 0.01]), upper=array([20.  ,  0.99]))), model_indices=array([ 0,  1,  2,  3,  4,  5,  6,  7,  8,  9, 10, 11, 12]), model=ScalarModel(intercept=0.811517038296643, linear_terms=array([-0.04269386,  2.07687542]), square_terms=array([[0.02283323, 0.0359636 ],
       [0.0359636 , 6.74180085]]), scale=array([0.43113394, 0.3117294 ]), shift=array([4.86482555, 0.3217294 ])), vector_model=VectorModel(intercepts=array([ 0.05812235,  0.13763081,  0.14901613,  0.17946701,  0.19376649,
        0.1966554 ,  0.19039494,  0.16336154,  0.02016823,  0.02338998,
       -0.34143707, -0.38216157, -0.01101613,  0.02292078,  0.03396658,
        0.03445459,  0.05134243]), linear_terms=array([[0., 0.],
       [0., 0.],
       [0., 0.],
       [0., 0.],
       [0., 0.],
       [0., 0.],
       [0., 0.],
       [0., 0.],
       [0., 0.],
       [0., 0.],
       [0., 0.],
       [0., 0.],
       [0., 0.],
       [0., 0.],
       [0., 0.],
       [0., 0.],
       [0., 0.]]), square_terms=array([[[0., 0.],
        [0., 0.]],

       [[0., 0.],
        [0., 0.]],

       [[0., 0.],
        [0., 0.]],

       [[0., 0.],
        [0., 0.]],

       [[0., 0.],
        [0., 0.]],

       [[0., 0.],
        [0., 0.]],

       [[0., 0.],
        [0., 0.]],

       [[0., 0.],
        [0., 0.]],

       [[0., 0.],
        [0., 0.]],

       [[0., 0.],
        [0., 0.]],

       [[0., 0.],
        [0., 0.]],

       [[0., 0.],
        [0., 0.]],

       [[0., 0.],
        [0., 0.]],

       [[0., 0.],
        [0., 0.]],

       [[0., 0.],
        [0., 0.]],

       [[0., 0.],
        [0., 0.]],

       [[0., 0.],
        [0., 0.]]]), scale=0.48648255486734693, shift=array([4.86482555, 0.20232485])), candidate_index=13, candidate_x=array([5.29595949, 0.22403532]), index=13, x=array([5.29595949, 0.22403532]), fval=0.4672070972923957, rho=0.291317312417789, accepted=True, new_indices=array([ 1,  2,  3,  4,  5,  6,  7,  8,  9, 10, 11, 12]), old_indices_used=array([0]), old_indices_discarded=array([], dtype=int32), step_length=0.4316802259799092, relative_step_length=0.8873498579977218, n_evals_per_point=1, n_evals_acceptance=1), State(trustregion=Region(center=array([5.29595949, 0.22403532]), radius=0.9729651097346939, bounds=Bounds(lower=array([1.1 , 0.01]), upper=array([20.  ,  0.99]))), model_indices=array([ 0,  1,  3,  5,  6,  9, 10, 12, 13]), model=ScalarModel(intercept=3.393097289794257, linear_terms=array([ 0.11584072, 10.08363827]), square_terms=array([[ 0.18083337,  0.26424385],
       [ 0.26424385, 17.35092914]]), scale=array([0.86226788, 0.49      ]), shift=array([5.29595949, 0.5       ])), vector_model=VectorModel(intercepts=array([ 0.05812235,  0.13763081,  0.14901613,  0.17946701,  0.19376649,
        0.1966554 ,  0.19039494,  0.16336154,  0.02016823,  0.02338998,
       -0.34143707, -0.38216157, -0.01101613,  0.02292078,  0.03396658,
        0.03445459,  0.05134243]), linear_terms=array([[0., 0.],
       [0., 0.],
       [0., 0.],
       [0., 0.],
       [0., 0.],
       [0., 0.],
       [0., 0.],
       [0., 0.],
       [0., 0.],
       [0., 0.],
       [0., 0.],
       [0., 0.],
       [0., 0.],
       [0., 0.],
       [0., 0.],
       [0., 0.],
       [0., 0.]]), square_terms=array([[[0., 0.],
        [0., 0.]],

       [[0., 0.],
        [0., 0.]],

       [[0., 0.],
        [0., 0.]],

       [[0., 0.],
        [0., 0.]],

       [[0., 0.],
        [0., 0.]],

       [[0., 0.],
        [0., 0.]],

       [[0., 0.],
        [0., 0.]],

       [[0., 0.],
        [0., 0.]],

       [[0., 0.],
        [0., 0.]],

       [[0., 0.],
        [0., 0.]],

       [[0., 0.],
        [0., 0.]],

       [[0., 0.],
        [0., 0.]],

       [[0., 0.],
        [0., 0.]],

       [[0., 0.],
        [0., 0.]],

       [[0., 0.],
        [0., 0.]],

       [[0., 0.],
        [0., 0.]],

       [[0., 0.],
        [0., 0.]]]), scale=0.48648255486734693, shift=array([4.86482555, 0.20232485])), candidate_index=14, candidate_x=array([5.47994676, 0.21364009]), index=13, x=array([5.29595949, 0.22403532]), fval=0.4672070972923957, rho=-3.3019550949836467, accepted=False, new_indices=array([], dtype=int32), old_indices_used=array([ 0,  1,  3,  5,  6,  9, 10, 12, 13]), old_indices_discarded=array([ 2,  4,  7,  8, 11]), step_length=0.0, relative_step_length=0.0, n_evals_per_point=1, n_evals_acceptance=1), State(trustregion=Region(center=array([5.29595949, 0.22403532]), radius=0.48648255486734693, bounds=Bounds(lower=array([1.1 , 0.01]), upper=array([20.  ,  0.99]))), model_indices=array([ 0,  2,  4,  5,  6,  8,  9, 13, 14]), model=ScalarModel(intercept=0.8208542402648822, linear_terms=array([0.02288648, 2.18729176]), square_terms=array([[0.069191  , 0.02924629],
       [0.02924629, 6.54414905]]), scale=array([0.43113394, 0.32258463]), shift=array([5.29595949, 0.33258463])), vector_model=VectorModel(intercepts=array([ 0.05812235,  0.13763081,  0.14901613,  0.17946701,  0.19376649,
        0.1966554 ,  0.19039494,  0.16336154,  0.02016823,  0.02338998,
       -0.34143707, -0.38216157, -0.01101613,  0.02292078,  0.03396658,
        0.03445459,  0.05134243]), linear_terms=array([[0., 0.],
       [0., 0.],
       [0., 0.],
       [0., 0.],
       [0., 0.],
       [0., 0.],
       [0., 0.],
       [0., 0.],
       [0., 0.],
       [0., 0.],
       [0., 0.],
       [0., 0.],
       [0., 0.],
       [0., 0.],
       [0., 0.],
       [0., 0.],
       [0., 0.]]), square_terms=array([[[0., 0.],
        [0., 0.]],

       [[0., 0.],
        [0., 0.]],

       [[0., 0.],
        [0., 0.]],

       [[0., 0.],
        [0., 0.]],

       [[0., 0.],
        [0., 0.]],

       [[0., 0.],
        [0., 0.]],

       [[0., 0.],
        [0., 0.]],

       [[0., 0.],
        [0., 0.]],

       [[0., 0.],
        [0., 0.]],

       [[0., 0.],
        [0., 0.]],

       [[0., 0.],
        [0., 0.]],

       [[0., 0.],
        [0., 0.]],

       [[0., 0.],
        [0., 0.]],

       [[0., 0.],
        [0., 0.]],

       [[0., 0.],
        [0., 0.]],

       [[0., 0.],
        [0., 0.]],

       [[0., 0.],
        [0., 0.]]]), scale=0.48648255486734693, shift=array([4.86482555, 0.20232485])), candidate_index=15, candidate_x=array([5.21410739, 0.22503886]), index=15, x=array([5.21410739, 0.22503886]), fval=0.46144842987590445, rho=4.565443093255099, accepted=True, new_indices=array([], dtype=int32), old_indices_used=array([ 0,  2,  4,  5,  6,  8,  9, 13, 14]), old_indices_discarded=array([ 1,  3,  7, 10, 11, 12]), step_length=0.08185824518367037, relative_step_length=0.1682655305203931, n_evals_per_point=1, n_evals_acceptance=1), State(trustregion=Region(center=array([5.21410739, 0.22503886]), radius=0.48648255486734693, bounds=Bounds(lower=array([1.1 , 0.01]), upper=array([20.  ,  0.99]))), model_indices=array([ 0,  2,  4,  5,  6,  8,  9, 14, 15]), model=ScalarModel(intercept=0.820120993462442, linear_terms=array([0.02527008, 2.19096194]), square_terms=array([[0.05657515, 0.06243896],
       [0.06243896, 6.55735491]]), scale=array([0.43113394, 0.3230864 ]), shift=array([5.21410739, 0.3330864 ])), vector_model=VectorModel(intercepts=array([ 0.05812235,  0.13763081,  0.14901613,  0.17946701,  0.19376649,
        0.1966554 ,  0.19039494,  0.16336154,  0.02016823,  0.02338998,
       -0.34143707, -0.38216157, -0.01101613,  0.02292078,  0.03396658,
        0.03445459,  0.05134243]), linear_terms=array([[0., 0.],
       [0., 0.],
       [0., 0.],
       [0., 0.],
       [0., 0.],
       [0., 0.],
       [0., 0.],
       [0., 0.],
       [0., 0.],
       [0., 0.],
       [0., 0.],
       [0., 0.],
       [0., 0.],
       [0., 0.],
       [0., 0.],
       [0., 0.],
       [0., 0.]]), square_terms=array([[[0., 0.],
        [0., 0.]],

       [[0., 0.],
        [0., 0.]],

       [[0., 0.],
        [0., 0.]],

       [[0., 0.],
        [0., 0.]],

       [[0., 0.],
        [0., 0.]],

       [[0., 0.],
        [0., 0.]],

       [[0., 0.],
        [0., 0.]],

       [[0., 0.],
        [0., 0.]],

       [[0., 0.],
        [0., 0.]],

       [[0., 0.],
        [0., 0.]],

       [[0., 0.],
        [0., 0.]],

       [[0., 0.],
        [0., 0.]],

       [[0., 0.],
        [0., 0.]],

       [[0., 0.],
        [0., 0.]],

       [[0., 0.],
        [0., 0.]],

       [[0., 0.],
        [0., 0.]],

       [[0., 0.],
        [0., 0.]]]), scale=0.48648255486734693, shift=array([4.86482555, 0.20232485])), candidate_index=16, candidate_x=array([5.18016083, 0.22537809]), index=16, x=array([5.18016083, 0.22537809]), fval=0.4592163459683019, rho=12.840932787345553, accepted=True, new_indices=array([], dtype=int32), old_indices_used=array([ 0,  2,  4,  5,  6,  8,  9, 14, 15]), old_indices_discarded=array([ 1,  3,  7, 10, 11, 12, 13]), step_length=0.03394826186079984, relative_step_length=0.06978310223283707, n_evals_per_point=1, n_evals_acceptance=1), State(trustregion=Region(center=array([5.18016083, 0.22537809]), radius=0.48648255486734693, bounds=Bounds(lower=array([1.1 , 0.01]), upper=array([20.  ,  0.99]))), model_indices=array([ 0,  2,  4,  5,  6,  9, 14, 16, 17]), model=ScalarModel(intercept=0.8584008854417754, linear_terms=array([0.15989402, 2.28126047]), square_terms=array([[0.03410362, 0.35954026],
       [0.35954026, 6.58574098]]), scale=array([0.43113394, 0.32325601]), shift=array([5.18016083, 0.33325601])), vector_model=VectorModel(intercepts=array([ 0.05812235,  0.13763081,  0.14901613,  0.17946701,  0.19376649,
        0.1966554 ,  0.19039494,  0.16336154,  0.02016823,  0.02338998,
       -0.34143707, -0.38216157, -0.01101613,  0.02292078,  0.03396658,
        0.03445459,  0.05134243]), linear_terms=array([[0., 0.],
       [0., 0.],
       [0., 0.],
       [0., 0.],
       [0., 0.],
       [0., 0.],
       [0., 0.],
       [0., 0.],
       [0., 0.],
       [0., 0.],
       [0., 0.],
       [0., 0.],
       [0., 0.],
       [0., 0.],
       [0., 0.],
       [0., 0.],
       [0., 0.]]), square_terms=array([[[0., 0.],
        [0., 0.]],

       [[0., 0.],
        [0., 0.]],

       [[0., 0.],
        [0., 0.]],

       [[0., 0.],
        [0., 0.]],

       [[0., 0.],
        [0., 0.]],

       [[0., 0.],
        [0., 0.]],

       [[0., 0.],
        [0., 0.]],

       [[0., 0.],
        [0., 0.]],

       [[0., 0.],
        [0., 0.]],

       [[0., 0.],
        [0., 0.]],

       [[0., 0.],
        [0., 0.]],

       [[0., 0.],
        [0., 0.]],

       [[0., 0.],
        [0., 0.]],

       [[0., 0.],
        [0., 0.]],

       [[0., 0.],
        [0., 0.]],

       [[0., 0.],
        [0., 0.]],

       [[0., 0.],
        [0., 0.]]]), scale=0.48648255486734693, shift=array([4.86482555, 0.20232485])), candidate_index=18, candidate_x=array([4.74902689, 0.23892986]), index=18, x=array([4.74902689, 0.23892986]), fval=0.43783164265347263, rho=0.7466031683398187, accepted=True, new_indices=array([17]), old_indices_used=array([ 0,  2,  4,  5,  6,  9, 14, 16]), old_indices_discarded=array([ 1,  3,  7,  8, 10, 11, 12, 13, 15]), step_length=0.4313468717508735, relative_step_length=0.8866646243224329, n_evals_per_point=1, n_evals_acceptance=1), State(trustregion=Region(center=array([4.74902689, 0.23892986]), radius=0.9729651097346939, bounds=Bounds(lower=array([1.1 , 0.01]), upper=array([20.  ,  0.99]))), model_indices=array([ 1,  3,  4,  5,  6, 12, 14, 17, 18]), model=ScalarModel(intercept=3.14056312974709, linear_terms=array([0.2990718 , 9.25580091]), square_terms=array([[ 0.13483427,  0.66907237],
       [ 0.66907237, 16.35350465]]), scale=array([0.86226788, 0.49      ]), shift=array([4.74902689, 0.5       ])), vector_model=VectorModel(intercepts=array([ 0.05812235,  0.13763081,  0.14901613,  0.17946701,  0.19376649,
        0.1966554 ,  0.19039494,  0.16336154,  0.02016823,  0.02338998,
       -0.34143707, -0.38216157, -0.01101613,  0.02292078,  0.03396658,
        0.03445459,  0.05134243]), linear_terms=array([[0., 0.],
       [0., 0.],
       [0., 0.],
       [0., 0.],
       [0., 0.],
       [0., 0.],
       [0., 0.],
       [0., 0.],
       [0., 0.],
       [0., 0.],
       [0., 0.],
       [0., 0.],
       [0., 0.],
       [0., 0.],
       [0., 0.],
       [0., 0.],
       [0., 0.]]), square_terms=array([[[0., 0.],
        [0., 0.]],

       [[0., 0.],
        [0., 0.]],

       [[0., 0.],
        [0., 0.]],

       [[0., 0.],
        [0., 0.]],

       [[0., 0.],
        [0., 0.]],

       [[0., 0.],
        [0., 0.]],

       [[0., 0.],
        [0., 0.]],

       [[0., 0.],
        [0., 0.]],

       [[0., 0.],
        [0., 0.]],

       [[0., 0.],
        [0., 0.]],

       [[0., 0.],
        [0., 0.]],

       [[0., 0.],
        [0., 0.]],

       [[0., 0.],
        [0., 0.]],

       [[0., 0.],
        [0., 0.]],

       [[0., 0.],
        [0., 0.]],

       [[0., 0.],
        [0., 0.]],

       [[0., 0.],
        [0., 0.]]]), scale=0.48648255486734693, shift=array([4.86482555, 0.20232485])), candidate_index=19, candidate_x=array([4.92679042, 0.22068098]), index=18, x=array([4.74902689, 0.23892986]), fval=0.43783164265347263, rho=-0.7499048479703541, accepted=False, new_indices=array([], dtype=int32), old_indices_used=array([ 1,  3,  4,  5,  6, 12, 14, 17, 18]), old_indices_discarded=array([ 0,  2,  7,  8,  9, 10, 11, 13, 15, 16]), step_length=0.0, relative_step_length=0.0, n_evals_per_point=1, n_evals_acceptance=1), State(trustregion=Region(center=array([4.74902689, 0.23892986]), radius=0.48648255486734693, bounds=Bounds(lower=array([1.1 , 0.01]), upper=array([20.  ,  0.99]))), model_indices=array([ 0,  1,  3,  5,  7, 10, 15, 18, 19]), model=ScalarModel(intercept=0.8644445325708836, linear_terms=array([0.05844118, 2.54625643]), square_terms=array([[0.10401151, 0.30122913],
       [0.30122913, 7.93318668]]), scale=array([0.43113394, 0.3300319 ]), shift=array([4.74902689, 0.3400319 ])), vector_model=VectorModel(intercepts=array([ 0.05812235,  0.13763081,  0.14901613,  0.17946701,  0.19376649,
        0.1966554 ,  0.19039494,  0.16336154,  0.02016823,  0.02338998,
       -0.34143707, -0.38216157, -0.01101613,  0.02292078,  0.03396658,
        0.03445459,  0.05134243]), linear_terms=array([[0., 0.],
       [0., 0.],
       [0., 0.],
       [0., 0.],
       [0., 0.],
       [0., 0.],
       [0., 0.],
       [0., 0.],
       [0., 0.],
       [0., 0.],
       [0., 0.],
       [0., 0.],
       [0., 0.],
       [0., 0.],
       [0., 0.],
       [0., 0.],
       [0., 0.]]), square_terms=array([[[0., 0.],
        [0., 0.]],

       [[0., 0.],
        [0., 0.]],

       [[0., 0.],
        [0., 0.]],

       [[0., 0.],
        [0., 0.]],

       [[0., 0.],
        [0., 0.]],

       [[0., 0.],
        [0., 0.]],

       [[0., 0.],
        [0., 0.]],

       [[0., 0.],
        [0., 0.]],

       [[0., 0.],
        [0., 0.]],

       [[0., 0.],
        [0., 0.]],

       [[0., 0.],
        [0., 0.]],

       [[0., 0.],
        [0., 0.]],

       [[0., 0.],
        [0., 0.]],

       [[0., 0.],
        [0., 0.]],

       [[0., 0.],
        [0., 0.]],

       [[0., 0.],
        [0., 0.]],

       [[0., 0.],
        [0., 0.]]]), scale=0.48648255486734693, shift=array([4.86482555, 0.20232485])), candidate_index=20, candidate_x=array([4.92712811, 0.22892721]), index=18, x=array([4.74902689, 0.23892986]), fval=0.43783164265347263, rho=-1.0339499972339385, accepted=False, new_indices=array([], dtype=int32), old_indices_used=array([ 0,  1,  3,  5,  7, 10, 15, 18, 19]), old_indices_discarded=array([ 2,  4,  6,  8,  9, 11, 12, 13, 14, 16, 17]), step_length=0.0, relative_step_length=0.0, n_evals_per_point=1, n_evals_acceptance=1), State(trustregion=Region(center=array([4.74902689, 0.23892986]), radius=0.24324127743367346, bounds=Bounds(lower=array([1.1 , 0.01]), upper=array([20.  ,  0.99]))), model_indices=array([ 0,  1,  3,  5,  7, 11, 18, 19, 20]), model=ScalarModel(intercept=0.44445756265376635, linear_terms=array([ 0.0018865 , -0.02918845]), square_terms=array([[0.04318794, 0.15680115],
       [0.15680115, 2.90423866]]), scale=array([0.21556697, 0.21556697]), shift=array([4.74902689, 0.23892986])), vector_model=VectorModel(intercepts=array([ 0.05812235,  0.13763081,  0.14901613,  0.17946701,  0.19376649,
        0.1966554 ,  0.19039494,  0.16336154,  0.02016823,  0.02338998,
       -0.34143707, -0.38216157, -0.01101613,  0.02292078,  0.03396658,
        0.03445459,  0.05134243]), linear_terms=array([[0., 0.],
       [0., 0.],
       [0., 0.],
       [0., 0.],
       [0., 0.],
       [0., 0.],
       [0., 0.],
       [0., 0.],
       [0., 0.],
       [0., 0.],
       [0., 0.],
       [0., 0.],
       [0., 0.],
       [0., 0.],
       [0., 0.],
       [0., 0.],
       [0., 0.]]), square_terms=array([[[0., 0.],
        [0., 0.]],

       [[0., 0.],
        [0., 0.]],

       [[0., 0.],
        [0., 0.]],

       [[0., 0.],
        [0., 0.]],

       [[0., 0.],
        [0., 0.]],

       [[0., 0.],
        [0., 0.]],

       [[0., 0.],
        [0., 0.]],

       [[0., 0.],
        [0., 0.]],

       [[0., 0.],
        [0., 0.]],

       [[0., 0.],
        [0., 0.]],

       [[0., 0.],
        [0., 0.]],

       [[0., 0.],
        [0., 0.]],

       [[0., 0.],
        [0., 0.]],

       [[0., 0.],
        [0., 0.]],

       [[0., 0.],
        [0., 0.]],

       [[0., 0.],
        [0., 0.]],

       [[0., 0.],
        [0., 0.]]]), scale=0.48648255486734693, shift=array([4.86482555, 0.20232485])), candidate_index=21, candidate_x=array([4.72753115, 0.24225694]), index=21, x=array([4.72753115, 0.24225694]), fval=0.4364713055818583, rho=4.260283774937777, accepted=True, new_indices=array([], dtype=int32), old_indices_used=array([ 0,  1,  3,  5,  7, 11, 18, 19, 20]), old_indices_discarded=array([ 2,  4,  6,  8,  9, 10, 12, 13, 14, 15, 16, 17]), step_length=0.02175169386482722, relative_step_length=0.08942435303053539, n_evals_per_point=1, n_evals_acceptance=1), State(trustregion=Region(center=array([4.72753115, 0.24225694]), radius=0.24324127743367346, bounds=Bounds(lower=array([1.1 , 0.01]), upper=array([20.  ,  0.99]))), model_indices=array([ 0,  5,  7, 11, 18, 19, 20, 21, 22]), model=ScalarModel(intercept=0.4338799394977832, linear_terms=array([-0.00305659, -0.0792029 ]), square_terms=array([[0.01296074, 0.1077416 ],
       [0.1077416 , 2.61918245]]), scale=array([0.21556697, 0.21556697]), shift=array([4.72753115, 0.24225694])), vector_model=VectorModel(intercepts=array([ 0.05812235,  0.13763081,  0.14901613,  0.17946701,  0.19376649,
        0.1966554 ,  0.19039494,  0.16336154,  0.02016823,  0.02338998,
       -0.34143707, -0.38216157, -0.01101613,  0.02292078,  0.03396658,
        0.03445459,  0.05134243]), linear_terms=array([[0., 0.],
       [0., 0.],
       [0., 0.],
       [0., 0.],
       [0., 0.],
       [0., 0.],
       [0., 0.],
       [0., 0.],
       [0., 0.],
       [0., 0.],
       [0., 0.],
       [0., 0.],
       [0., 0.],
       [0., 0.],
       [0., 0.],
       [0., 0.],
       [0., 0.]]), square_terms=array([[[0., 0.],
        [0., 0.]],

       [[0., 0.],
        [0., 0.]],

       [[0., 0.],
        [0., 0.]],

       [[0., 0.],
        [0., 0.]],

       [[0., 0.],
        [0., 0.]],

       [[0., 0.],
        [0., 0.]],

       [[0., 0.],
        [0., 0.]],

       [[0., 0.],
        [0., 0.]],

       [[0., 0.],
        [0., 0.]],

       [[0., 0.],
        [0., 0.]],

       [[0., 0.],
        [0., 0.]],

       [[0., 0.],
        [0., 0.]],

       [[0., 0.],
        [0., 0.]],

       [[0., 0.],
        [0., 0.]],

       [[0., 0.],
        [0., 0.]],

       [[0., 0.],
        [0., 0.]],

       [[0., 0.],
        [0., 0.]]]), scale=0.48648255486734693, shift=array([4.86482555, 0.20232485])), candidate_index=23, candidate_x=array([4.72243894, 0.24898506]), index=23, x=array([4.72243894, 0.24898506]), fval=0.4356681373265122, rho=0.6693572724936682, accepted=True, new_indices=array([22]), old_indices_used=array([ 0,  5,  7, 11, 18, 19, 20, 21]), old_indices_discarded=array([ 1,  2,  3,  4,  6,  8,  9, 10, 12, 13, 14, 15, 16, 17]), step_length=0.00843790154223367, relative_step_length=0.03468943113298071, n_evals_per_point=1, n_evals_acceptance=1), State(trustregion=Region(center=array([4.72243894, 0.24898506]), radius=0.24324127743367346, bounds=Bounds(lower=array([1.1 , 0.01]), upper=array([20.  ,  0.99]))), model_indices=array([ 0,  5,  7, 18, 19, 20, 21, 22, 23]), model=ScalarModel(intercept=0.44032437033196076, linear_terms=array([-0.00914973,  0.01849574]), square_terms=array([[1.43085042e-03, 4.19012302e-02],
       [4.19012302e-02, 2.46072589e+00]]), scale=array([0.21556697, 0.21556697]), shift=array([4.72243894, 0.24898506])), vector_model=VectorModel(intercepts=array([ 0.05812235,  0.13763081,  0.14901613,  0.17946701,  0.19376649,
        0.1966554 ,  0.19039494,  0.16336154,  0.02016823,  0.02338998,
       -0.34143707, -0.38216157, -0.01101613,  0.02292078,  0.03396658,
        0.03445459,  0.05134243]), linear_terms=array([[0., 0.],
       [0., 0.],
       [0., 0.],
       [0., 0.],
       [0., 0.],
       [0., 0.],
       [0., 0.],
       [0., 0.],
       [0., 0.],
       [0., 0.],
       [0., 0.],
       [0., 0.],
       [0., 0.],
       [0., 0.],
       [0., 0.],
       [0., 0.],
       [0., 0.]]), square_terms=array([[[0., 0.],
        [0., 0.]],

       [[0., 0.],
        [0., 0.]],

       [[0., 0.],
        [0., 0.]],

       [[0., 0.],
        [0., 0.]],

       [[0., 0.],
        [0., 0.]],

       [[0., 0.],
        [0., 0.]],

       [[0., 0.],
        [0., 0.]],

       [[0., 0.],
        [0., 0.]],

       [[0., 0.],
        [0., 0.]],

       [[0., 0.],
        [0., 0.]],

       [[0., 0.],
        [0., 0.]],

       [[0., 0.],
        [0., 0.]],

       [[0., 0.],
        [0., 0.]],

       [[0., 0.],
        [0., 0.]],

       [[0., 0.],
        [0., 0.]],

       [[0., 0.],
        [0., 0.]],

       [[0., 0.],
        [0., 0.]]]), scale=0.48648255486734693, shift=array([4.86482555, 0.20232485])), candidate_index=24, candidate_x=array([4.93800591, 0.2436941 ]), index=23, x=array([4.72243894, 0.24898506]), fval=0.4356681373265122, rho=-0.4703477451845733, accepted=False, new_indices=array([], dtype=int32), old_indices_used=array([ 0,  5,  7, 18, 19, 20, 21, 22, 23]), old_indices_discarded=array([ 1,  2,  3,  4,  6,  8,  9, 10, 11, 12, 13, 14, 15, 16, 17]), step_length=0.0, relative_step_length=0.0, n_evals_per_point=1, n_evals_acceptance=1), State(trustregion=Region(center=array([4.72243894, 0.24898506]), radius=0.12162063871683673, bounds=Bounds(lower=array([1.1 , 0.01]), upper=array([20.  ,  0.99]))), model_indices=array([ 0,  7, 18, 19, 20, 21, 22, 23, 24]), model=ScalarModel(intercept=0.44168776430031875, linear_terms=array([-0.00414431,  0.00442648]), square_terms=array([[7.16011255e-04, 1.08860579e-02],
       [1.08860579e-02, 7.96188509e-01]]), scale=0.12162063871683673, shift=array([4.72243894, 0.24898506])), vector_model=VectorModel(intercepts=array([ 0.05812235,  0.13763081,  0.14901613,  0.17946701,  0.19376649,
        0.1966554 ,  0.19039494,  0.16336154,  0.02016823,  0.02338998,
       -0.34143707, -0.38216157, -0.01101613,  0.02292078,  0.03396658,
        0.03445459,  0.05134243]), linear_terms=array([[0., 0.],
       [0., 0.],
       [0., 0.],
       [0., 0.],
       [0., 0.],
       [0., 0.],
       [0., 0.],
       [0., 0.],
       [0., 0.],
       [0., 0.],
       [0., 0.],
       [0., 0.],
       [0., 0.],
       [0., 0.],
       [0., 0.],
       [0., 0.],
       [0., 0.]]), square_terms=array([[[0., 0.],
        [0., 0.]],

       [[0., 0.],
        [0., 0.]],

       [[0., 0.],
        [0., 0.]],

       [[0., 0.],
        [0., 0.]],

       [[0., 0.],
        [0., 0.]],

       [[0., 0.],
        [0., 0.]],

       [[0., 0.],
        [0., 0.]],

       [[0., 0.],
        [0., 0.]],

       [[0., 0.],
        [0., 0.]],

       [[0., 0.],
        [0., 0.]],

       [[0., 0.],
        [0., 0.]],

       [[0., 0.],
        [0., 0.]],

       [[0., 0.],
        [0., 0.]],

       [[0., 0.],
        [0., 0.]],

       [[0., 0.],
        [0., 0.]],

       [[0., 0.],
        [0., 0.]],

       [[0., 0.],
        [0., 0.]]]), scale=0.48648255486734693, shift=array([4.86482555, 0.20232485])), candidate_index=25, candidate_x=array([4.84403902, 0.24665693]), index=23, x=array([4.72243894, 0.24898506]), fval=0.4356681373265122, rho=-0.34404337515729694, accepted=False, new_indices=array([], dtype=int32), old_indices_used=array([ 0,  7, 18, 19, 20, 21, 22, 23, 24]), old_indices_discarded=array([ 1,  2,  3,  5,  9, 10, 11, 12, 13, 15, 16]), step_length=0.0, relative_step_length=0.0, n_evals_per_point=1, n_evals_acceptance=1), State(trustregion=Region(center=array([4.72243894, 0.24898506]), radius=0.060810319358418366, bounds=Bounds(lower=array([1.1 , 0.01]), upper=array([20.  ,  0.99]))), model_indices=array([ 0,  7, 18, 19, 20, 21, 23, 24, 25]), model=ScalarModel(intercept=0.43967023180103054, linear_terms=array([0.00012016, 0.01252014]), square_terms=array([[0.00040738, 0.00283904],
       [0.00283904, 0.19599771]]), scale=0.060810319358418366, shift=array([4.72243894, 0.24898506])), vector_model=VectorModel(intercepts=array([ 0.05812235,  0.13763081,  0.14901613,  0.17946701,  0.19376649,
        0.1966554 ,  0.19039494,  0.16336154,  0.02016823,  0.02338998,
       -0.34143707, -0.38216157, -0.01101613,  0.02292078,  0.03396658,
        0.03445459,  0.05134243]), linear_terms=array([[0., 0.],
       [0., 0.],
       [0., 0.],
       [0., 0.],
       [0., 0.],
       [0., 0.],
       [0., 0.],
       [0., 0.],
       [0., 0.],
       [0., 0.],
       [0., 0.],
       [0., 0.],
       [0., 0.],
       [0., 0.],
       [0., 0.],
       [0., 0.],
       [0., 0.]]), square_terms=array([[[0., 0.],
        [0., 0.]],

       [[0., 0.],
        [0., 0.]],

       [[0., 0.],
        [0., 0.]],

       [[0., 0.],
        [0., 0.]],

       [[0., 0.],
        [0., 0.]],

       [[0., 0.],
        [0., 0.]],

       [[0., 0.],
        [0., 0.]],

       [[0., 0.],
        [0., 0.]],

       [[0., 0.],
        [0., 0.]],

       [[0., 0.],
        [0., 0.]],

       [[0., 0.],
        [0., 0.]],

       [[0., 0.],
        [0., 0.]],

       [[0., 0.],
        [0., 0.]],

       [[0., 0.],
        [0., 0.]],

       [[0., 0.],
        [0., 0.]],

       [[0., 0.],
        [0., 0.]],

       [[0., 0.],
        [0., 0.]]]), scale=0.48648255486734693, shift=array([4.86482555, 0.20232485])), candidate_index=26, candidate_x=array([4.73259916, 0.24495338]), index=23, x=array([4.72243894, 0.24898506]), fval=0.4356681373265122, rho=-0.7326824107880506, accepted=False, new_indices=array([], dtype=int32), old_indices_used=array([ 0,  7, 18, 19, 20, 21, 23, 24, 25]), old_indices_discarded=array([22]), step_length=0.0, relative_step_length=0.0, n_evals_per_point=1, n_evals_acceptance=1), State(trustregion=Region(center=array([4.72243894, 0.24898506]), radius=0.030405159679209183, bounds=Bounds(lower=array([1.1 , 0.01]), upper=array([20.  ,  0.99]))), model_indices=array([ 0, 18, 21, 23, 25, 26]), model=ScalarModel(intercept=0.43512397152734555, linear_terms=array([ 0.00030749, -0.0022704 ]), square_terms=array([[8.69580722e-05, 9.23644891e-04],
       [9.23644891e-04, 4.30256341e-02]]), scale=0.030405159679209183, shift=array([4.72243894, 0.24898506])), vector_model=VectorModel(intercepts=array([ 0.05812235,  0.13763081,  0.14901613,  0.17946701,  0.19376649,
        0.1966554 ,  0.19039494,  0.16336154,  0.02016823,  0.02338998,
       -0.34143707, -0.38216157, -0.01101613,  0.02292078,  0.03396658,
        0.03445459,  0.05134243]), linear_terms=array([[0., 0.],
       [0., 0.],
       [0., 0.],
       [0., 0.],
       [0., 0.],
       [0., 0.],
       [0., 0.],
       [0., 0.],
       [0., 0.],
       [0., 0.],
       [0., 0.],
       [0., 0.],
       [0., 0.],
       [0., 0.],
       [0., 0.],
       [0., 0.],
       [0., 0.]]), square_terms=array([[[0., 0.],
        [0., 0.]],

       [[0., 0.],
        [0., 0.]],

       [[0., 0.],
        [0., 0.]],

       [[0., 0.],
        [0., 0.]],

       [[0., 0.],
        [0., 0.]],

       [[0., 0.],
        [0., 0.]],

       [[0., 0.],
        [0., 0.]],

       [[0., 0.],
        [0., 0.]],

       [[0., 0.],
        [0., 0.]],

       [[0., 0.],
        [0., 0.]],

       [[0., 0.],
        [0., 0.]],

       [[0., 0.],
        [0., 0.]],

       [[0., 0.],
        [0., 0.]],

       [[0., 0.],
        [0., 0.]],

       [[0., 0.],
        [0., 0.]],

       [[0., 0.],
        [0., 0.]],

       [[0., 0.],
        [0., 0.]]]), scale=0.48648255486734693, shift=array([4.86482555, 0.20232485])), candidate_index=27, candidate_x=array([4.69207885, 0.25122618]), index=27, x=array([4.69207885, 0.25122618]), fval=0.4354997716805587, rho=0.44059580314192204, accepted=True, new_indices=array([], dtype=int32), old_indices_used=array([ 0, 18, 21, 23, 25, 26]), old_indices_discarded=array([], dtype=int32), step_length=0.03044269768675879, relative_step_length=1.0012345933369748, n_evals_per_point=1, n_evals_acceptance=1), State(trustregion=Region(center=array([4.69207885, 0.25122618]), radius=0.060810319358418366, bounds=Bounds(lower=array([1.1 , 0.01]), upper=array([20.  ,  0.99]))), model_indices=array([ 0, 18, 19, 20, 21, 23, 25, 26, 27]), model=ScalarModel(intercept=0.4347768975371566, linear_terms=array([0.00081255, 0.00056176]), square_terms=array([[0.00039064, 0.00393877],
       [0.00393877, 0.17299184]]), scale=0.060810319358418366, shift=array([4.69207885, 0.25122618])), vector_model=VectorModel(intercepts=array([ 0.05812235,  0.13763081,  0.14901613,  0.17946701,  0.19376649,
        0.1966554 ,  0.19039494,  0.16336154,  0.02016823,  0.02338998,
       -0.34143707, -0.38216157, -0.01101613,  0.02292078,  0.03396658,
        0.03445459,  0.05134243]), linear_terms=array([[0., 0.],
       [0., 0.],
       [0., 0.],
       [0., 0.],
       [0., 0.],
       [0., 0.],
       [0., 0.],
       [0., 0.],
       [0., 0.],
       [0., 0.],
       [0., 0.],
       [0., 0.],
       [0., 0.],
       [0., 0.],
       [0., 0.],
       [0., 0.],
       [0., 0.]]), square_terms=array([[[0., 0.],
        [0., 0.]],

       [[0., 0.],
        [0., 0.]],

       [[0., 0.],
        [0., 0.]],

       [[0., 0.],
        [0., 0.]],

       [[0., 0.],
        [0., 0.]],

       [[0., 0.],
        [0., 0.]],

       [[0., 0.],
        [0., 0.]],

       [[0., 0.],
        [0., 0.]],

       [[0., 0.],
        [0., 0.]],

       [[0., 0.],
        [0., 0.]],

       [[0., 0.],
        [0., 0.]],

       [[0., 0.],
        [0., 0.]],

       [[0., 0.],
        [0., 0.]],

       [[0., 0.],
        [0., 0.]],

       [[0., 0.],
        [0., 0.]],

       [[0., 0.],
        [0., 0.]],

       [[0., 0.],
        [0., 0.]]]), scale=0.48648255486734693, shift=array([4.86482555, 0.20232485])), candidate_index=28, candidate_x=array([4.63127981, 0.25240961]), index=27, x=array([4.69207885, 0.25122618]), fval=0.4354997716805587, rho=-0.9049913759785206, accepted=False, new_indices=array([], dtype=int32), old_indices_used=array([ 0, 18, 19, 20, 21, 23, 25, 26, 27]), old_indices_discarded=array([ 7, 24]), step_length=0.0, relative_step_length=0.0, n_evals_per_point=1, n_evals_acceptance=1), State(trustregion=Region(center=array([4.69207885, 0.25122618]), radius=0.030405159679209183, bounds=Bounds(lower=array([1.1 , 0.01]), upper=array([20.  ,  0.99]))), model_indices=array([18, 21, 23, 26, 27, 28]), model=ScalarModel(intercept=0.4356658893158137, linear_terms=array([-4.51836040e-05,  2.46697829e-03]), square_terms=array([[9.61307119e-05, 8.15563712e-04],
       [8.15563712e-04, 4.45699218e-02]]), scale=0.030405159679209183, shift=array([4.69207885, 0.25122618])), vector_model=VectorModel(intercepts=array([ 0.05812235,  0.13763081,  0.14901613,  0.17946701,  0.19376649,
        0.1966554 ,  0.19039494,  0.16336154,  0.02016823,  0.02338998,
       -0.34143707, -0.38216157, -0.01101613,  0.02292078,  0.03396658,
        0.03445459,  0.05134243]), linear_terms=array([[0., 0.],
       [0., 0.],
       [0., 0.],
       [0., 0.],
       [0., 0.],
       [0., 0.],
       [0., 0.],
       [0., 0.],
       [0., 0.],
       [0., 0.],
       [0., 0.],
       [0., 0.],
       [0., 0.],
       [0., 0.],
       [0., 0.],
       [0., 0.],
       [0., 0.]]), square_terms=array([[[0., 0.],
        [0., 0.]],

       [[0., 0.],
        [0., 0.]],

       [[0., 0.],
        [0., 0.]],

       [[0., 0.],
        [0., 0.]],

       [[0., 0.],
        [0., 0.]],

       [[0., 0.],
        [0., 0.]],

       [[0., 0.],
        [0., 0.]],

       [[0., 0.],
        [0., 0.]],

       [[0., 0.],
        [0., 0.]],

       [[0., 0.],
        [0., 0.]],

       [[0., 0.],
        [0., 0.]],

       [[0., 0.],
        [0., 0.]],

       [[0., 0.],
        [0., 0.]],

       [[0., 0.],
        [0., 0.]],

       [[0., 0.],
        [0., 0.]],

       [[0., 0.],
        [0., 0.]],

       [[0., 0.],
        [0., 0.]]]), scale=0.48648255486734693, shift=array([4.86482555, 0.20232485])), candidate_index=29, candidate_x=array([4.72240296, 0.24898882]), index=27, x=array([4.69207885, 0.25122618]), fval=0.4354997716805587, rho=-1.4218448105326258, accepted=False, new_indices=array([], dtype=int32), old_indices_used=array([18, 21, 23, 26, 27, 28]), old_indices_discarded=array([], dtype=int32), step_length=0.0, relative_step_length=0.0, n_evals_per_point=1, n_evals_acceptance=1), State(trustregion=Region(center=array([4.69207885, 0.25122618]), radius=0.015202579839604591, bounds=Bounds(lower=array([1.1 , 0.01]), upper=array([20.  ,  0.99]))), model_indices=array([18, 21, 23, 26, 27, 28, 29]), model=ScalarModel(intercept=0.43569745410150146, linear_terms=array([-1.04040439e-05,  1.33728510e-03]), square_terms=array([[2.39823357e-05, 2.04367630e-04],
       [2.04367630e-04, 1.11539102e-02]]), scale=0.015202579839604591, shift=array([4.69207885, 0.25122618])), vector_model=VectorModel(intercepts=array([ 0.05812235,  0.13763081,  0.14901613,  0.17946701,  0.19376649,
        0.1966554 ,  0.19039494,  0.16336154,  0.02016823,  0.02338998,
       -0.34143707, -0.38216157, -0.01101613,  0.02292078,  0.03396658,
        0.03445459,  0.05134243]), linear_terms=array([[0., 0.],
       [0., 0.],
       [0., 0.],
       [0., 0.],
       [0., 0.],
       [0., 0.],
       [0., 0.],
       [0., 0.],
       [0., 0.],
       [0., 0.],
       [0., 0.],
       [0., 0.],
       [0., 0.],
       [0., 0.],
       [0., 0.],
       [0., 0.],
       [0., 0.]]), square_terms=array([[[0., 0.],
        [0., 0.]],

       [[0., 0.],
        [0., 0.]],

       [[0., 0.],
        [0., 0.]],

       [[0., 0.],
        [0., 0.]],

       [[0., 0.],
        [0., 0.]],

       [[0., 0.],
        [0., 0.]],

       [[0., 0.],
        [0., 0.]],

       [[0., 0.],
        [0., 0.]],

       [[0., 0.],
        [0., 0.]],

       [[0., 0.],
        [0., 0.]],

       [[0., 0.],
        [0., 0.]],

       [[0., 0.],
        [0., 0.]],

       [[0., 0.],
        [0., 0.]],

       [[0., 0.],
        [0., 0.]],

       [[0., 0.],
        [0., 0.]],

       [[0., 0.],
        [0., 0.]],

       [[0., 0.],
        [0., 0.]]]), scale=0.48648255486734693, shift=array([4.86482555, 0.20232485])), candidate_index=30, candidate_x=array([4.70717834, 0.24912962]), index=30, x=array([4.70717834, 0.24912962]), fval=0.4354394837037852, rho=0.5749730989553812, accepted=True, new_indices=array([], dtype=int32), old_indices_used=array([18, 21, 23, 26, 27, 28, 29]), old_indices_discarded=array([], dtype=int32), step_length=0.015244351336920573, relative_step_length=1.0027476584735415, n_evals_per_point=1, n_evals_acceptance=1), State(trustregion=Region(center=array([4.70717834, 0.24912962]), radius=0.030405159679209183, bounds=Bounds(lower=array([1.1 , 0.01]), upper=array([20.  ,  0.99]))), model_indices=array([18, 21, 23, 25, 26, 27, 28, 29, 30]), model=ScalarModel(intercept=0.43563120575829056, linear_terms=array([0.00012196, 0.00084771]), square_terms=array([[9.11912773e-05, 8.34466373e-04],
       [8.34466373e-04, 4.49661348e-02]]), scale=0.030405159679209183, shift=array([4.70717834, 0.24912962])), vector_model=VectorModel(intercepts=array([ 0.05812235,  0.13763081,  0.14901613,  0.17946701,  0.19376649,
        0.1966554 ,  0.19039494,  0.16336154,  0.02016823,  0.02338998,
       -0.34143707, -0.38216157, -0.01101613,  0.02292078,  0.03396658,
        0.03445459,  0.05134243]), linear_terms=array([[0., 0.],
       [0., 0.],
       [0., 0.],
       [0., 0.],
       [0., 0.],
       [0., 0.],
       [0., 0.],
       [0., 0.],
       [0., 0.],
       [0., 0.],
       [0., 0.],
       [0., 0.],
       [0., 0.],
       [0., 0.],
       [0., 0.],
       [0., 0.],
       [0., 0.]]), square_terms=array([[[0., 0.],
        [0., 0.]],

       [[0., 0.],
        [0., 0.]],

       [[0., 0.],
        [0., 0.]],

       [[0., 0.],
        [0., 0.]],

       [[0., 0.],
        [0., 0.]],

       [[0., 0.],
        [0., 0.]],

       [[0., 0.],
        [0., 0.]],

       [[0., 0.],
        [0., 0.]],

       [[0., 0.],
        [0., 0.]],

       [[0., 0.],
        [0., 0.]],

       [[0., 0.],
        [0., 0.]],

       [[0., 0.],
        [0., 0.]],

       [[0., 0.],
        [0., 0.]],

       [[0., 0.],
        [0., 0.]],

       [[0., 0.],
        [0., 0.]],

       [[0., 0.],
        [0., 0.]],

       [[0., 0.],
        [0., 0.]]]), scale=0.48648255486734693, shift=array([4.86482555, 0.20232485])), candidate_index=31, candidate_x=array([4.6767721 , 0.24912069]), index=31, x=array([4.6767721 , 0.24912069]), fval=0.43530530133735157, rho=1.7570923651732033, accepted=True, new_indices=array([], dtype=int32), old_indices_used=array([18, 21, 23, 25, 26, 27, 28, 29, 30]), old_indices_discarded=array([], dtype=int32), step_length=0.030406241663332976, relative_step_length=1.0000355855432173, n_evals_per_point=1, n_evals_acceptance=1), State(trustregion=Region(center=array([4.6767721 , 0.24912069]), radius=0.060810319358418366, bounds=Bounds(lower=array([1.1 , 0.01]), upper=array([20.  ,  0.99]))), model_indices=array([18, 21, 23, 26, 27, 28, 29, 30, 31]), model=ScalarModel(intercept=0.4355787861595662, linear_terms=array([-0.00017628, -0.00159499]), square_terms=array([[0.00038266, 0.00331359],
       [0.00331359, 0.17872881]]), scale=0.060810319358418366, shift=array([4.6767721 , 0.24912069])), vector_model=VectorModel(intercepts=array([ 0.05812235,  0.13763081,  0.14901613,  0.17946701,  0.19376649,
        0.1966554 ,  0.19039494,  0.16336154,  0.02016823,  0.02338998,
       -0.34143707, -0.38216157, -0.01101613,  0.02292078,  0.03396658,
        0.03445459,  0.05134243]), linear_terms=array([[0., 0.],
       [0., 0.],
       [0., 0.],
       [0., 0.],
       [0., 0.],
       [0., 0.],
       [0., 0.],
       [0., 0.],
       [0., 0.],
       [0., 0.],
       [0., 0.],
       [0., 0.],
       [0., 0.],
       [0., 0.],
       [0., 0.],
       [0., 0.],
       [0., 0.]]), square_terms=array([[[0., 0.],
        [0., 0.]],

       [[0., 0.],
        [0., 0.]],

       [[0., 0.],
        [0., 0.]],

       [[0., 0.],
        [0., 0.]],

       [[0., 0.],
        [0., 0.]],

       [[0., 0.],
        [0., 0.]],

       [[0., 0.],
        [0., 0.]],

       [[0., 0.],
        [0., 0.]],

       [[0., 0.],
        [0., 0.]],

       [[0., 0.],
        [0., 0.]],

       [[0., 0.],
        [0., 0.]],

       [[0., 0.],
        [0., 0.]],

       [[0., 0.],
        [0., 0.]],

       [[0., 0.],
        [0., 0.]],

       [[0., 0.],
        [0., 0.]],

       [[0., 0.],
        [0., 0.]],

       [[0., 0.],
        [0., 0.]]]), scale=0.48648255486734693, shift=array([4.86482555, 0.20232485])), candidate_index=32, candidate_x=array([4.70454451, 0.24914847]), index=31, x=array([4.6767721 , 0.24912069]), fval=0.43530530133735157, rho=-1.623877468249944, accepted=False, new_indices=array([], dtype=int32), old_indices_used=array([18, 21, 23, 26, 27, 28, 29, 30, 31]), old_indices_discarded=array([ 0,  7, 19, 20, 24, 25]), step_length=0.0, relative_step_length=0.0, n_evals_per_point=1, n_evals_acceptance=1), State(trustregion=Region(center=array([4.6767721 , 0.24912069]), radius=0.030405159679209183, bounds=Bounds(lower=array([1.1 , 0.01]), upper=array([20.  ,  0.99]))), model_indices=array([21, 23, 26, 27, 28, 29, 30, 31, 32]), model=ScalarModel(intercept=0.4355524478868707, linear_terms=array([-8.17271099e-05, -4.59506111e-04]), square_terms=array([[9.53112649e-05, 8.28973452e-04],
       [8.28973452e-04, 4.50516796e-02]]), scale=0.030405159679209183, shift=array([4.6767721 , 0.24912069])), vector_model=VectorModel(intercepts=array([ 0.05812235,  0.13763081,  0.14901613,  0.17946701,  0.19376649,
        0.1966554 ,  0.19039494,  0.16336154,  0.02016823,  0.02338998,
       -0.34143707, -0.38216157, -0.01101613,  0.02292078,  0.03396658,
        0.03445459,  0.05134243]), linear_terms=array([[0., 0.],
       [0., 0.],
       [0., 0.],
       [0., 0.],
       [0., 0.],
       [0., 0.],
       [0., 0.],
       [0., 0.],
       [0., 0.],
       [0., 0.],
       [0., 0.],
       [0., 0.],
       [0., 0.],
       [0., 0.],
       [0., 0.],
       [0., 0.],
       [0., 0.]]), square_terms=array([[[0., 0.],
        [0., 0.]],

       [[0., 0.],
        [0., 0.]],

       [[0., 0.],
        [0., 0.]],

       [[0., 0.],
        [0., 0.]],

       [[0., 0.],
        [0., 0.]],

       [[0., 0.],
        [0., 0.]],

       [[0., 0.],
        [0., 0.]],

       [[0., 0.],
        [0., 0.]],

       [[0., 0.],
        [0., 0.]],

       [[0., 0.],
        [0., 0.]],

       [[0., 0.],
        [0., 0.]],

       [[0., 0.],
        [0., 0.]],

       [[0., 0.],
        [0., 0.]],

       [[0., 0.],
        [0., 0.]],

       [[0., 0.],
        [0., 0.]],

       [[0., 0.],
        [0., 0.]],

       [[0., 0.],
        [0., 0.]]]), scale=0.48648255486734693, shift=array([4.86482555, 0.20232485])), candidate_index=33, candidate_x=array([4.7071762 , 0.24886686]), index=31, x=array([4.6767721 , 0.24912069]), fval=0.43530530133735157, rho=-2.6677718020939998, accepted=False, new_indices=array([], dtype=int32), old_indices_used=array([21, 23, 26, 27, 28, 29, 30, 31, 32]), old_indices_discarded=array([18]), step_length=0.0, relative_step_length=0.0, n_evals_per_point=1, n_evals_acceptance=1), State(trustregion=Region(center=array([4.6767721 , 0.24912069]), radius=0.015202579839604591, bounds=Bounds(lower=array([1.1 , 0.01]), upper=array([20.  ,  0.99]))), model_indices=array([21, 23, 27, 28, 29, 30, 31, 32, 33]), model=ScalarModel(intercept=0.4355353188511131, linear_terms=array([-4.69028856e-05, -1.49851198e-04]), square_terms=array([[2.38341266e-05, 2.06989407e-04],
       [2.06989407e-04, 1.12811362e-02]]), scale=0.015202579839604591, shift=array([4.6767721 , 0.24912069])), vector_model=VectorModel(intercepts=array([ 0.05812235,  0.13763081,  0.14901613,  0.17946701,  0.19376649,
        0.1966554 ,  0.19039494,  0.16336154,  0.02016823,  0.02338998,
       -0.34143707, -0.38216157, -0.01101613,  0.02292078,  0.03396658,
        0.03445459,  0.05134243]), linear_terms=array([[0., 0.],
       [0., 0.],
       [0., 0.],
       [0., 0.],
       [0., 0.],
       [0., 0.],
       [0., 0.],
       [0., 0.],
       [0., 0.],
       [0., 0.],
       [0., 0.],
       [0., 0.],
       [0., 0.],
       [0., 0.],
       [0., 0.],
       [0., 0.],
       [0., 0.]]), square_terms=array([[[0., 0.],
        [0., 0.]],

       [[0., 0.],
        [0., 0.]],

       [[0., 0.],
        [0., 0.]],

       [[0., 0.],
        [0., 0.]],

       [[0., 0.],
        [0., 0.]],

       [[0., 0.],
        [0., 0.]],

       [[0., 0.],
        [0., 0.]],

       [[0., 0.],
        [0., 0.]],

       [[0., 0.],
        [0., 0.]],

       [[0., 0.],
        [0., 0.]],

       [[0., 0.],
        [0., 0.]],

       [[0., 0.],
        [0., 0.]],

       [[0., 0.],
        [0., 0.]],

       [[0., 0.],
        [0., 0.]],

       [[0., 0.],
        [0., 0.]],

       [[0., 0.],
        [0., 0.]],

       [[0., 0.],
        [0., 0.]]]), scale=0.48648255486734693, shift=array([4.86482555, 0.20232485])), candidate_index=34, candidate_x=array([4.69197525, 0.24904384]), index=31, x=array([4.6767721 , 0.24912069]), fval=0.43530530133735157, rho=-0.3178137585265484, accepted=False, new_indices=array([], dtype=int32), old_indices_used=array([21, 23, 27, 28, 29, 30, 31, 32, 33]), old_indices_discarded=array([18, 26]), step_length=0.0, relative_step_length=0.0, n_evals_per_point=1, n_evals_acceptance=1), State(trustregion=Region(center=array([4.6767721 , 0.24912069]), radius=0.007601289919802296, bounds=Bounds(lower=array([1.1 , 0.01]), upper=array([20.  ,  0.99]))), model_indices=array([27, 30, 31, 32, 33, 34]), model=ScalarModel(intercept=0.43529287977041536, linear_terms=array([1.68689328e-05, 7.59508435e-05]), square_terms=array([[5.92330883e-06, 5.50432035e-05],
       [5.50432035e-05, 2.85887868e-03]]), scale=0.007601289919802296, shift=array([4.6767721 , 0.24912069])), vector_model=VectorModel(intercepts=array([ 0.05812235,  0.13763081,  0.14901613,  0.17946701,  0.19376649,
        0.1966554 ,  0.19039494,  0.16336154,  0.02016823,  0.02338998,
       -0.34143707, -0.38216157, -0.01101613,  0.02292078,  0.03396658,
        0.03445459,  0.05134243]), linear_terms=array([[0., 0.],
       [0., 0.],
       [0., 0.],
       [0., 0.],
       [0., 0.],
       [0., 0.],
       [0., 0.],
       [0., 0.],
       [0., 0.],
       [0., 0.],
       [0., 0.],
       [0., 0.],
       [0., 0.],
       [0., 0.],
       [0., 0.],
       [0., 0.],
       [0., 0.]]), square_terms=array([[[0., 0.],
        [0., 0.]],

       [[0., 0.],
        [0., 0.]],

       [[0., 0.],
        [0., 0.]],

       [[0., 0.],
        [0., 0.]],

       [[0., 0.],
        [0., 0.]],

       [[0., 0.],
        [0., 0.]],

       [[0., 0.],
        [0., 0.]],

       [[0., 0.],
        [0., 0.]],

       [[0., 0.],
        [0., 0.]],

       [[0., 0.],
        [0., 0.]],

       [[0., 0.],
        [0., 0.]],

       [[0., 0.],
        [0., 0.]],

       [[0., 0.],
        [0., 0.]],

       [[0., 0.],
        [0., 0.]],

       [[0., 0.],
        [0., 0.]],

       [[0., 0.],
        [0., 0.]],

       [[0., 0.],
        [0., 0.]]]), scale=0.48648255486734693, shift=array([4.86482555, 0.20232485])), candidate_index=35, candidate_x=array([4.66916897, 0.24906534]), index=31, x=array([4.6767721 , 0.24912069]), fval=0.43530530133735157, rho=-8.265226651086037, accepted=False, new_indices=array([], dtype=int32), old_indices_used=array([27, 30, 31, 32, 33, 34]), old_indices_discarded=array([], dtype=int32), step_length=0.0, relative_step_length=0.0, n_evals_per_point=1, n_evals_acceptance=1), State(trustregion=Region(center=array([4.6767721 , 0.24912069]), radius=0.003800644959901148, bounds=Bounds(lower=array([1.1 , 0.01]), upper=array([20.  ,  0.99]))), model_indices=array([27, 31, 34, 35]), model=ScalarModel(intercept=0.43535478707720027, linear_terms=array([-1.55747826e-05,  9.97008160e-05]), square_terms=array([[1.47932830e-06, 1.28665888e-05],
       [1.28665888e-05, 7.18973560e-04]]), scale=0.003800644959901148, shift=array([4.6767721 , 0.24912069])), vector_model=VectorModel(intercepts=array([ 0.05812235,  0.13763081,  0.14901613,  0.17946701,  0.19376649,
        0.1966554 ,  0.19039494,  0.16336154,  0.02016823,  0.02338998,
       -0.34143707, -0.38216157, -0.01101613,  0.02292078,  0.03396658,
        0.03445459,  0.05134243]), linear_terms=array([[0., 0.],
       [0., 0.],
       [0., 0.],
       [0., 0.],
       [0., 0.],
       [0., 0.],
       [0., 0.],
       [0., 0.],
       [0., 0.],
       [0., 0.],
       [0., 0.],
       [0., 0.],
       [0., 0.],
       [0., 0.],
       [0., 0.],
       [0., 0.],
       [0., 0.]]), square_terms=array([[[0., 0.],
        [0., 0.]],

       [[0., 0.],
        [0., 0.]],

       [[0., 0.],
        [0., 0.]],

       [[0., 0.],
        [0., 0.]],

       [[0., 0.],
        [0., 0.]],

       [[0., 0.],
        [0., 0.]],

       [[0., 0.],
        [0., 0.]],

       [[0., 0.],
        [0., 0.]],

       [[0., 0.],
        [0., 0.]],

       [[0., 0.],
        [0., 0.]],

       [[0., 0.],
        [0., 0.]],

       [[0., 0.],
        [0., 0.]],

       [[0., 0.],
        [0., 0.]],

       [[0., 0.],
        [0., 0.]],

       [[0., 0.],
        [0., 0.]],

       [[0., 0.],
        [0., 0.]],

       [[0., 0.],
        [0., 0.]]]), scale=0.48648255486734693, shift=array([4.86482555, 0.20232485])), candidate_index=36, candidate_x=array([4.68056239, 0.24853886]), index=36, x=array([4.68056239, 0.24853886]), fval=0.4352359455430389, rho=2.9389109597051757, accepted=True, new_indices=array([], dtype=int32), old_indices_used=array([27, 31, 34, 35]), old_indices_discarded=array([], dtype=int32), step_length=0.003834686330825924, relative_step_length=1.0089567353130668, n_evals_per_point=1, n_evals_acceptance=1), State(trustregion=Region(center=array([4.68056239, 0.24853886]), radius=0.007601289919802296, bounds=Bounds(lower=array([1.1 , 0.01]), upper=array([20.  ,  0.99]))), model_indices=array([27, 30, 31, 32, 33, 34, 35, 36]), model=ScalarModel(intercept=0.43532456950742576, linear_terms=array([ 3.2245302e-06, -6.4840789e-05]), square_terms=array([[5.92337745e-06, 5.38880624e-05],
       [5.38880624e-05, 2.85551531e-03]]), scale=0.007601289919802296, shift=array([4.68056239, 0.24853886])), vector_model=VectorModel(intercepts=array([ 0.05812235,  0.13763081,  0.14901613,  0.17946701,  0.19376649,
        0.1966554 ,  0.19039494,  0.16336154,  0.02016823,  0.02338998,
       -0.34143707, -0.38216157, -0.01101613,  0.02292078,  0.03396658,
        0.03445459,  0.05134243]), linear_terms=array([[0., 0.],
       [0., 0.],
       [0., 0.],
       [0., 0.],
       [0., 0.],
       [0., 0.],
       [0., 0.],
       [0., 0.],
       [0., 0.],
       [0., 0.],
       [0., 0.],
       [0., 0.],
       [0., 0.],
       [0., 0.],
       [0., 0.],
       [0., 0.],
       [0., 0.]]), square_terms=array([[[0., 0.],
        [0., 0.]],

       [[0., 0.],
        [0., 0.]],

       [[0., 0.],
        [0., 0.]],

       [[0., 0.],
        [0., 0.]],

       [[0., 0.],
        [0., 0.]],

       [[0., 0.],
        [0., 0.]],

       [[0., 0.],
        [0., 0.]],

       [[0., 0.],
        [0., 0.]],

       [[0., 0.],
        [0., 0.]],

       [[0., 0.],
        [0., 0.]],

       [[0., 0.],
        [0., 0.]],

       [[0., 0.],
        [0., 0.]],

       [[0., 0.],
        [0., 0.]],

       [[0., 0.],
        [0., 0.]],

       [[0., 0.],
        [0., 0.]],

       [[0., 0.],
        [0., 0.]],

       [[0., 0.],
        [0., 0.]]]), scale=0.48648255486734693, shift=array([4.86482555, 0.20232485])), candidate_index=37, candidate_x=array([4.67296772, 0.24885597]), index=36, x=array([4.68056239, 0.24853886]), fval=0.4352359455430389, rho=-34.76871287229911, accepted=False, new_indices=array([], dtype=int32), old_indices_used=array([27, 30, 31, 32, 33, 34, 35, 36]), old_indices_discarded=array([], dtype=int32), step_length=0.0, relative_step_length=0.0, n_evals_per_point=1, n_evals_acceptance=1), State(trustregion=Region(center=array([4.68056239, 0.24853886]), radius=0.003800644959901148, bounds=Bounds(lower=array([1.1 , 0.01]), upper=array([20.  ,  0.99]))), model_indices=array([27, 31, 34, 35, 36, 37]), model=ScalarModel(intercept=0.435291460279811, linear_terms=array([-1.87617742e-05,  9.02341000e-05]), square_terms=array([[1.47809006e-06, 1.28667510e-05],
       [1.28667510e-05, 7.21443766e-04]]), scale=0.003800644959901148, shift=array([4.68056239, 0.24853886])), vector_model=VectorModel(intercepts=array([ 0.05812235,  0.13763081,  0.14901613,  0.17946701,  0.19376649,
        0.1966554 ,  0.19039494,  0.16336154,  0.02016823,  0.02338998,
       -0.34143707, -0.38216157, -0.01101613,  0.02292078,  0.03396658,
        0.03445459,  0.05134243]), linear_terms=array([[0., 0.],
       [0., 0.],
       [0., 0.],
       [0., 0.],
       [0., 0.],
       [0., 0.],
       [0., 0.],
       [0., 0.],
       [0., 0.],
       [0., 0.],
       [0., 0.],
       [0., 0.],
       [0., 0.],
       [0., 0.],
       [0., 0.],
       [0., 0.],
       [0., 0.]]), square_terms=array([[[0., 0.],
        [0., 0.]],

       [[0., 0.],
        [0., 0.]],

       [[0., 0.],
        [0., 0.]],

       [[0., 0.],
        [0., 0.]],

       [[0., 0.],
        [0., 0.]],

       [[0., 0.],
        [0., 0.]],

       [[0., 0.],
        [0., 0.]],

       [[0., 0.],
        [0., 0.]],

       [[0., 0.],
        [0., 0.]],

       [[0., 0.],
        [0., 0.]],

       [[0., 0.],
        [0., 0.]],

       [[0., 0.],
        [0., 0.]],

       [[0., 0.],
        [0., 0.]],

       [[0., 0.],
        [0., 0.]],

       [[0., 0.],
        [0., 0.]],

       [[0., 0.],
        [0., 0.]],

       [[0., 0.],
        [0., 0.]]]), scale=0.48648255486734693, shift=array([4.86482555, 0.20232485])), candidate_index=38, candidate_x=array([4.68435387, 0.2480099 ]), index=38, x=array([4.68435387, 0.2480099 ]), fval=0.43522502385892814, rho=0.4310270897860773, accepted=True, new_indices=array([], dtype=int32), old_indices_used=array([27, 31, 34, 35, 36, 37]), old_indices_discarded=array([], dtype=int32), step_length=0.003828203762778921, relative_step_length=1.0072510858468846, n_evals_per_point=1, n_evals_acceptance=1), State(trustregion=Region(center=array([4.68435387, 0.2480099 ]), radius=0.007601289919802296, bounds=Bounds(lower=array([1.1 , 0.01]), upper=array([20.  ,  0.99]))), model_indices=array([27, 31, 32, 33, 34, 35, 36, 37, 38]), model=ScalarModel(intercept=0.435298255830013, linear_terms=array([-4.16910837e-06, -7.51798231e-05]), square_terms=array([[5.91790866e-06, 5.37804261e-05],
       [5.37804261e-05, 2.87212094e-03]]), scale=0.007601289919802296, shift=array([4.68435387, 0.2480099 ])), vector_model=VectorModel(intercepts=array([ 0.05812235,  0.13763081,  0.14901613,  0.17946701,  0.19376649,
        0.1966554 ,  0.19039494,  0.16336154,  0.02016823,  0.02338998,
       -0.34143707, -0.38216157, -0.01101613,  0.02292078,  0.03396658,
        0.03445459,  0.05134243]), linear_terms=array([[0., 0.],
       [0., 0.],
       [0., 0.],
       [0., 0.],
       [0., 0.],
       [0., 0.],
       [0., 0.],
       [0., 0.],
       [0., 0.],
       [0., 0.],
       [0., 0.],
       [0., 0.],
       [0., 0.],
       [0., 0.],
       [0., 0.],
       [0., 0.],
       [0., 0.]]), square_terms=array([[[0., 0.],
        [0., 0.]],

       [[0., 0.],
        [0., 0.]],

       [[0., 0.],
        [0., 0.]],

       [[0., 0.],
        [0., 0.]],

       [[0., 0.],
        [0., 0.]],

       [[0., 0.],
        [0., 0.]],

       [[0., 0.],
        [0., 0.]],

       [[0., 0.],
        [0., 0.]],

       [[0., 0.],
        [0., 0.]],

       [[0., 0.],
        [0., 0.]],

       [[0., 0.],
        [0., 0.]],

       [[0., 0.],
        [0., 0.]],

       [[0., 0.],
        [0., 0.]],

       [[0., 0.],
        [0., 0.]],

       [[0., 0.],
        [0., 0.]],

       [[0., 0.],
        [0., 0.]],

       [[0., 0.],
        [0., 0.]]]), scale=0.48648255486734693, shift=array([4.86482555, 0.20232485])), candidate_index=39, candidate_x=array([4.68862805, 0.24812883]), index=39, x=array([4.68862805, 0.24812883]), fval=0.43518326650882555, rho=23.721765584397204, accepted=True, new_indices=array([], dtype=int32), old_indices_used=array([27, 31, 32, 33, 34, 35, 36, 37, 38]), old_indices_discarded=array([30]), step_length=0.004275835754173429, relative_step_length=0.5625144941563603, n_evals_per_point=1, n_evals_acceptance=1), State(trustregion=Region(center=array([4.68862805, 0.24812883]), radius=0.015202579839604591, bounds=Bounds(lower=array([1.1 , 0.01]), upper=array([20.  ,  0.99]))), model_indices=array([27, 31, 32, 33, 34, 36, 37, 38, 39]), model=ScalarModel(intercept=0.43526478831151655, linear_terms=array([2.53692738e-05, 1.36988404e-04]), square_terms=array([[2.36835973e-05, 2.18792249e-04],
       [2.18792249e-04, 1.14617731e-02]]), scale=0.015202579839604591, shift=array([4.68862805, 0.24812883])), vector_model=VectorModel(intercepts=array([ 0.05812235,  0.13763081,  0.14901613,  0.17946701,  0.19376649,
        0.1966554 ,  0.19039494,  0.16336154,  0.02016823,  0.02338998,
       -0.34143707, -0.38216157, -0.01101613,  0.02292078,  0.03396658,
        0.03445459,  0.05134243]), linear_terms=array([[0., 0.],
       [0., 0.],
       [0., 0.],
       [0., 0.],
       [0., 0.],
       [0., 0.],
       [0., 0.],
       [0., 0.],
       [0., 0.],
       [0., 0.],
       [0., 0.],
       [0., 0.],
       [0., 0.],
       [0., 0.],
       [0., 0.],
       [0., 0.],
       [0., 0.]]), square_terms=array([[[0., 0.],
        [0., 0.]],

       [[0., 0.],
        [0., 0.]],

       [[0., 0.],
        [0., 0.]],

       [[0., 0.],
        [0., 0.]],

       [[0., 0.],
        [0., 0.]],

       [[0., 0.],
        [0., 0.]],

       [[0., 0.],
        [0., 0.]],

       [[0., 0.],
        [0., 0.]],

       [[0., 0.],
        [0., 0.]],

       [[0., 0.],
        [0., 0.]],

       [[0., 0.],
        [0., 0.]],

       [[0., 0.],
        [0., 0.]],

       [[0., 0.],
        [0., 0.]],

       [[0., 0.],
        [0., 0.]],

       [[0., 0.],
        [0., 0.]],

       [[0., 0.],
        [0., 0.]],

       [[0., 0.],
        [0., 0.]]]), scale=0.48648255486734693, shift=array([4.86482555, 0.20232485])), candidate_index=40, candidate_x=array([4.6734258, 0.2482373]), index=39, x=array([4.68862805, 0.24812883]), fval=0.43518326650882555, rho=-13.443002043323201, accepted=False, new_indices=array([], dtype=int32), old_indices_used=array([27, 31, 32, 33, 34, 36, 37, 38, 39]), old_indices_discarded=array([18, 21, 23, 26, 28, 29, 30, 35]), step_length=0.0, relative_step_length=0.0, n_evals_per_point=1, n_evals_acceptance=1), State(trustregion=Region(center=array([4.68862805, 0.24812883]), radius=0.007601289919802296, bounds=Bounds(lower=array([1.1 , 0.01]), upper=array([20.  ,  0.99]))), model_indices=array([27, 31, 32, 34, 36, 37, 38, 39, 40]), model=ScalarModel(intercept=0.4352604744201048, linear_terms=array([-1.01203489e-05,  7.53793535e-05]), square_terms=array([[5.92158347e-06, 5.40461508e-05],
       [5.40461508e-05, 2.86236102e-03]]), scale=0.007601289919802296, shift=array([4.68862805, 0.24812883])), vector_model=VectorModel(intercepts=array([ 0.05812235,  0.13763081,  0.14901613,  0.17946701,  0.19376649,
        0.1966554 ,  0.19039494,  0.16336154,  0.02016823,  0.02338998,
       -0.34143707, -0.38216157, -0.01101613,  0.02292078,  0.03396658,
        0.03445459,  0.05134243]), linear_terms=array([[0., 0.],
       [0., 0.],
       [0., 0.],
       [0., 0.],
       [0., 0.],
       [0., 0.],
       [0., 0.],
       [0., 0.],
       [0., 0.],
       [0., 0.],
       [0., 0.],
       [0., 0.],
       [0., 0.],
       [0., 0.],
       [0., 0.],
       [0., 0.],
       [0., 0.]]), square_terms=array([[[0., 0.],
        [0., 0.]],

       [[0., 0.],
        [0., 0.]],

       [[0., 0.],
        [0., 0.]],

       [[0., 0.],
        [0., 0.]],

       [[0., 0.],
        [0., 0.]],

       [[0., 0.],
        [0., 0.]],

       [[0., 0.],
        [0., 0.]],

       [[0., 0.],
        [0., 0.]],

       [[0., 0.],
        [0., 0.]],

       [[0., 0.],
        [0., 0.]],

       [[0., 0.],
        [0., 0.]],

       [[0., 0.],
        [0., 0.]],

       [[0., 0.],
        [0., 0.]],

       [[0., 0.],
        [0., 0.]],

       [[0., 0.],
        [0., 0.]],

       [[0., 0.],
        [0., 0.]],

       [[0., 0.],
        [0., 0.]]]), scale=0.48648255486734693, shift=array([4.86482555, 0.20232485])), candidate_index=41, candidate_x=array([4.69622321, 0.24778604]), index=39, x=array([4.68862805, 0.24812883]), fval=0.43518326650882555, rho=-11.06642032990918, accepted=False, new_indices=array([], dtype=int32), old_indices_used=array([27, 31, 32, 34, 36, 37, 38, 39, 40]), old_indices_discarded=array([23, 29, 30, 33, 35]), step_length=0.0, relative_step_length=0.0, n_evals_per_point=1, n_evals_acceptance=1), State(trustregion=Region(center=array([4.68862805, 0.24812883]), radius=0.003800644959901148, bounds=Bounds(lower=array([1.1 , 0.01]), upper=array([20.  ,  0.99]))), model_indices=array([27, 31, 34, 36, 37, 38, 39, 40, 41]), model=ScalarModel(intercept=0.43525630902106077, linear_terms=array([-1.00107998e-05,  1.21659363e-05]), square_terms=array([[1.47510244e-06, 1.33662874e-05],
       [1.33662874e-05, 7.15244617e-04]]), scale=0.003800644959901148, shift=array([4.68862805, 0.24812883])), vector_model=VectorModel(intercepts=array([ 0.05812235,  0.13763081,  0.14901613,  0.17946701,  0.19376649,
        0.1966554 ,  0.19039494,  0.16336154,  0.02016823,  0.02338998,
       -0.34143707, -0.38216157, -0.01101613,  0.02292078,  0.03396658,
        0.03445459,  0.05134243]), linear_terms=array([[0., 0.],
       [0., 0.],
       [0., 0.],
       [0., 0.],
       [0., 0.],
       [0., 0.],
       [0., 0.],
       [0., 0.],
       [0., 0.],
       [0., 0.],
       [0., 0.],
       [0., 0.],
       [0., 0.],
       [0., 0.],
       [0., 0.],
       [0., 0.],
       [0., 0.]]), square_terms=array([[[0., 0.],
        [0., 0.]],

       [[0., 0.],
        [0., 0.]],

       [[0., 0.],
        [0., 0.]],

       [[0., 0.],
        [0., 0.]],

       [[0., 0.],
        [0., 0.]],

       [[0., 0.],
        [0., 0.]],

       [[0., 0.],
        [0., 0.]],

       [[0., 0.],
        [0., 0.]],

       [[0., 0.],
        [0., 0.]],

       [[0., 0.],
        [0., 0.]],

       [[0., 0.],
        [0., 0.]],

       [[0., 0.],
        [0., 0.]],

       [[0., 0.],
        [0., 0.]],

       [[0., 0.],
        [0., 0.]],

       [[0., 0.],
        [0., 0.]],

       [[0., 0.],
        [0., 0.]],

       [[0., 0.],
        [0., 0.]]]), scale=0.48648255486734693, shift=array([4.86482555, 0.20232485])), candidate_index=42, candidate_x=array([4.69242684, 0.24799488]), index=39, x=array([4.68862805, 0.24812883]), fval=0.43518326650882555, rho=-8.885047689935544, accepted=False, new_indices=array([], dtype=int32), old_indices_used=array([27, 31, 34, 36, 37, 38, 39, 40, 41]), old_indices_discarded=array([30, 32, 33]), step_length=0.0, relative_step_length=0.0, n_evals_per_point=1, n_evals_acceptance=1), State(trustregion=Region(center=array([4.68862805, 0.24812883]), radius=0.001900322479950574, bounds=Bounds(lower=array([1.1 , 0.01]), upper=array([20.  ,  0.99]))), model_indices=array([27, 34, 36, 38, 39, 41, 42]), model=ScalarModel(intercept=0.43524473139023856, linear_terms=array([8.75973605e-06, 1.03418053e-06]), square_terms=array([[3.70103244e-07, 3.48069534e-06],
       [3.48069534e-06, 1.78772065e-04]]), scale=0.001900322479950574, shift=array([4.68862805, 0.24812883])), vector_model=VectorModel(intercepts=array([ 0.05812235,  0.13763081,  0.14901613,  0.17946701,  0.19376649,
        0.1966554 ,  0.19039494,  0.16336154,  0.02016823,  0.02338998,
       -0.34143707, -0.38216157, -0.01101613,  0.02292078,  0.03396658,
        0.03445459,  0.05134243]), linear_terms=array([[0., 0.],
       [0., 0.],
       [0., 0.],
       [0., 0.],
       [0., 0.],
       [0., 0.],
       [0., 0.],
       [0., 0.],
       [0., 0.],
       [0., 0.],
       [0., 0.],
       [0., 0.],
       [0., 0.],
       [0., 0.],
       [0., 0.],
       [0., 0.],
       [0., 0.]]), square_terms=array([[[0., 0.],
        [0., 0.]],

       [[0., 0.],
        [0., 0.]],

       [[0., 0.],
        [0., 0.]],

       [[0., 0.],
        [0., 0.]],

       [[0., 0.],
        [0., 0.]],

       [[0., 0.],
        [0., 0.]],

       [[0., 0.],
        [0., 0.]],

       [[0., 0.],
        [0., 0.]],

       [[0., 0.],
        [0., 0.]],

       [[0., 0.],
        [0., 0.]],

       [[0., 0.],
        [0., 0.]],

       [[0., 0.],
        [0., 0.]],

       [[0., 0.],
        [0., 0.]],

       [[0., 0.],
        [0., 0.]],

       [[0., 0.],
        [0., 0.]],

       [[0., 0.],
        [0., 0.]],

       [[0., 0.],
        [0., 0.]]]), scale=0.48648255486734693, shift=array([4.86482555, 0.20232485])), candidate_index=43, candidate_x=array([4.68672786, 0.24815366]), index=39, x=array([4.68862805, 0.24812883]), fval=0.43518326650882555, rho=-0.9320954390727026, accepted=False, new_indices=array([], dtype=int32), old_indices_used=array([27, 34, 36, 38, 39, 41, 42]), old_indices_discarded=array([], dtype=int32), step_length=0.0, relative_step_length=0.0, n_evals_per_point=1, n_evals_acceptance=1), State(trustregion=Region(center=array([4.68862805, 0.24812883]), radius=0.000950161239975287, bounds=Bounds(lower=array([1.1 , 0.01]), upper=array([20.  ,  0.99]))), model_indices=array([27, 34, 38, 39, 42, 43]), model=ScalarModel(intercept=0.4352283788096108, linear_terms=array([ 8.66627811e-06, -1.28415015e-07]), square_terms=array([[9.42827408e-08, 9.00125413e-07],
       [9.00125413e-07, 4.46240457e-05]]), scale=0.000950161239975287, shift=array([4.68862805, 0.24812883])), vector_model=VectorModel(intercepts=array([ 0.05812235,  0.13763081,  0.14901613,  0.17946701,  0.19376649,
        0.1966554 ,  0.19039494,  0.16336154,  0.02016823,  0.02338998,
       -0.34143707, -0.38216157, -0.01101613,  0.02292078,  0.03396658,
        0.03445459,  0.05134243]), linear_terms=array([[0., 0.],
       [0., 0.],
       [0., 0.],
       [0., 0.],
       [0., 0.],
       [0., 0.],
       [0., 0.],
       [0., 0.],
       [0., 0.],
       [0., 0.],
       [0., 0.],
       [0., 0.],
       [0., 0.],
       [0., 0.],
       [0., 0.],
       [0., 0.],
       [0., 0.]]), square_terms=array([[[0., 0.],
        [0., 0.]],

       [[0., 0.],
        [0., 0.]],

       [[0., 0.],
        [0., 0.]],

       [[0., 0.],
        [0., 0.]],

       [[0., 0.],
        [0., 0.]],

       [[0., 0.],
        [0., 0.]],

       [[0., 0.],
        [0., 0.]],

       [[0., 0.],
        [0., 0.]],

       [[0., 0.],
        [0., 0.]],

       [[0., 0.],
        [0., 0.]],

       [[0., 0.],
        [0., 0.]],

       [[0., 0.],
        [0., 0.]],

       [[0., 0.],
        [0., 0.]],

       [[0., 0.],
        [0., 0.]],

       [[0., 0.],
        [0., 0.]],

       [[0., 0.],
        [0., 0.]],

       [[0., 0.],
        [0., 0.]]]), scale=0.48648255486734693, shift=array([4.86482555, 0.20232485])), candidate_index=44, candidate_x=array([4.68767807, 0.24814719]), index=39, x=array([4.68862805, 0.24812883]), fval=0.43518326650882555, rho=-2.0341881867997964, accepted=False, new_indices=array([], dtype=int32), old_indices_used=array([27, 34, 38, 39, 42, 43]), old_indices_discarded=array([], dtype=int32), step_length=0.0, relative_step_length=0.0, n_evals_per_point=1, n_evals_acceptance=1), State(trustregion=Region(center=array([4.68862805, 0.24812883]), radius=0.0004750806199876435, bounds=Bounds(lower=array([1.1 , 0.01]), upper=array([20.  ,  0.99]))), model_indices=array([39, 43, 44]), model=ScalarModel(intercept=0.4351832665088257, linear_terms=array([1.22252144e-05, 1.08564071e-03]), square_terms=array([[2.57135012e-08, 3.51660739e-07],
       [3.51660739e-07, 2.02678192e-05]]), scale=0.0004750806199876435, shift=array([4.68862805, 0.24812883])), vector_model=VectorModel(intercepts=array([ 0.05812235,  0.13763081,  0.14901613,  0.17946701,  0.19376649,
        0.1966554 ,  0.19039494,  0.16336154,  0.02016823,  0.02338998,
       -0.34143707, -0.38216157, -0.01101613,  0.02292078,  0.03396658,
        0.03445459,  0.05134243]), linear_terms=array([[0., 0.],
       [0., 0.],
       [0., 0.],
       [0., 0.],
       [0., 0.],
       [0., 0.],
       [0., 0.],
       [0., 0.],
       [0., 0.],
       [0., 0.],
       [0., 0.],
       [0., 0.],
       [0., 0.],
       [0., 0.],
       [0., 0.],
       [0., 0.],
       [0., 0.]]), square_terms=array([[[0., 0.],
        [0., 0.]],

       [[0., 0.],
        [0., 0.]],

       [[0., 0.],
        [0., 0.]],

       [[0., 0.],
        [0., 0.]],

       [[0., 0.],
        [0., 0.]],

       [[0., 0.],
        [0., 0.]],

       [[0., 0.],
        [0., 0.]],

       [[0., 0.],
        [0., 0.]],

       [[0., 0.],
        [0., 0.]],

       [[0., 0.],
        [0., 0.]],

       [[0., 0.],
        [0., 0.]],

       [[0., 0.],
        [0., 0.]],

       [[0., 0.],
        [0., 0.]],

       [[0., 0.],
        [0., 0.]],

       [[0., 0.],
        [0., 0.]],

       [[0., 0.],
        [0., 0.]],

       [[0., 0.],
        [0., 0.]]]), scale=0.48648255486734693, shift=array([4.86482555, 0.20232485])), candidate_index=45, candidate_x=array([4.68862737, 0.24765375]), index=39, x=array([4.68862805, 0.24812883]), fval=0.43518326650882555, rho=-0.043922521862301736, accepted=False, new_indices=array([], dtype=int32), old_indices_used=array([39, 43, 44]), old_indices_discarded=array([], dtype=int32), step_length=0.0, relative_step_length=0.0, n_evals_per_point=1, n_evals_acceptance=1), State(trustregion=Region(center=array([4.68862805, 0.24812883]), radius=0.00023754030999382174, bounds=Bounds(lower=array([1.1 , 0.01]), upper=array([20.  ,  0.99]))), model_indices=array([39, 44, 45]), model=ScalarModel(intercept=0.4351832665088257, linear_terms=array([-4.78051845e-06, -2.07596154e-05]), square_terms=array([[6.29218652e-09, 6.29972964e-08],
       [6.29972964e-08, 2.85313243e-06]]), scale=0.00023754030999382174, shift=array([4.68862805, 0.24812883])), vector_model=VectorModel(intercepts=array([ 0.05812235,  0.13763081,  0.14901613,  0.17946701,  0.19376649,
        0.1966554 ,  0.19039494,  0.16336154,  0.02016823,  0.02338998,
       -0.34143707, -0.38216157, -0.01101613,  0.02292078,  0.03396658,
        0.03445459,  0.05134243]), linear_terms=array([[0., 0.],
       [0., 0.],
       [0., 0.],
       [0., 0.],
       [0., 0.],
       [0., 0.],
       [0., 0.],
       [0., 0.],
       [0., 0.],
       [0., 0.],
       [0., 0.],
       [0., 0.],
       [0., 0.],
       [0., 0.],
       [0., 0.],
       [0., 0.],
       [0., 0.]]), square_terms=array([[[0., 0.],
        [0., 0.]],

       [[0., 0.],
        [0., 0.]],

       [[0., 0.],
        [0., 0.]],

       [[0., 0.],
        [0., 0.]],

       [[0., 0.],
        [0., 0.]],

       [[0., 0.],
        [0., 0.]],

       [[0., 0.],
        [0., 0.]],

       [[0., 0.],
        [0., 0.]],

       [[0., 0.],
        [0., 0.]],

       [[0., 0.],
        [0., 0.]],

       [[0., 0.],
        [0., 0.]],

       [[0., 0.],
        [0., 0.]],

       [[0., 0.],
        [0., 0.]],

       [[0., 0.],
        [0., 0.]],

       [[0., 0.],
        [0., 0.]],

       [[0., 0.],
        [0., 0.]],

       [[0., 0.],
        [0., 0.]]]), scale=0.48648255486734693, shift=array([4.86482555, 0.20232485])), candidate_index=46, candidate_x=array([4.68866431, 0.24836359]), index=39, x=array([4.68862805, 0.24812883]), fval=0.43518326650882555, rho=-2.4837642355685974, accepted=False, new_indices=array([], dtype=int32), old_indices_used=array([39, 44, 45]), old_indices_discarded=array([], dtype=int32), step_length=0.0, relative_step_length=0.0, n_evals_per_point=1, n_evals_acceptance=1), State(trustregion=Region(center=array([4.68862805, 0.24812883]), radius=0.00011877015499691087, bounds=Bounds(lower=array([1.1 , 0.01]), upper=array([20.  ,  0.99]))), model_indices=array([39, 45, 46]), model=ScalarModel(intercept=0.43518326650882566, linear_terms=array([ 2.26533944e-04, -1.07119760e-05]), square_terms=array([[ 2.13634537e-07, -1.44916582e-07],
       [-1.44916582e-07,  7.13748913e-07]]), scale=0.00011877015499691087, shift=array([4.68862805, 0.24812883])), vector_model=VectorModel(intercepts=array([ 0.05812235,  0.13763081,  0.14901613,  0.17946701,  0.19376649,
        0.1966554 ,  0.19039494,  0.16336154,  0.02016823,  0.02338998,
       -0.34143707, -0.38216157, -0.01101613,  0.02292078,  0.03396658,
        0.03445459,  0.05134243]), linear_terms=array([[0., 0.],
       [0., 0.],
       [0., 0.],
       [0., 0.],
       [0., 0.],
       [0., 0.],
       [0., 0.],
       [0., 0.],
       [0., 0.],
       [0., 0.],
       [0., 0.],
       [0., 0.],
       [0., 0.],
       [0., 0.],
       [0., 0.],
       [0., 0.],
       [0., 0.]]), square_terms=array([[[0., 0.],
        [0., 0.]],

       [[0., 0.],
        [0., 0.]],

       [[0., 0.],
        [0., 0.]],

       [[0., 0.],
        [0., 0.]],

       [[0., 0.],
        [0., 0.]],

       [[0., 0.],
        [0., 0.]],

       [[0., 0.],
        [0., 0.]],

       [[0., 0.],
        [0., 0.]],

       [[0., 0.],
        [0., 0.]],

       [[0., 0.],
        [0., 0.]],

       [[0., 0.],
        [0., 0.]],

       [[0., 0.],
        [0., 0.]],

       [[0., 0.],
        [0., 0.]],

       [[0., 0.],
        [0., 0.]],

       [[0., 0.],
        [0., 0.]],

       [[0., 0.],
        [0., 0.]],

       [[0., 0.],
        [0., 0.]]]), scale=0.48648255486734693, shift=array([4.86482555, 0.20232485])), candidate_index=47, candidate_x=array([4.68850931, 0.24813436]), index=47, x=array([4.68850931, 0.24813436]), fval=0.43518229088500443, rho=0.004300447790924311, accepted=True, new_indices=array([], dtype=int32), old_indices_used=array([39, 45, 46]), old_indices_discarded=array([], dtype=int32), step_length=0.00011887118458214511, relative_step_length=1.0008506310801468, n_evals_per_point=1, n_evals_acceptance=1)]}"

logger,
