CRRA,5.182794602829437

WealthShare,0.21421703505493653

time_to_estimate,239.83214473724365

params,"{'CRRA': 5.182794602829437, 'WealthShare': 0.21421703505493653}"

fun,0.3040619881727927

start_fun,6.480311537407922

start_params,"{'CRRA': 2.0, 'WealthShare': 0.05}"

algorithm,multistart_tranquilo_ls

direction,minimize

n_free,2

message,Absolute criterion change smaller than tolerance.

success,

n_fun_evals,

n_jac_evals,

n_hess_evals,

n_iterations,

status,

jac,

hess,

hess_inv,

max_constraint_violation,

history,

convergence_report,

multistart_info,"MultistartInfo(start_parameters=[{'CRRA': 5.138740431316184, 'WealthShare': 0.21828605568166004}, {'CRRA': 5.291527530329116, 'WealthShare': 0.22292009516322892}], local_optima=[Minimize with 2 free parameters terminated.

The tranquilo_ls algorithm reported: Absolute criterion change smaller than tolerance., Minimize with 2 free parameters terminated.

The tranquilo_ls algorithm reported: Absolute criterion change smaller than tolerance.], exploration_sample=[{'CRRA': 5.138740431316183, 'WealthShare': 0.21828605568166}, {'CRRA': 5.322843391490345, 'WealthShare': 0.22542663874939253}, {'CRRA': 5.699979545737616, 'WealthShare': 0.23134727054419602}, {'CRRA': 4.603504269983754, 'WealthShare': 0.2783025616666608}, {'CRRA': 7.6367135038379885, 'WealthShare': 0.1402804479472325}, {'CRRA': 8.21580156264462, 'WealthShare': 0.22767316975835045}, {'CRRA': 6.927306805210245, 'WealthShare': 0.11802953465550962}, {'CRRA': 5.517533228670757, 'WealthShare': 0.11551822516060567}, {'CRRA': 8.458937855700796, 'WealthShare': 0.2638672222271804}, {'CRRA': 8.415717662480446, 'WealthShare': 0.2775657646826473}, {'CRRA': 7.143986041795674, 'WealthShare': 0.096174661478262}, {'CRRA': 4.906950967420563, 'WealthShare': 0.11322611953856779}, {'CRRA': 8.990582226615146, 'WealthShare': 0.13087730028170916}, {'CRRA': 6.035197362766839, 'WealthShare': 0.08964674370277464}, {'CRRA': 7.329410126884435, 'WealthShare': 0.07040549592639748}, {'CRRA': 9.80101428187787, 'WealthShare': 0.19836435296850527}, {'CRRA': 5.027927092953188, 'WealthShare': 0.10169514620810775}, {'CRRA': 5.252129079174839, 'WealthShare': 0.09592009518121215}, {'CRRA': 4.293400749384237, 'WealthShare': 0.3012426072538158}, {'CRRA': 9.789645186965638, 'WealthShare': 0.2618433334243067}, {'CRRA': 8.100424610011052, 'WealthShare': 0.34228718668052327}, {'CRRA': 8.60207190522542, 'WealthShare': 0.33320566146868524}, {'CRRA': 9.262984440733518, 'WealthShare': 0.3294927220453091}, {'CRRA': 8.63227009977696, 'WealthShare': 0.04941292588315129}, {'CRRA': 7.632110029108407, 'WealthShare': 0.0372629133019918}, {'CRRA': 8.768896833047393, 'WealthShare': 0.36673502367630373}, {'CRRA': 10.435534956547842, 'WealthShare': 0.3191699260848227}, {'CRRA': 7.788082058853105, 'WealthShare': 0.3823970825154862}, {'CRRA': 11.240324701610277, 'WealthShare': 0.2816989243102248}, {'CRRA': 7.187226299856675, 'WealthShare': 0.021064657874580353}, {'CRRA': 10.620414366375496, 'WealthShare': 0.047752210084386994}, {'CRRA': 11.38391919801699, 'WealthShare': 0.10911595587432459}, {'CRRA': 10.767871737228814, 'WealthShare': 0.04421737526271863}, {'CRRA': 11.632080543008028, 'WealthShare': 0.26472732483562733}, {'CRRA': 7.364398733626082, 'WealthShare': 0.394116706829221}, {'CRRA': 11.877285763008334, 'WealthShare': 0.13104081914030774}, {'CRRA': 11.280145169858951, 'WealthShare': 0.3300325147204893}, {'CRRA': 3.0014517352974197, 'WealthShare': 0.22116406099342498}, {'CRRA': 11.915261611285114, 'WealthShare': 0.09246797300824579}, {'CRRA': 10.978971372622352, 'WealthShare': 0.3698760481629708}, {'CRRA': 3.474965716140958, 'WealthShare': 0.28592839913019036}, {'CRRA': 8.216469003726006, 'WealthShare': 0.40978310765933823}, {'CRRA': 12.599907979791974, 'WealthShare': 0.20613666510698123}, {'CRRA': 12.662722089826602, 'WealthShare': 0.13374569537467865}, {'CRRA': 3.0985859846577624, 'WealthShare': 0.2545733908519986}, {'CRRA': 12.809680260188752, 'WealthShare': 0.3014028073901467}, {'CRRA': 13.207164722230578, 'WealthShare': 0.25046546912066064}, {'CRRA': 12.692082706271686, 'WealthShare': 0.02908171768773212}, {'CRRA': 13.491284028084316, 'WealthShare': 0.2020113414065862}, {'CRRA': 13.470747362256843, 'WealthShare': 0.25466956527170587}, {'CRRA': 13.645873364069432, 'WealthShare': 0.19758817448754737}, {'CRRA': 13.62126920224304, 'WealthShare': 0.1431254197215545}, {'CRRA': 6.81735231616868, 'WealthShare': 0.42042906456175755}, {'CRRA': 13.619656616143345, 'WealthShare': 0.0421900942388728}, {'CRRA': 12.214258648623499, 'WealthShare': 0.42814468234128783}, {'CRRA': 14.349056655700336, 'WealthShare': 0.1640756143891054}, {'CRRA': 14.233363879802514, 'WealthShare': 0.08635550903747342}, {'CRRA': 13.868512403678537, 'WealthShare': 0.3746622306711908}, {'CRRA': 14.447554805487506, 'WealthShare': 0.2854513588367235}, {'CRRA': 14.56529035934727, 'WealthShare': 0.19879932519643426}, {'CRRA': 14.236156457943588, 'WealthShare': 0.029524728085458793}, {'CRRA': 12.014725974883781, 'WealthShare': 0.4685222796331446}, {'CRRA': 11.799645167744133, 'WealthShare': 0.47515552702445424}, {'CRRA': 7.689208215108026, 'WealthShare': 0.45622281725843583}, {'CRRA': 13.294751692215213, 'WealthShare': 0.46193316662321104}, {'CRRA': 11.091967781823168, 'WealthShare': 0.489169421195434}, {'CRRA': 15.640889236561087, 'WealthShare': 0.35685129640228086}, {'CRRA': 10.680771967550927, 'WealthShare': 0.4977678100488862}, {'CRRA': 15.996815070511705, 'WealthShare': 0.3742031439280777}, {'CRRA': 16.0442288238035, 'WealthShare': 0.08552070479735983}, {'CRRA': 7.697253821929259, 'WealthShare': 0.4713334434120132}, {'CRRA': 5.5095011722091485, 'WealthShare': 0.4222849877659244}, {'CRRA': 12.362861927822992, 'WealthShare': 0.5095436739282561}, {'CRRA': 16.600050066126542, 'WealthShare': 0.2898177275474503}, {'CRRA': 15.897442213676678, 'WealthShare': 0.4664238806119092}, {'CRRA': 15.585933664774947, 'WealthShare': 0.4832874588845666}, {'CRRA': 16.411124020826925, 'WealthShare': 0.46363270828749303}, {'CRRA': 16.739742299631004, 'WealthShare': 0.4440250213902384}, {'CRRA': 16.152652963071116, 'WealthShare': 0.4828841040032463}, {'CRRA': 16.79430100318312, 'WealthShare': 0.46568808852961807}, {'CRRA': 16.894632634913776, 'WealthShare': 0.47120256511006586}, {'CRRA': 17.25723349530384, 'WealthShare': 0.46082957808650804}, {'CRRA': 17.66877361746522, 'WealthShare': 0.32448336835974545}, {'CRRA': 17.512920534549185, 'WealthShare': 0.4653056781119297}, {'CRRA': 16.256738309989274, 'WealthShare': 0.5174150999256}, {'CRRA': 17.98465451298049, 'WealthShare': 0.3347935247416476}, {'CRRA': 15.862434333979005, 'WealthShare': 0.537920189483214}, {'CRRA': 18.010489185569007, 'WealthShare': 0.2681383815777519}, {'CRRA': 2.4092671023095544, 'WealthShare': 0.22147470563690835}, {'CRRA': 5.372718865284174, 'WealthShare': 0.4353434229817259}, {'CRRA': 18.171600409633488, 'WealthShare': 0.03891504959705264}, {'CRRA': 18.58448152309227, 'WealthShare': 0.43467182284744355}, {'CRRA': 18.476405359520907, 'WealthShare': 0.4767652486007105}, {'CRRA': 18.406777376932347, 'WealthShare': 0.3149928460481891}, {'CRRA': 13.56166989179446, 'WealthShare': 0.5572656883567197}, {'CRRA': 13.935400796926897, 'WealthShare': 0.5636829757463606}, {'CRRA': 3.776488580632451, 'WealthShare': 0.37058255114207034}, {'CRRA': 19.03359800348798, 'WealthShare': 0.29429688983522917}, {'CRRA': 19.041241423708744, 'WealthShare': 0.05609926131330161}, {'CRRA': 7.956274063517112, 'WealthShare': 0.508956284811863}, {'CRRA': 10.038389344945971, 'WealthShare': 0.5420596944572931}, {'CRRA': 19.432412256217045, 'WealthShare': 0.5380600252953318}, {'CRRA': 19.938925185081622, 'WealthShare': 0.3822459244149731}, {'CRRA': 19.733125560242637, 'WealthShare': 0.06972566779667132}, {'CRRA': 2.4211390403435415, 'WealthShare': 0.1278566092389765}, {'CRRA': 2.9660752417147727, 'WealthShare': 0.08555614454530724}, {'CRRA': 17.76594034527569, 'WealthShare': 0.6147636597185396}, {'CRRA': 15.226017067143507, 'WealthShare': 0.6144356143437896}, {'CRRA': 9.741501662583753, 'WealthShare': 0.5646387722570375}, {'CRRA': 17.81054270182058, 'WealthShare': 0.6449345244610996}, {'CRRA': 16.715837378176403, 'WealthShare': 0.6432690967658357}, {'CRRA': 3.051105564427197, 'WealthShare': 0.3516025036132816}, {'CRRA': 12.549014173120188, 'WealthShare': 0.6383602196246883}, {'CRRA': 12.995556010674322, 'WealthShare': 0.6473160998050981}, {'CRRA': 18.981937156072966, 'WealthShare': 0.697372205910869}, {'CRRA': 9.99060824159642, 'WealthShare': 0.6189570742577641}, {'CRRA': 9.691847660575494, 'WealthShare': 0.6141773687000878}, {'CRRA': 18.280526927083724, 'WealthShare': 0.7149493210838849}, {'CRRA': 9.272640051015621, 'WealthShare': 0.620673170541514}, {'CRRA': 1.8601667178731371, 'WealthShare': 0.21782853615256037}, {'CRRA': 1.7805841979711765, 'WealthShare': 0.17330255412457707}, {'CRRA': 17.758533501827316, 'WealthShare': 0.741929528233872}, {'CRRA': 1.7096460557949003, 'WealthShare': 0.19955325746699162}, {'CRRA': 19.997601051302865, 'WealthShare': 0.7577388277148549}, {'CRRA': 18.117221670874997, 'WealthShare': 0.747881900601136}, {'CRRA': 1.9636625227195417, 'WealthShare': 0.27802802227761686}, {'CRRA': 1.8936835818019566, 'WealthShare': 0.2733169811483248}, {'CRRA': 1.8589930438750972, 'WealthShare': 0.2745968602312427}, {'CRRA': 7.490822916435365, 'WealthShare': 0.6221285755559136}, {'CRRA': 8.32457245518605, 'WealthShare': 0.6512676820035337}, {'CRRA': 9.281297231426603, 'WealthShare': 0.6878407480259019}, {'CRRA': 2.0, 'WealthShare': 0.05}, {'CRRA': 10.238862328609121, 'WealthShare': 0.7121999148827095}, {'CRRA': 1.375171126298589, 'WealthShare': 0.1281663663240823}, {'CRRA': 1.699274630479549, 'WealthShare': 0.2924925591748979}, {'CRRA': 18.187187985260266, 'WealthShare': 0.798713943972053}, {'CRRA': 8.597190752879001, 'WealthShare': 0.6901054675014715}, {'CRRA': 10.566086246866488, 'WealthShare': 0.7334698595229423}, {'CRRA': 10.105775641727426, 'WealthShare': 0.7281382934220769}, {'CRRA': 8.424177237224118, 'WealthShare': 0.6975185201807786}, {'CRRA': 7.164773447879206, 'WealthShare': 0.6678461201234549}, {'CRRA': 5.045828365957586, 'WealthShare': 0.5952295427163172}, {'CRRA': 16.491595574261243, 'WealthShare': 0.8063267045730091}, {'CRRA': 1.1649074259061158, 'WealthShare': 0.17916273999928678}, {'CRRA': 6.722255877613614, 'WealthShare': 0.6705952871518832}, {'CRRA': 2.6744902480217787, 'WealthShare': 0.45752102901030717}, {'CRRA': 5.863575093025451, 'WealthShare': 0.6459060194924172}, {'CRRA': 18.477865845538513, 'WealthShare': 0.8286858596015009}, {'CRRA': 9.787163322097273, 'WealthShare': 0.7557775175836678}, {'CRRA': 12.429763979780006, 'WealthShare': 0.791618853939648}, {'CRRA': 12.813469794685483, 'WealthShare': 0.800284880320108}, {'CRRA': 16.684268370085654, 'WealthShare': 0.8466635854423397}, {'CRRA': 15.50272005309609, 'WealthShare': 0.8435344458114161}, {'CRRA': 8.674842216580618, 'WealthShare': 0.7695136258532853}, {'CRRA': 12.57776853140859, 'WealthShare': 0.8244342496070507}, {'CRRA': 13.153400440627623, 'WealthShare': 0.8318361747796214}, {'CRRA': 9.998359783263563, 'WealthShare': 0.797432984151251}, {'CRRA': 3.9647868877815235, 'WealthShare': 0.6248912738165988}, {'CRRA': 9.184880132438952, 'WealthShare': 0.7959441983851777}, {'CRRA': 1.6074677044417558, 'WealthShare': 0.44553727625979883}, {'CRRA': 3.5660707609033397, 'WealthShare': 0.6495777470004268}, {'CRRA': 10.92990355941517, 'WealthShare': 0.8500140344818097}, {'CRRA': 18.35054736062364, 'WealthShare': 0.8975207048365417}, {'CRRA': 9.318738455943445, 'WealthShare': 0.8356775718372592}, {'CRRA': 18.42445897043448, 'WealthShare': 0.902624111635683}, {'CRRA': 12.435860990492811, 'WealthShare': 0.8801198946744502}, {'CRRA': 5.770753376643157, 'WealthShare': 0.7894718740286903}, {'CRRA': 16.158064702951496, 'WealthShare': 0.9061321429697222}, {'CRRA': 14.635322960563762, 'WealthShare': 0.9035458691732166}, {'CRRA': 14.900520824437697, 'WealthShare': 0.9124360313514307}, {'CRRA': 14.27194219910037, 'WealthShare': 0.9136334857519388}, {'CRRA': 10.347268622786501, 'WealthShare': 0.9027184827478364}, {'CRRA': 2.2437371268705744, 'WealthShare': 0.6758008445534658}, {'CRRA': 1.3550822822285165, 'WealthShare': 0.5589581361441337}, {'CRRA': 17.25875878090332, 'WealthShare': 0.9388912101411137}, {'CRRA': 19.450255781537464, 'WealthShare': 0.944026954814479}, {'CRRA': 19.321590943920754, 'WealthShare': 0.9439703042436625}, {'CRRA': 15.385431601557015, 'WealthShare': 0.9374866142031792}, {'CRRA': 1.3618173354699834, 'WealthShare': 0.6032220777370202}, {'CRRA': 9.80548357086965, 'WealthShare': 0.9230779483981919}, {'CRRA': 9.310230267253615, 'WealthShare': 0.9200999863032877}, {'CRRA': 4.473229180193968, 'WealthShare': 0.8535302419042582}, {'CRRA': 3.7713563783523436, 'WealthShare': 0.8402121981387147}, {'CRRA': 18.502830048997325, 'WealthShare': 0.960481580864758}, {'CRRA': 2.2260498872052414, 'WealthShare': 0.7547513613213069}, {'CRRA': 13.725852397595926, 'WealthShare': 0.9607678925566586}, {'CRRA': 9.824113454067591, 'WealthShare': 0.9545145555699807}, {'CRRA': 10.707821133812681, 'WealthShare': 0.9600867393977662}, {'CRRA': 8.217917731510102, 'WealthShare': 0.9509063966747631}, {'CRRA': 17.194178195941948, 'WealthShare': 0.9775162427895558}, {'CRRA': 8.198375785307773, 'WealthShare': 0.962235337628371}, {'CRRA': 11.672498511495842, 'WealthShare': 0.9744733011272113}, {'CRRA': 9.485313237183671, 'WealthShare': 0.9756456417769405}, {'CRRA': 5.414789716002346, 'WealthShare': 0.9608478904628753}, {'CRRA': 4.06073453531182, 'WealthShare': 0.9529628729330486}, {'CRRA': 4.482184127205323, 'WealthShare': 0.9634696687315885}, {'CRRA': 2.9095036275248782, 'WealthShare': 0.939996436778843}, {'CRRA': 4.682130347697578, 'WealthShare': 0.9756654891158053}, {'CRRA': 3.230593618088864, 'WealthShare': 0.9542027706357549}, {'CRRA': 1.3361569626974075, 'WealthShare': 0.906509714108447}], exploration_results=array([3.04712473e-01, 3.07490366e-01, 3.19466193e-01, 4.74083523e-01,
       4.95986980e-01, 5.03772810e-01, 5.07259930e-01, 5.35626434e-01,
       5.57265766e-01, 5.71273220e-01, 5.73503310e-01, 6.13568956e-01,
       6.13801059e-01, 6.25640911e-01, 6.59609802e-01, 6.62538795e-01,
       6.70501723e-01, 6.73972937e-01, 6.86154056e-01, 6.91525333e-01,
       6.97306747e-01, 7.02832822e-01, 7.45864361e-01, 7.47830090e-01,
       7.82739285e-01, 8.18940246e-01, 8.33755018e-01, 8.54396738e-01,
       8.72404282e-01, 8.83700712e-01, 8.85321213e-01, 8.85824622e-01,
       9.05062720e-01, 9.05369278e-01, 9.27082371e-01, 9.30523589e-01,
       9.37745789e-01, 9.40107742e-01, 9.64092297e-01, 9.86196618e-01,
       9.90872232e-01, 1.00348633e+00, 1.00882849e+00, 1.03094515e+00,
       1.04522709e+00, 1.07692171e+00, 1.09976974e+00, 1.12620988e+00,
       1.13110431e+00, 1.13648919e+00, 1.15266375e+00, 1.15809114e+00,
       1.17536137e+00, 1.22062781e+00, 1.23413314e+00, 1.25589740e+00,
       1.26780415e+00, 1.27481672e+00, 1.27996304e+00, 1.28396353e+00,
       1.30919966e+00, 1.36661698e+00, 1.38930105e+00, 1.39078164e+00,
       1.40571842e+00, 1.45454229e+00, 1.46519879e+00, 1.51599028e+00,
       1.51680693e+00, 1.52052477e+00, 1.54551734e+00, 1.54656185e+00,
       1.57426208e+00, 1.58378152e+00, 1.60055202e+00, 1.61069259e+00,
       1.63913241e+00, 1.64559032e+00, 1.65164648e+00, 1.67596646e+00,
       1.69275388e+00, 1.71293693e+00, 1.73398278e+00, 1.74115998e+00,
       1.74282292e+00, 1.77635494e+00, 1.79282644e+00, 1.79750291e+00,
       1.81495168e+00, 1.81766676e+00, 1.82848024e+00, 1.83556746e+00,
       1.84068303e+00, 1.84271461e+00, 1.86385811e+00, 1.90196569e+00,
       1.93792514e+00, 1.94397304e+00, 1.95094812e+00, 1.95298107e+00,
       1.96538386e+00, 1.99110845e+00, 2.02409849e+00, 2.05301423e+00,
       2.18230376e+00, 2.18459865e+00, 2.23391458e+00, 2.27701316e+00,
       2.31463351e+00, 2.48041522e+00, 2.50515907e+00, 2.70421113e+00,
       2.89751370e+00, 2.96902470e+00, 3.07420430e+00, 3.24570499e+00,
       3.25544410e+00, 3.47254552e+00, 3.61611540e+00, 3.62477108e+00,
       3.82452956e+00, 4.27833344e+00, 4.28842487e+00, 4.35595843e+00,
       4.39725099e+00, 4.43980436e+00, 4.69590605e+00, 4.95066688e+00,
       5.03407308e+00, 5.38324026e+00, 6.15217880e+00, 6.48601107e+00,
       6.53480044e+00, 6.75944261e+00, 6.88374007e+00, 6.90929039e+00,
       7.07293383e+00, 7.53453596e+00, 7.67900296e+00, 7.79074902e+00,
       7.89974812e+00, 7.99151493e+00, 8.43647125e+00, 8.78222744e+00,
       9.00645443e+00, 9.16372717e+00, 9.26583285e+00, 9.46987541e+00,
       1.04592751e+01, 1.04955390e+01, 1.10493531e+01, 1.35402506e+01,
       1.43012680e+01, 1.44581911e+01, 1.49694268e+01, 1.53886475e+01,
       1.54635680e+01, 1.57048247e+01, 1.73339874e+01, 2.27213678e+01,
       2.29726132e+01, 2.50238980e+01, 2.61108621e+01, 2.64014503e+01,
       2.84619665e+01, 3.18255774e+01, 3.33598063e+01, 3.52708226e+01,
       3.78274616e+01, 4.33357880e+01, 4.64839802e+01, 5.61881418e+01,
       6.10888319e+01, 6.16500971e+01, 6.32578991e+01, 6.37538006e+01,
       6.40502946e+01, 6.84812758e+01, 8.06650189e+01, 8.26266722e+01,
       8.32648848e+01, 8.94682121e+01, 9.91071282e+01, 1.01269141e+02,
       1.06881737e+02, 1.27648158e+02, 1.44766626e+02, 1.51430111e+02,
       1.57125679e+02, 1.73346932e+02, 1.92907619e+02, 1.97987739e+02,
       2.29344642e+02, 2.55833299e+02, 2.89484443e+02, 3.05120241e+02,
       3.37641309e+02, 3.48869009e+02, 3.54694085e+02, 5.48057884e+02]))"

algorithm_output,"{'states': [State(trustregion=Region(center=array([5.13874043, 0.21828606]), radius=0.5138740431316184, bounds=Bounds(lower=array([1.1 , 0.01]), upper=array([20.  ,  0.99]))), model_indices=[0], model=ScalarModel(intercept=0.30471247261361045, linear_terms=array([0., 0.]), square_terms=array([[0., 0.],
       [0., 0.]]), scale=0.5138740431316184, shift=array([5.13874043, 0.21828606])), vector_model=VectorModel(intercepts=array([ 0.04279157,  0.09391664,  0.09332483,  0.11538218,  0.12784046,
        0.13680102,  0.15284789,  0.21268265,  0.09594833,  0.11619923,
       -0.23610619, -0.28039835, -0.07995232, -0.04517183, -0.03317359,
       -0.03515332, -0.02318485]), linear_terms=array([[0., 0.],
       [0., 0.],
       [0., 0.],
       [0., 0.],
       [0., 0.],
       [0., 0.],
       [0., 0.],
       [0., 0.],
       [0., 0.],
       [0., 0.],
       [0., 0.],
       [0., 0.],
       [0., 0.],
       [0., 0.],
       [0., 0.],
       [0., 0.],
       [0., 0.]]), square_terms=array([[[0., 0.],
        [0., 0.]],

       [[0., 0.],
        [0., 0.]],

       [[0., 0.],
        [0., 0.]],

       [[0., 0.],
        [0., 0.]],

       [[0., 0.],
        [0., 0.]],

       [[0., 0.],
        [0., 0.]],

       [[0., 0.],
        [0., 0.]],

       [[0., 0.],
        [0., 0.]],

       [[0., 0.],
        [0., 0.]],

       [[0., 0.],
        [0., 0.]],

       [[0., 0.],
        [0., 0.]],

       [[0., 0.],
        [0., 0.]],

       [[0., 0.],
        [0., 0.]],

       [[0., 0.],
        [0., 0.]],

       [[0., 0.],
        [0., 0.]],

       [[0., 0.],
        [0., 0.]],

       [[0., 0.],
        [0., 0.]]]), scale=0.5138740431316184, shift=array([5.13874043, 0.21828606])), candidate_index=0, candidate_x=array([5.13874043, 0.21828606]), index=0, x=array([5.13874043, 0.21828606]), fval=0.30471247261361045, rho=nan, accepted=True, new_indices=[0], old_indices_used=[], old_indices_discarded=[], step_length=None, relative_step_length=None, n_evals_per_point=None, n_evals_acceptance=None), State(trustregion=Region(center=array([5.13874043, 0.21828606]), radius=0.5138740431316184, bounds=Bounds(lower=array([1.1 , 0.01]), upper=array([20.  ,  0.99]))), model_indices=array([ 0,  1,  2,  3,  4,  5,  6,  7,  8,  9, 10, 11, 12]), model=ScalarModel(intercept=1.5793534135296092, linear_terms=array([-0.16880982,  5.50221144]), square_terms=array([[ 0.02835341, -0.23358197],
       [-0.23358197, 11.76941495]]), scale=array([0.45540901, 0.33184753]), shift=array([5.13874043, 0.34184753])), vector_model=VectorModel(intercepts=array([ 0.04279157,  0.09391664,  0.09332483,  0.11538218,  0.12784046,
        0.13680102,  0.15284789,  0.21268265,  0.09594833,  0.11619923,
       -0.23610619, -0.28039835, -0.07995232, -0.04517183, -0.03317359,
       -0.03515332, -0.02318485]), linear_terms=array([[0., 0.],
       [0., 0.],
       [0., 0.],
       [0., 0.],
       [0., 0.],
       [0., 0.],
       [0., 0.],
       [0., 0.],
       [0., 0.],
       [0., 0.],
       [0., 0.],
       [0., 0.],
       [0., 0.],
       [0., 0.],
       [0., 0.],
       [0., 0.],
       [0., 0.]]), square_terms=array([[[0., 0.],
        [0., 0.]],

       [[0., 0.],
        [0., 0.]],

       [[0., 0.],
        [0., 0.]],

       [[0., 0.],
        [0., 0.]],

       [[0., 0.],
        [0., 0.]],

       [[0., 0.],
        [0., 0.]],

       [[0., 0.],
        [0., 0.]],

       [[0., 0.],
        [0., 0.]],

       [[0., 0.],
        [0., 0.]],

       [[0., 0.],
        [0., 0.]],

       [[0., 0.],
        [0., 0.]],

       [[0., 0.],
        [0., 0.]],

       [[0., 0.],
        [0., 0.]],

       [[0., 0.],
        [0., 0.]],

       [[0., 0.],
        [0., 0.]],

       [[0., 0.],
        [0., 0.]],

       [[0., 0.],
        [0., 0.]]]), scale=0.5138740431316184, shift=array([5.13874043, 0.21828606])), candidate_index=13, candidate_x=array([5.59414944, 0.19329455]), index=0, x=array([5.13874043, 0.21828606]), fval=0.30471247261361045, rho=-0.15249572491388777, accepted=False, new_indices=array([ 1,  2,  3,  4,  5,  6,  7,  8,  9, 10, 11, 12]), old_indices_used=array([0]), old_indices_discarded=array([], dtype=int32), step_length=0.0, relative_step_length=0.0, n_evals_per_point=1, n_evals_acceptance=1), State(trustregion=Region(center=array([5.13874043, 0.21828606]), radius=0.2569370215658092, bounds=Bounds(lower=array([1.1 , 0.01]), upper=array([20.  ,  0.99]))), model_indices=array([ 0,  1,  2,  3,  5,  6,  7, 11, 13]), model=ScalarModel(intercept=0.3141770928381201, linear_terms=array([0.00674438, 0.42952355]), square_terms=array([[0.02083381, 0.0810855 ],
       [0.0810855 , 3.56759331]]), scale=array([0.22770451, 0.21799528]), shift=array([5.13874043, 0.22799528])), vector_model=VectorModel(intercepts=array([ 0.04279157,  0.09391664,  0.09332483,  0.11538218,  0.12784046,
        0.13680102,  0.15284789,  0.21268265,  0.09594833,  0.11619923,
       -0.23610619, -0.28039835, -0.07995232, -0.04517183, -0.03317359,
       -0.03515332, -0.02318485]), linear_terms=array([[0., 0.],
       [0., 0.],
       [0., 0.],
       [0., 0.],
       [0., 0.],
       [0., 0.],
       [0., 0.],
       [0., 0.],
       [0., 0.],
       [0., 0.],
       [0., 0.],
       [0., 0.],
       [0., 0.],
       [0., 0.],
       [0., 0.],
       [0., 0.],
       [0., 0.]]), square_terms=array([[[0., 0.],
        [0., 0.]],

       [[0., 0.],
        [0., 0.]],

       [[0., 0.],
        [0., 0.]],

       [[0., 0.],
        [0., 0.]],

       [[0., 0.],
        [0., 0.]],

       [[0., 0.],
        [0., 0.]],

       [[0., 0.],
        [0., 0.]],

       [[0., 0.],
        [0., 0.]],

       [[0., 0.],
        [0., 0.]],

       [[0., 0.],
        [0., 0.]],

       [[0., 0.],
        [0., 0.]],

       [[0., 0.],
        [0., 0.]],

       [[0., 0.],
        [0., 0.]],

       [[0., 0.],
        [0., 0.]],

       [[0., 0.],
        [0., 0.]],

       [[0., 0.],
        [0., 0.]],

       [[0., 0.],
        [0., 0.]]]), scale=0.5138740431316184, shift=array([5.13874043, 0.21828606])), candidate_index=14, candidate_x=array([5.17492661, 0.20096216]), index=0, x=array([5.13874043, 0.21828606]), fval=0.30471247261361045, rho=-0.38252909835304627, accepted=False, new_indices=array([], dtype=int32), old_indices_used=array([ 0,  1,  2,  3,  5,  6,  7, 11, 13]), old_indices_discarded=array([ 4,  8,  9, 10, 12]), step_length=0.0, relative_step_length=0.0, n_evals_per_point=1, n_evals_acceptance=1), State(trustregion=Region(center=array([5.13874043, 0.21828606]), radius=0.1284685107829046, bounds=Bounds(lower=array([1.1 , 0.01]), upper=array([20.  ,  0.99]))), model_indices=array([ 0,  1,  2,  5,  6,  7, 11, 13, 14]), model=ScalarModel(intercept=0.2978187344086873, linear_terms=array([0.00917305, 0.10894652]), square_terms=array([[0.00526397, 0.03875736],
       [0.03875736, 1.14812664]]), scale=0.1284685107829046, shift=array([5.13874043, 0.21828606])), vector_model=VectorModel(intercepts=array([ 0.04279157,  0.09391664,  0.09332483,  0.11538218,  0.12784046,
        0.13680102,  0.15284789,  0.21268265,  0.09594833,  0.11619923,
       -0.23610619, -0.28039835, -0.07995232, -0.04517183, -0.03317359,
       -0.03515332, -0.02318485]), linear_terms=array([[0., 0.],
       [0., 0.],
       [0., 0.],
       [0., 0.],
       [0., 0.],
       [0., 0.],
       [0., 0.],
       [0., 0.],
       [0., 0.],
       [0., 0.],
       [0., 0.],
       [0., 0.],
       [0., 0.],
       [0., 0.],
       [0., 0.],
       [0., 0.],
       [0., 0.]]), square_terms=array([[[0., 0.],
        [0., 0.]],

       [[0., 0.],
        [0., 0.]],

       [[0., 0.],
        [0., 0.]],

       [[0., 0.],
        [0., 0.]],

       [[0., 0.],
        [0., 0.]],

       [[0., 0.],
        [0., 0.]],

       [[0., 0.],
        [0., 0.]],

       [[0., 0.],
        [0., 0.]],

       [[0., 0.],
        [0., 0.]],

       [[0., 0.],
        [0., 0.]],

       [[0., 0.],
        [0., 0.]],

       [[0., 0.],
        [0., 0.]],

       [[0., 0.],
        [0., 0.]],

       [[0., 0.],
        [0., 0.]],

       [[0., 0.],
        [0., 0.]],

       [[0., 0.],
        [0., 0.]],

       [[0., 0.],
        [0., 0.]]]), scale=0.5138740431316184, shift=array([5.13874043, 0.21828606])), candidate_index=15, candidate_x=array([5.01040099, 0.21043854]), index=0, x=array([5.13874043, 0.21828606]), fval=0.30471247261361045, rho=-0.21620771015547477, accepted=False, new_indices=array([], dtype=int32), old_indices_used=array([ 0,  1,  2,  5,  6,  7, 11, 13, 14]), old_indices_discarded=array([ 3,  4,  8,  9, 10]), step_length=0.0, relative_step_length=0.0, n_evals_per_point=1, n_evals_acceptance=1), State(trustregion=Region(center=array([5.13874043, 0.21828606]), radius=0.0642342553914523, bounds=Bounds(lower=array([1.1 , 0.01]), upper=array([20.  ,  0.99]))), model_indices=array([ 0,  5, 14, 15]), model=ScalarModel(intercept=0.30983246852569846, linear_terms=array([0.00065621, 0.05426311]), square_terms=array([[0.00041215, 0.0037251 ],
       [0.0037251 , 0.27193404]]), scale=0.0642342553914523, shift=array([5.13874043, 0.21828606])), vector_model=VectorModel(intercepts=array([ 0.04279157,  0.09391664,  0.09332483,  0.11538218,  0.12784046,
        0.13680102,  0.15284789,  0.21268265,  0.09594833,  0.11619923,
       -0.23610619, -0.28039835, -0.07995232, -0.04517183, -0.03317359,
       -0.03515332, -0.02318485]), linear_terms=array([[0., 0.],
       [0., 0.],
       [0., 0.],
       [0., 0.],
       [0., 0.],
       [0., 0.],
       [0., 0.],
       [0., 0.],
       [0., 0.],
       [0., 0.],
       [0., 0.],
       [0., 0.],
       [0., 0.],
       [0., 0.],
       [0., 0.],
       [0., 0.],
       [0., 0.]]), square_terms=array([[[0., 0.],
        [0., 0.]],

       [[0., 0.],
        [0., 0.]],

       [[0., 0.],
        [0., 0.]],

       [[0., 0.],
        [0., 0.]],

       [[0., 0.],
        [0., 0.]],

       [[0., 0.],
        [0., 0.]],

       [[0., 0.],
        [0., 0.]],

       [[0., 0.],
        [0., 0.]],

       [[0., 0.],
        [0., 0.]],

       [[0., 0.],
        [0., 0.]],

       [[0., 0.],
        [0., 0.]],

       [[0., 0.],
        [0., 0.]],

       [[0., 0.],
        [0., 0.]],

       [[0., 0.],
        [0., 0.]],

       [[0., 0.],
        [0., 0.]],

       [[0., 0.],
        [0., 0.]],

       [[0., 0.],
        [0., 0.]]]), scale=0.5138740431316184, shift=array([5.13874043, 0.21828606])), candidate_index=16, candidate_x=array([5.20148816, 0.20454697]), index=0, x=array([5.13874043, 0.21828606]), fval=0.30471247261361045, rho=-0.3357085171289834, accepted=False, new_indices=array([], dtype=int32), old_indices_used=array([ 0,  5, 14, 15]), old_indices_discarded=array([], dtype=int32), step_length=0.0, relative_step_length=0.0, n_evals_per_point=1, n_evals_acceptance=1), State(trustregion=Region(center=array([5.13874043, 0.21828606]), radius=0.03211712769572615, bounds=Bounds(lower=array([1.1 , 0.01]), upper=array([20.  ,  0.99]))), model_indices=array([ 0, 14, 15, 16]), model=ScalarModel(intercept=0.30475340507720505, linear_terms=array([-0.00023657,  0.0069577 ]), square_terms=array([[7.78842675e-05, 2.67981613e-04],
       [2.67981613e-04, 5.63607774e-02]]), scale=0.03211712769572615, shift=array([5.13874043, 0.21828606])), vector_model=VectorModel(intercepts=array([ 0.04279157,  0.09391664,  0.09332483,  0.11538218,  0.12784046,
        0.13680102,  0.15284789,  0.21268265,  0.09594833,  0.11619923,
       -0.23610619, -0.28039835, -0.07995232, -0.04517183, -0.03317359,
       -0.03515332, -0.02318485]), linear_terms=array([[0., 0.],
       [0., 0.],
       [0., 0.],
       [0., 0.],
       [0., 0.],
       [0., 0.],
       [0., 0.],
       [0., 0.],
       [0., 0.],
       [0., 0.],
       [0., 0.],
       [0., 0.],
       [0., 0.],
       [0., 0.],
       [0., 0.],
       [0., 0.],
       [0., 0.]]), square_terms=array([[[0., 0.],
        [0., 0.]],

       [[0., 0.],
        [0., 0.]],

       [[0., 0.],
        [0., 0.]],

       [[0., 0.],
        [0., 0.]],

       [[0., 0.],
        [0., 0.]],

       [[0., 0.],
        [0., 0.]],

       [[0., 0.],
        [0., 0.]],

       [[0., 0.],
        [0., 0.]],

       [[0., 0.],
        [0., 0.]],

       [[0., 0.],
        [0., 0.]],

       [[0., 0.],
        [0., 0.]],

       [[0., 0.],
        [0., 0.]],

       [[0., 0.],
        [0., 0.]],

       [[0., 0.],
        [0., 0.]],

       [[0., 0.],
        [0., 0.]],

       [[0., 0.],
        [0., 0.]],

       [[0., 0.],
        [0., 0.]]]), scale=0.5138740431316184, shift=array([5.13874043, 0.21828606])), candidate_index=17, candidate_x=array([5.17079047, 0.21418292]), index=17, x=array([5.17079047, 0.21418292]), fval=0.30416409407880596, rho=0.8303782899223211, accepted=True, new_indices=array([], dtype=int32), old_indices_used=array([ 0, 14, 15, 16]), old_indices_discarded=array([], dtype=int32), step_length=0.032311623712075445, relative_step_length=1.0060558346995387, n_evals_per_point=1, n_evals_acceptance=1), State(trustregion=Region(center=array([5.17079047, 0.21418292]), radius=0.0642342553914523, bounds=Bounds(lower=array([1.1 , 0.01]), upper=array([20.  ,  0.99]))), model_indices=array([ 0,  5, 14, 15, 16, 17]), model=ScalarModel(intercept=0.30702322181832453, linear_terms=array([0.00071092, 0.03848344]), square_terms=array([[0.00042036, 0.00378875],
       [0.00378875, 0.27175049]]), scale=0.0642342553914523, shift=array([5.17079047, 0.21418292])), vector_model=VectorModel(intercepts=array([ 0.04279157,  0.09391664,  0.09332483,  0.11538218,  0.12784046,
        0.13680102,  0.15284789,  0.21268265,  0.09594833,  0.11619923,
       -0.23610619, -0.28039835, -0.07995232, -0.04517183, -0.03317359,
       -0.03515332, -0.02318485]), linear_terms=array([[0., 0.],
       [0., 0.],
       [0., 0.],
       [0., 0.],
       [0., 0.],
       [0., 0.],
       [0., 0.],
       [0., 0.],
       [0., 0.],
       [0., 0.],
       [0., 0.],
       [0., 0.],
       [0., 0.],
       [0., 0.],
       [0., 0.],
       [0., 0.],
       [0., 0.]]), square_terms=array([[[0., 0.],
        [0., 0.]],

       [[0., 0.],
        [0., 0.]],

       [[0., 0.],
        [0., 0.]],

       [[0., 0.],
        [0., 0.]],

       [[0., 0.],
        [0., 0.]],

       [[0., 0.],
        [0., 0.]],

       [[0., 0.],
        [0., 0.]],

       [[0., 0.],
        [0., 0.]],

       [[0., 0.],
        [0., 0.]],

       [[0., 0.],
        [0., 0.]],

       [[0., 0.],
        [0., 0.]],

       [[0., 0.],
        [0., 0.]],

       [[0., 0.],
        [0., 0.]],

       [[0., 0.],
        [0., 0.]],

       [[0., 0.],
        [0., 0.]],

       [[0., 0.],
        [0., 0.]],

       [[0., 0.],
        [0., 0.]]]), scale=0.5138740431316184, shift=array([5.13874043, 0.21828606])), candidate_index=18, candidate_x=array([5.10707712, 0.20601913]), index=17, x=array([5.17079047, 0.21418292]), fval=0.30416409407880596, rho=-0.9071020939701633, accepted=False, new_indices=array([], dtype=int32), old_indices_used=array([ 0,  5, 14, 15, 16, 17]), old_indices_discarded=array([], dtype=int32), step_length=0.0, relative_step_length=0.0, n_evals_per_point=1, n_evals_acceptance=1), State(trustregion=Region(center=array([5.17079047, 0.21418292]), radius=0.03211712769572615, bounds=Bounds(lower=array([1.1 , 0.01]), upper=array([20.  ,  0.99]))), model_indices=array([ 0, 14, 15, 16, 17, 18]), model=ScalarModel(intercept=0.30412143241831224, linear_terms=array([-1.87244932e-04,  5.38180272e-05]), square_terms=array([[7.78415768e-05, 2.72433455e-04],
       [2.72433455e-04, 5.64493048e-02]]), scale=0.03211712769572615, shift=array([5.17079047, 0.21418292])), vector_model=VectorModel(intercepts=array([ 0.04279157,  0.09391664,  0.09332483,  0.11538218,  0.12784046,
        0.13680102,  0.15284789,  0.21268265,  0.09594833,  0.11619923,
       -0.23610619, -0.28039835, -0.07995232, -0.04517183, -0.03317359,
       -0.03515332, -0.02318485]), linear_terms=array([[0., 0.],
       [0., 0.],
       [0., 0.],
       [0., 0.],
       [0., 0.],
       [0., 0.],
       [0., 0.],
       [0., 0.],
       [0., 0.],
       [0., 0.],
       [0., 0.],
       [0., 0.],
       [0., 0.],
       [0., 0.],
       [0., 0.],
       [0., 0.],
       [0., 0.]]), square_terms=array([[[0., 0.],
        [0., 0.]],

       [[0., 0.],
        [0., 0.]],

       [[0., 0.],
        [0., 0.]],

       [[0., 0.],
        [0., 0.]],

       [[0., 0.],
        [0., 0.]],

       [[0., 0.],
        [0., 0.]],

       [[0., 0.],
        [0., 0.]],

       [[0., 0.],
        [0., 0.]],

       [[0., 0.],
        [0., 0.]],

       [[0., 0.],
        [0., 0.]],

       [[0., 0.],
        [0., 0.]],

       [[0., 0.],
        [0., 0.]],

       [[0., 0.],
        [0., 0.]],

       [[0., 0.],
        [0., 0.]],

       [[0., 0.],
        [0., 0.]],

       [[0., 0.],
        [0., 0.]],

       [[0., 0.],
        [0., 0.]]]), scale=0.5138740431316184, shift=array([5.13874043, 0.21828606])), candidate_index=19, candidate_x=array([5.20290708, 0.21399766]), index=19, x=array([5.20290708, 0.21399766]), fval=0.3041536657999588, rho=0.069864138244888, accepted=True, new_indices=array([], dtype=int32), old_indices_used=array([ 0, 14, 15, 16, 17, 18]), old_indices_discarded=array([], dtype=int32), step_length=0.03211713662094419, relative_step_length=1.0000002778958978, n_evals_per_point=1, n_evals_acceptance=1), State(trustregion=Region(center=array([5.20290708, 0.21399766]), radius=0.016058563847863076, bounds=Bounds(lower=array([1.1 , 0.01]), upper=array([20.  ,  0.99]))), model_indices=array([ 0, 14, 16, 17, 19]), model=ScalarModel(intercept=0.30416969211427064, linear_terms=array([2.50560094e-05, 1.96325152e-04]), square_terms=array([[1.95089160e-05, 7.14852386e-05],
       [7.14852386e-05, 1.40758060e-02]]), scale=0.016058563847863076, shift=array([5.20290708, 0.21399766])), vector_model=VectorModel(intercepts=array([ 0.04279157,  0.09391664,  0.09332483,  0.11538218,  0.12784046,
        0.13680102,  0.15284789,  0.21268265,  0.09594833,  0.11619923,
       -0.23610619, -0.28039835, -0.07995232, -0.04517183, -0.03317359,
       -0.03515332, -0.02318485]), linear_terms=array([[0., 0.],
       [0., 0.],
       [0., 0.],
       [0., 0.],
       [0., 0.],
       [0., 0.],
       [0., 0.],
       [0., 0.],
       [0., 0.],
       [0., 0.],
       [0., 0.],
       [0., 0.],
       [0., 0.],
       [0., 0.],
       [0., 0.],
       [0., 0.],
       [0., 0.]]), square_terms=array([[[0., 0.],
        [0., 0.]],

       [[0., 0.],
        [0., 0.]],

       [[0., 0.],
        [0., 0.]],

       [[0., 0.],
        [0., 0.]],

       [[0., 0.],
        [0., 0.]],

       [[0., 0.],
        [0., 0.]],

       [[0., 0.],
        [0., 0.]],

       [[0., 0.],
        [0., 0.]],

       [[0., 0.],
        [0., 0.]],

       [[0., 0.],
        [0., 0.]],

       [[0., 0.],
        [0., 0.]],

       [[0., 0.],
        [0., 0.]],

       [[0., 0.],
        [0., 0.]],

       [[0., 0.],
        [0., 0.]],

       [[0., 0.],
        [0., 0.]],

       [[0., 0.],
        [0., 0.]],

       [[0., 0.],
        [0., 0.]]]), scale=0.5138740431316184, shift=array([5.13874043, 0.21828606])), candidate_index=20, candidate_x=array([5.18684898, 0.21385528]), index=20, x=array([5.18684898, 0.21385528]), fval=0.30409094699027933, rho=3.955769976617664, accepted=True, new_indices=array([], dtype=int32), old_indices_used=array([ 0, 14, 16, 17, 19]), old_indices_discarded=array([], dtype=int32), step_length=0.01605873236042011, relative_step_length=1.000010493625621, n_evals_per_point=1, n_evals_acceptance=1), State(trustregion=Region(center=array([5.18684898, 0.21385528]), radius=0.03211712769572615, bounds=Bounds(lower=array([1.1 , 0.01]), upper=array([20.  ,  0.99]))), model_indices=array([ 0, 14, 16, 17, 18, 19, 20]), model=ScalarModel(intercept=0.3041099189258254, linear_terms=array([-0.00010025, -0.00025462]), square_terms=array([[7.58808531e-05, 3.20859954e-04],
       [3.20859954e-04, 5.64324388e-02]]), scale=0.03211712769572615, shift=array([5.18684898, 0.21385528])), vector_model=VectorModel(intercepts=array([ 0.04279157,  0.09391664,  0.09332483,  0.11538218,  0.12784046,
        0.13680102,  0.15284789,  0.21268265,  0.09594833,  0.11619923,
       -0.23610619, -0.28039835, -0.07995232, -0.04517183, -0.03317359,
       -0.03515332, -0.02318485]), linear_terms=array([[0., 0.],
       [0., 0.],
       [0., 0.],
       [0., 0.],
       [0., 0.],
       [0., 0.],
       [0., 0.],
       [0., 0.],
       [0., 0.],
       [0., 0.],
       [0., 0.],
       [0., 0.],
       [0., 0.],
       [0., 0.],
       [0., 0.],
       [0., 0.],
       [0., 0.]]), square_terms=array([[[0., 0.],
        [0., 0.]],

       [[0., 0.],
        [0., 0.]],

       [[0., 0.],
        [0., 0.]],

       [[0., 0.],
        [0., 0.]],

       [[0., 0.],
        [0., 0.]],

       [[0., 0.],
        [0., 0.]],

       [[0., 0.],
        [0., 0.]],

       [[0., 0.],
        [0., 0.]],

       [[0., 0.],
        [0., 0.]],

       [[0., 0.],
        [0., 0.]],

       [[0., 0.],
        [0., 0.]],

       [[0., 0.],
        [0., 0.]],

       [[0., 0.],
        [0., 0.]],

       [[0., 0.],
        [0., 0.]],

       [[0., 0.],
        [0., 0.]],

       [[0., 0.],
        [0., 0.]],

       [[0., 0.],
        [0., 0.]]]), scale=0.5138740431316184, shift=array([5.13874043, 0.21828606])), candidate_index=21, candidate_x=array([5.21896613, 0.2138176 ]), index=20, x=array([5.18684898, 0.21385528]), fval=0.30409094699027933, rho=-1.423507448937495, accepted=False, new_indices=array([], dtype=int32), old_indices_used=array([ 0, 14, 16, 17, 18, 19, 20]), old_indices_discarded=array([], dtype=int32), step_length=0.0, relative_step_length=0.0, n_evals_per_point=1, n_evals_acceptance=1), State(trustregion=Region(center=array([5.18684898, 0.21385528]), radius=0.016058563847863076, bounds=Bounds(lower=array([1.1 , 0.01]), upper=array([20.  ,  0.99]))), model_indices=array([ 0, 14, 16, 17, 18, 19, 20, 21]), model=ScalarModel(intercept=0.3041377645619545, linear_terms=array([-4.07128507e-05, -1.10133045e-04]), square_terms=array([[1.88408304e-05, 7.86735440e-05],
       [7.86735440e-05, 1.41019249e-02]]), scale=0.016058563847863076, shift=array([5.18684898, 0.21385528])), vector_model=VectorModel(intercepts=array([ 0.04279157,  0.09391664,  0.09332483,  0.11538218,  0.12784046,
        0.13680102,  0.15284789,  0.21268265,  0.09594833,  0.11619923,
       -0.23610619, -0.28039835, -0.07995232, -0.04517183, -0.03317359,
       -0.03515332, -0.02318485]), linear_terms=array([[0., 0.],
       [0., 0.],
       [0., 0.],
       [0., 0.],
       [0., 0.],
       [0., 0.],
       [0., 0.],
       [0., 0.],
       [0., 0.],
       [0., 0.],
       [0., 0.],
       [0., 0.],
       [0., 0.],
       [0., 0.],
       [0., 0.],
       [0., 0.],
       [0., 0.]]), square_terms=array([[[0., 0.],
        [0., 0.]],

       [[0., 0.],
        [0., 0.]],

       [[0., 0.],
        [0., 0.]],

       [[0., 0.],
        [0., 0.]],

       [[0., 0.],
        [0., 0.]],

       [[0., 0.],
        [0., 0.]],

       [[0., 0.],
        [0., 0.]],

       [[0., 0.],
        [0., 0.]],

       [[0., 0.],
        [0., 0.]],

       [[0., 0.],
        [0., 0.]],

       [[0., 0.],
        [0., 0.]],

       [[0., 0.],
        [0., 0.]],

       [[0., 0.],
        [0., 0.]],

       [[0., 0.],
        [0., 0.]],

       [[0., 0.],
        [0., 0.]],

       [[0., 0.],
        [0., 0.]],

       [[0., 0.],
        [0., 0.]]]), scale=0.5138740431316184, shift=array([5.13874043, 0.21828606])), candidate_index=22, candidate_x=array([5.20290777, 0.21389105]), index=20, x=array([5.18684898, 0.21385528]), fval=0.30409094699027933, rho=-1.779958717489456, accepted=False, new_indices=array([], dtype=int32), old_indices_used=array([ 0, 14, 16, 17, 18, 19, 20, 21]), old_indices_discarded=array([], dtype=int32), step_length=0.0, relative_step_length=0.0, n_evals_per_point=1, n_evals_acceptance=1), State(trustregion=Region(center=array([5.18684898, 0.21385528]), radius=0.008029281923931538, bounds=Bounds(lower=array([1.1 , 0.01]), upper=array([20.  ,  0.99]))), model_indices=array([14, 16, 17, 19, 20, 21, 22]), model=ScalarModel(intercept=0.30413107874158607, linear_terms=array([ 3.87473690e-06, -2.49588863e-05]), square_terms=array([[4.55345659e-06, 2.11032325e-05],
       [2.11032325e-05, 3.50408123e-03]]), scale=0.008029281923931538, shift=array([5.18684898, 0.21385528])), vector_model=VectorModel(intercepts=array([ 0.04279157,  0.09391664,  0.09332483,  0.11538218,  0.12784046,
        0.13680102,  0.15284789,  0.21268265,  0.09594833,  0.11619923,
       -0.23610619, -0.28039835, -0.07995232, -0.04517183, -0.03317359,
       -0.03515332, -0.02318485]), linear_terms=array([[0., 0.],
       [0., 0.],
       [0., 0.],
       [0., 0.],
       [0., 0.],
       [0., 0.],
       [0., 0.],
       [0., 0.],
       [0., 0.],
       [0., 0.],
       [0., 0.],
       [0., 0.],
       [0., 0.],
       [0., 0.],
       [0., 0.],
       [0., 0.],
       [0., 0.]]), square_terms=array([[[0., 0.],
        [0., 0.]],

       [[0., 0.],
        [0., 0.]],

       [[0., 0.],
        [0., 0.]],

       [[0., 0.],
        [0., 0.]],

       [[0., 0.],
        [0., 0.]],

       [[0., 0.],
        [0., 0.]],

       [[0., 0.],
        [0., 0.]],

       [[0., 0.],
        [0., 0.]],

       [[0., 0.],
        [0., 0.]],

       [[0., 0.],
        [0., 0.]],

       [[0., 0.],
        [0., 0.]],

       [[0., 0.],
        [0., 0.]],

       [[0., 0.],
        [0., 0.]],

       [[0., 0.],
        [0., 0.]],

       [[0., 0.],
        [0., 0.]],

       [[0., 0.],
        [0., 0.]],

       [[0., 0.],
        [0., 0.]]]), scale=0.5138740431316184, shift=array([5.13874043, 0.21828606])), candidate_index=23, candidate_x=array([5.1788204 , 0.21396174]), index=20, x=array([5.18684898, 0.21385528]), fval=0.30409094699027933, rho=-7.931207854968594, accepted=False, new_indices=array([], dtype=int32), old_indices_used=array([14, 16, 17, 19, 20, 21, 22]), old_indices_discarded=array([], dtype=int32), step_length=0.0, relative_step_length=0.0, n_evals_per_point=1, n_evals_acceptance=1), State(trustregion=Region(center=array([5.18684898, 0.21385528]), radius=0.004014640961965769, bounds=Bounds(lower=array([1.1 , 0.01]), upper=array([20.  ,  0.99]))), model_indices=array([14, 16, 17, 19, 20, 22, 23]), model=ScalarModel(intercept=0.3041264140047838, linear_terms=array([ 3.03026775e-06, -1.38103762e-05]), square_terms=array([[1.15206104e-06, 5.49182943e-06],
       [5.49182943e-06, 8.76247277e-04]]), scale=0.004014640961965769, shift=array([5.18684898, 0.21385528])), vector_model=VectorModel(intercepts=array([ 0.04279157,  0.09391664,  0.09332483,  0.11538218,  0.12784046,
        0.13680102,  0.15284789,  0.21268265,  0.09594833,  0.11619923,
       -0.23610619, -0.28039835, -0.07995232, -0.04517183, -0.03317359,
       -0.03515332, -0.02318485]), linear_terms=array([[0., 0.],
       [0., 0.],
       [0., 0.],
       [0., 0.],
       [0., 0.],
       [0., 0.],
       [0., 0.],
       [0., 0.],
       [0., 0.],
       [0., 0.],
       [0., 0.],
       [0., 0.],
       [0., 0.],
       [0., 0.],
       [0., 0.],
       [0., 0.],
       [0., 0.]]), square_terms=array([[[0., 0.],
        [0., 0.]],

       [[0., 0.],
        [0., 0.]],

       [[0., 0.],
        [0., 0.]],

       [[0., 0.],
        [0., 0.]],

       [[0., 0.],
        [0., 0.]],

       [[0., 0.],
        [0., 0.]],

       [[0., 0.],
        [0., 0.]],

       [[0., 0.],
        [0., 0.]],

       [[0., 0.],
        [0., 0.]],

       [[0., 0.],
        [0., 0.]],

       [[0., 0.],
        [0., 0.]],

       [[0., 0.],
        [0., 0.]],

       [[0., 0.],
        [0., 0.]],

       [[0., 0.],
        [0., 0.]],

       [[0., 0.],
        [0., 0.]],

       [[0., 0.],
        [0., 0.]],

       [[0., 0.],
        [0., 0.]]]), scale=0.5138740431316184, shift=array([5.13874043, 0.21828606])), candidate_index=24, candidate_x=array([5.18283496, 0.21394351]), index=24, x=array([5.18283496, 0.21394351]), fval=0.30408860414881045, rho=0.8786124980559542, accepted=True, new_indices=array([], dtype=int32), old_indices_used=array([14, 16, 17, 19, 20, 22, 23]), old_indices_discarded=array([], dtype=int32), step_length=0.004014990062473875, relative_step_length=1.000086956844065, n_evals_per_point=1, n_evals_acceptance=1), State(trustregion=Region(center=array([5.18283496, 0.21394351]), radius=0.008029281923931538, bounds=Bounds(lower=array([1.1 , 0.01]), upper=array([20.  ,  0.99]))), model_indices=array([14, 16, 17, 19, 20, 21, 22, 23, 24]), model=ScalarModel(intercept=0.3041170701515861, linear_terms=array([ 4.71669579e-06, -5.02436835e-06]), square_terms=array([[4.52323426e-06, 2.11738483e-05],
       [2.11738483e-05, 3.50383249e-03]]), scale=0.008029281923931538, shift=array([5.18283496, 0.21394351])), vector_model=VectorModel(intercepts=array([ 0.04279157,  0.09391664,  0.09332483,  0.11538218,  0.12784046,
        0.13680102,  0.15284789,  0.21268265,  0.09594833,  0.11619923,
       -0.23610619, -0.28039835, -0.07995232, -0.04517183, -0.03317359,
       -0.03515332, -0.02318485]), linear_terms=array([[0., 0.],
       [0., 0.],
       [0., 0.],
       [0., 0.],
       [0., 0.],
       [0., 0.],
       [0., 0.],
       [0., 0.],
       [0., 0.],
       [0., 0.],
       [0., 0.],
       [0., 0.],
       [0., 0.],
       [0., 0.],
       [0., 0.],
       [0., 0.],
       [0., 0.]]), square_terms=array([[[0., 0.],
        [0., 0.]],

       [[0., 0.],
        [0., 0.]],

       [[0., 0.],
        [0., 0.]],

       [[0., 0.],
        [0., 0.]],

       [[0., 0.],
        [0., 0.]],

       [[0., 0.],
        [0., 0.]],

       [[0., 0.],
        [0., 0.]],

       [[0., 0.],
        [0., 0.]],

       [[0., 0.],
        [0., 0.]],

       [[0., 0.],
        [0., 0.]],

       [[0., 0.],
        [0., 0.]],

       [[0., 0.],
        [0., 0.]],

       [[0., 0.],
        [0., 0.]],

       [[0., 0.],
        [0., 0.]],

       [[0., 0.],
        [0., 0.]],

       [[0., 0.],
        [0., 0.]],

       [[0., 0.],
        [0., 0.]]]), scale=0.5138740431316184, shift=array([5.13874043, 0.21828606])), candidate_index=25, candidate_x=array([5.17416305, 0.21400743]), index=24, x=array([5.18283496, 0.21394351]), fval=0.30408860414881045, rho=-16.109943523746267, accepted=False, new_indices=array([], dtype=int32), old_indices_used=array([14, 16, 17, 19, 20, 21, 22, 23, 24]), old_indices_discarded=array([], dtype=int32), step_length=0.0, relative_step_length=0.0, n_evals_per_point=1, n_evals_acceptance=1), State(trustregion=Region(center=array([5.18283496, 0.21394351]), radius=0.004014640961965769, bounds=Bounds(lower=array([1.1 , 0.01]), upper=array([20.  ,  0.99]))), model_indices=array([14, 17, 19, 20, 22, 23, 24, 25]), model=ScalarModel(intercept=0.3041203018166584, linear_terms=array([2.16370637e-07, 4.56611572e-06]), square_terms=array([[1.11485769e-06, 5.24697323e-06],
       [5.24697323e-06, 8.77835885e-04]]), scale=0.004014640961965769, shift=array([5.18283496, 0.21394351])), vector_model=VectorModel(intercepts=array([ 0.04279157,  0.09391664,  0.09332483,  0.11538218,  0.12784046,
        0.13680102,  0.15284789,  0.21268265,  0.09594833,  0.11619923,
       -0.23610619, -0.28039835, -0.07995232, -0.04517183, -0.03317359,
       -0.03515332, -0.02318485]), linear_terms=array([[0., 0.],
       [0., 0.],
       [0., 0.],
       [0., 0.],
       [0., 0.],
       [0., 0.],
       [0., 0.],
       [0., 0.],
       [0., 0.],
       [0., 0.],
       [0., 0.],
       [0., 0.],
       [0., 0.],
       [0., 0.],
       [0., 0.],
       [0., 0.],
       [0., 0.]]), square_terms=array([[[0., 0.],
        [0., 0.]],

       [[0., 0.],
        [0., 0.]],

       [[0., 0.],
        [0., 0.]],

       [[0., 0.],
        [0., 0.]],

       [[0., 0.],
        [0., 0.]],

       [[0., 0.],
        [0., 0.]],

       [[0., 0.],
        [0., 0.]],

       [[0., 0.],
        [0., 0.]],

       [[0., 0.],
        [0., 0.]],

       [[0., 0.],
        [0., 0.]],

       [[0., 0.],
        [0., 0.]],

       [[0., 0.],
        [0., 0.]],

       [[0., 0.],
        [0., 0.]],

       [[0., 0.],
        [0., 0.]],

       [[0., 0.],
        [0., 0.]],

       [[0., 0.],
        [0., 0.]],

       [[0., 0.],
        [0., 0.]]]), scale=0.5138740431316184, shift=array([5.13874043, 0.21828606])), candidate_index=26, candidate_x=array([5.18213437, 0.21392682]), index=24, x=array([5.18283496, 0.21394351]), fval=0.30408860414881045, rho=-584.1198105069869, accepted=False, new_indices=array([], dtype=int32), old_indices_used=array([14, 17, 19, 20, 22, 23, 24, 25]), old_indices_discarded=array([], dtype=int32), step_length=0.0, relative_step_length=0.0, n_evals_per_point=1, n_evals_acceptance=1), State(trustregion=Region(center=array([5.18283496, 0.21394351]), radius=0.0020073204809828845, bounds=Bounds(lower=array([1.1 , 0.01]), upper=array([20.  ,  0.99]))), model_indices=array([20, 23, 24, 25, 26]), model=ScalarModel(intercept=0.3040895229437112, linear_terms=array([-1.32363904e-05, -6.46716295e-04]), square_terms=array([[3.01911884e-07, 1.87643547e-06],
       [1.87643547e-06, 2.28978312e-04]]), scale=0.0020073204809828845, shift=array([5.18283496, 0.21394351])), vector_model=VectorModel(intercepts=array([ 0.04279157,  0.09391664,  0.09332483,  0.11538218,  0.12784046,
        0.13680102,  0.15284789,  0.21268265,  0.09594833,  0.11619923,
       -0.23610619, -0.28039835, -0.07995232, -0.04517183, -0.03317359,
       -0.03515332, -0.02318485]), linear_terms=array([[0., 0.],
       [0., 0.],
       [0., 0.],
       [0., 0.],
       [0., 0.],
       [0., 0.],
       [0., 0.],
       [0., 0.],
       [0., 0.],
       [0., 0.],
       [0., 0.],
       [0., 0.],
       [0., 0.],
       [0., 0.],
       [0., 0.],
       [0., 0.],
       [0., 0.]]), square_terms=array([[[0., 0.],
        [0., 0.]],

       [[0., 0.],
        [0., 0.]],

       [[0., 0.],
        [0., 0.]],

       [[0., 0.],
        [0., 0.]],

       [[0., 0.],
        [0., 0.]],

       [[0., 0.],
        [0., 0.]],

       [[0., 0.],
        [0., 0.]],

       [[0., 0.],
        [0., 0.]],

       [[0., 0.],
        [0., 0.]],

       [[0., 0.],
        [0., 0.]],

       [[0., 0.],
        [0., 0.]],

       [[0., 0.],
        [0., 0.]],

       [[0., 0.],
        [0., 0.]],

       [[0., 0.],
        [0., 0.]],

       [[0., 0.],
        [0., 0.]],

       [[0., 0.],
        [0., 0.]],

       [[0., 0.],
        [0., 0.]]]), scale=0.5138740431316184, shift=array([5.13874043, 0.21828606])), candidate_index=27, candidate_x=array([5.18251966, 0.21592592]), index=24, x=array([5.18283496, 0.21394351]), fval=0.30408860414881045, rho=-0.4415050952085899, accepted=False, new_indices=array([], dtype=int32), old_indices_used=array([20, 23, 24, 25, 26]), old_indices_discarded=array([], dtype=int32), step_length=0.0, relative_step_length=0.0, n_evals_per_point=1, n_evals_acceptance=1), State(trustregion=Region(center=array([5.18283496, 0.21394351]), radius=0.0010036602404914423, bounds=Bounds(lower=array([1.1 , 0.01]), upper=array([20.  ,  0.99]))), model_indices=array([20, 23, 24, 26, 27]), model=ScalarModel(intercept=0.30409839542324024, linear_terms=array([-1.30326403e-06,  5.62538433e-05]), square_terms=array([[6.92971276e-08, 2.49205441e-07],
       [2.49205441e-07, 5.66930383e-05]]), scale=0.0010036602404914423, shift=array([5.18283496, 0.21394351])), vector_model=VectorModel(intercepts=array([ 0.04279157,  0.09391664,  0.09332483,  0.11538218,  0.12784046,
        0.13680102,  0.15284789,  0.21268265,  0.09594833,  0.11619923,
       -0.23610619, -0.28039835, -0.07995232, -0.04517183, -0.03317359,
       -0.03515332, -0.02318485]), linear_terms=array([[0., 0.],
       [0., 0.],
       [0., 0.],
       [0., 0.],
       [0., 0.],
       [0., 0.],
       [0., 0.],
       [0., 0.],
       [0., 0.],
       [0., 0.],
       [0., 0.],
       [0., 0.],
       [0., 0.],
       [0., 0.],
       [0., 0.],
       [0., 0.],
       [0., 0.]]), square_terms=array([[[0., 0.],
        [0., 0.]],

       [[0., 0.],
        [0., 0.]],

       [[0., 0.],
        [0., 0.]],

       [[0., 0.],
        [0., 0.]],

       [[0., 0.],
        [0., 0.]],

       [[0., 0.],
        [0., 0.]],

       [[0., 0.],
        [0., 0.]],

       [[0., 0.],
        [0., 0.]],

       [[0., 0.],
        [0., 0.]],

       [[0., 0.],
        [0., 0.]],

       [[0., 0.],
        [0., 0.]],

       [[0., 0.],
        [0., 0.]],

       [[0., 0.],
        [0., 0.]],

       [[0., 0.],
        [0., 0.]],

       [[0., 0.],
        [0., 0.]],

       [[0., 0.],
        [0., 0.]],

       [[0., 0.],
        [0., 0.]]]), scale=0.5138740431316184, shift=array([5.13874043, 0.21828606])), candidate_index=28, candidate_x=array([5.18325486, 0.21300539]), index=24, x=array([5.18283496, 0.21394351]), fval=0.30408860414881045, rho=-2.4097036799318596, accepted=False, new_indices=array([], dtype=int32), old_indices_used=array([20, 23, 24, 26, 27]), old_indices_discarded=array([], dtype=int32), step_length=0.0, relative_step_length=0.0, n_evals_per_point=1, n_evals_acceptance=1), State(trustregion=Region(center=array([5.18283496, 0.21394351]), radius=0.0005018301202457211, bounds=Bounds(lower=array([1.1 , 0.01]), upper=array([20.  ,  0.99]))), model_indices=array([24, 26, 27, 28]), model=ScalarModel(intercept=0.30413049911363615, linear_terms=array([2.38607311e-05, 2.13744455e-05]), square_terms=array([[2.17637867e-08, 2.06493442e-07],
       [2.06493442e-07, 1.41140655e-05]]), scale=0.0005018301202457211, shift=array([5.18283496, 0.21394351])), vector_model=VectorModel(intercepts=array([ 0.04279157,  0.09391664,  0.09332483,  0.11538218,  0.12784046,
        0.13680102,  0.15284789,  0.21268265,  0.09594833,  0.11619923,
       -0.23610619, -0.28039835, -0.07995232, -0.04517183, -0.03317359,
       -0.03515332, -0.02318485]), linear_terms=array([[0., 0.],
       [0., 0.],
       [0., 0.],
       [0., 0.],
       [0., 0.],
       [0., 0.],
       [0., 0.],
       [0., 0.],
       [0., 0.],
       [0., 0.],
       [0., 0.],
       [0., 0.],
       [0., 0.],
       [0., 0.],
       [0., 0.],
       [0., 0.],
       [0., 0.]]), square_terms=array([[[0., 0.],
        [0., 0.]],

       [[0., 0.],
        [0., 0.]],

       [[0., 0.],
        [0., 0.]],

       [[0., 0.],
        [0., 0.]],

       [[0., 0.],
        [0., 0.]],

       [[0., 0.],
        [0., 0.]],

       [[0., 0.],
        [0., 0.]],

       [[0., 0.],
        [0., 0.]],

       [[0., 0.],
        [0., 0.]],

       [[0., 0.],
        [0., 0.]],

       [[0., 0.],
        [0., 0.]],

       [[0., 0.],
        [0., 0.]],

       [[0., 0.],
        [0., 0.]],

       [[0., 0.],
        [0., 0.]],

       [[0., 0.],
        [0., 0.]],

       [[0., 0.],
        [0., 0.]],

       [[0., 0.],
        [0., 0.]]]), scale=0.5138740431316184, shift=array([5.13874043, 0.21828606])), candidate_index=29, candidate_x=array([5.18240254, 0.21368819]), index=24, x=array([5.18283496, 0.21394351]), fval=0.30408860414881045, rho=-1.347181088128978, accepted=False, new_indices=array([], dtype=int32), old_indices_used=array([24, 26, 27, 28]), old_indices_discarded=array([], dtype=int32), step_length=0.0, relative_step_length=0.0, n_evals_per_point=1, n_evals_acceptance=1), State(trustregion=Region(center=array([5.18283496, 0.21394351]), radius=0.00025091506012286057, bounds=Bounds(lower=array([1.1 , 0.01]), upper=array([20.  ,  0.99]))), model_indices=array([24, 26, 28, 29]), model=ScalarModel(intercept=0.30408835367021075, linear_terms=array([-7.89953868e-06, -1.61466671e-05]), square_terms=array([[5.09020907e-09, 4.21019166e-09],
       [4.21019166e-09, 3.40239242e-06]]), scale=0.00025091506012286057, shift=array([5.18283496, 0.21394351])), vector_model=VectorModel(intercepts=array([ 0.04279157,  0.09391664,  0.09332483,  0.11538218,  0.12784046,
        0.13680102,  0.15284789,  0.21268265,  0.09594833,  0.11619923,
       -0.23610619, -0.28039835, -0.07995232, -0.04517183, -0.03317359,
       -0.03515332, -0.02318485]), linear_terms=array([[0., 0.],
       [0., 0.],
       [0., 0.],
       [0., 0.],
       [0., 0.],
       [0., 0.],
       [0., 0.],
       [0., 0.],
       [0., 0.],
       [0., 0.],
       [0., 0.],
       [0., 0.],
       [0., 0.],
       [0., 0.],
       [0., 0.],
       [0., 0.],
       [0., 0.]]), square_terms=array([[[0., 0.],
        [0., 0.]],

       [[0., 0.],
        [0., 0.]],

       [[0., 0.],
        [0., 0.]],

       [[0., 0.],
        [0., 0.]],

       [[0., 0.],
        [0., 0.]],

       [[0., 0.],
        [0., 0.]],

       [[0., 0.],
        [0., 0.]],

       [[0., 0.],
        [0., 0.]],

       [[0., 0.],
        [0., 0.]],

       [[0., 0.],
        [0., 0.]],

       [[0., 0.],
        [0., 0.]],

       [[0., 0.],
        [0., 0.]],

       [[0., 0.],
        [0., 0.]],

       [[0., 0.],
        [0., 0.]],

       [[0., 0.],
        [0., 0.]],

       [[0., 0.],
        [0., 0.]],

       [[0., 0.],
        [0., 0.]]]), scale=0.5138740431316184, shift=array([5.13874043, 0.21828606])), candidate_index=30, candidate_x=array([5.18292352, 0.21417828]), index=30, x=array([5.18292352, 0.21417828]), fval=0.3040646084161842, rho=1.4627362784479208, accepted=True, new_indices=array([], dtype=int32), old_indices_used=array([24, 26, 28, 29]), old_indices_discarded=array([], dtype=int32), step_length=0.0002509150601228912, relative_step_length=1.0000000000001221, n_evals_per_point=1, n_evals_acceptance=1), State(trustregion=Region(center=array([5.18292352, 0.21417828]), radius=0.0005018301202457211, bounds=Bounds(lower=array([1.1 , 0.01]), upper=array([20.  ,  0.99]))), model_indices=array([24, 26, 27, 28, 29, 30]), model=ScalarModel(intercept=0.3041260808084163, linear_terms=array([2.49014469e-06, 2.29197236e-05]), square_terms=array([[1.74771921e-08, 1.31147933e-07],
       [1.31147933e-07, 1.40755697e-05]]), scale=0.0005018301202457211, shift=array([5.18292352, 0.21417828])), vector_model=VectorModel(intercepts=array([ 0.04279157,  0.09391664,  0.09332483,  0.11538218,  0.12784046,
        0.13680102,  0.15284789,  0.21268265,  0.09594833,  0.11619923,
       -0.23610619, -0.28039835, -0.07995232, -0.04517183, -0.03317359,
       -0.03515332, -0.02318485]), linear_terms=array([[0., 0.],
       [0., 0.],
       [0., 0.],
       [0., 0.],
       [0., 0.],
       [0., 0.],
       [0., 0.],
       [0., 0.],
       [0., 0.],
       [0., 0.],
       [0., 0.],
       [0., 0.],
       [0., 0.],
       [0., 0.],
       [0., 0.],
       [0., 0.],
       [0., 0.]]), square_terms=array([[[0., 0.],
        [0., 0.]],

       [[0., 0.],
        [0., 0.]],

       [[0., 0.],
        [0., 0.]],

       [[0., 0.],
        [0., 0.]],

       [[0., 0.],
        [0., 0.]],

       [[0., 0.],
        [0., 0.]],

       [[0., 0.],
        [0., 0.]],

       [[0., 0.],
        [0., 0.]],

       [[0., 0.],
        [0., 0.]],

       [[0., 0.],
        [0., 0.]],

       [[0., 0.],
        [0., 0.]],

       [[0., 0.],
        [0., 0.]],

       [[0., 0.],
        [0., 0.]],

       [[0., 0.],
        [0., 0.]],

       [[0., 0.],
        [0., 0.]],

       [[0., 0.],
        [0., 0.]],

       [[0., 0.],
        [0., 0.]]]), scale=0.5138740431316184, shift=array([5.13874043, 0.21828606])), candidate_index=31, candidate_x=array([5.18301709, 0.21368525]), index=30, x=array([5.18292352, 0.21417828]), fval=0.3040646084161842, rho=-4.10242149844336, accepted=False, new_indices=array([], dtype=int32), old_indices_used=array([24, 26, 27, 28, 29, 30]), old_indices_discarded=array([], dtype=int32), step_length=0.0, relative_step_length=0.0, n_evals_per_point=1, n_evals_acceptance=1), State(trustregion=Region(center=array([5.18292352, 0.21417828]), radius=0.00025091506012286057, bounds=Bounds(lower=array([1.1 , 0.01]), upper=array([20.  ,  0.99]))), model_indices=array([24, 26, 28, 29, 30, 31]), model=ScalarModel(intercept=0.3040744502934551, linear_terms=array([-6.65802209e-06, -1.37453892e-05]), square_terms=array([[4.51912275e-09, 1.58061413e-08],
       [1.58061413e-08, 3.43168120e-06]]), scale=0.00025091506012286057, shift=array([5.18292352, 0.21417828])), vector_model=VectorModel(intercepts=array([ 0.04279157,  0.09391664,  0.09332483,  0.11538218,  0.12784046,
        0.13680102,  0.15284789,  0.21268265,  0.09594833,  0.11619923,
       -0.23610619, -0.28039835, -0.07995232, -0.04517183, -0.03317359,
       -0.03515332, -0.02318485]), linear_terms=array([[0., 0.],
       [0., 0.],
       [0., 0.],
       [0., 0.],
       [0., 0.],
       [0., 0.],
       [0., 0.],
       [0., 0.],
       [0., 0.],
       [0., 0.],
       [0., 0.],
       [0., 0.],
       [0., 0.],
       [0., 0.],
       [0., 0.],
       [0., 0.],
       [0., 0.]]), square_terms=array([[[0., 0.],
        [0., 0.]],

       [[0., 0.],
        [0., 0.]],

       [[0., 0.],
        [0., 0.]],

       [[0., 0.],
        [0., 0.]],

       [[0., 0.],
        [0., 0.]],

       [[0., 0.],
        [0., 0.]],

       [[0., 0.],
        [0., 0.]],

       [[0., 0.],
        [0., 0.]],

       [[0., 0.],
        [0., 0.]],

       [[0., 0.],
        [0., 0.]],

       [[0., 0.],
        [0., 0.]],

       [[0., 0.],
        [0., 0.]],

       [[0., 0.],
        [0., 0.]],

       [[0., 0.],
        [0., 0.]],

       [[0., 0.],
        [0., 0.]],

       [[0., 0.],
        [0., 0.]],

       [[0., 0.],
        [0., 0.]]]), scale=0.5138740431316184, shift=array([5.13874043, 0.21828606])), candidate_index=32, candidate_x=array([5.18300643, 0.2144151 ]), index=30, x=array([5.18292352, 0.21417828]), fval=0.3040646084161842, rho=-1.8812426954167087, accepted=False, new_indices=array([], dtype=int32), old_indices_used=array([24, 26, 28, 29, 30, 31]), old_indices_discarded=array([], dtype=int32), step_length=0.0, relative_step_length=0.0, n_evals_per_point=1, n_evals_acceptance=1), State(trustregion=Region(center=array([5.18292352, 0.21417828]), radius=0.00012545753006143028, bounds=Bounds(lower=array([1.1 , 0.01]), upper=array([20.  ,  0.99]))), model_indices=array([24, 30, 31, 32]), model=ScalarModel(intercept=0.3040805119799592, linear_terms=array([ 1.90335060e-05, -6.56527922e-06]), square_terms=array([[4.69829619e-09, 1.62840543e-08],
       [1.62840543e-08, 8.62876629e-07]]), scale=0.00012545753006143028, shift=array([5.18292352, 0.21417828])), vector_model=VectorModel(intercepts=array([ 0.04279157,  0.09391664,  0.09332483,  0.11538218,  0.12784046,
        0.13680102,  0.15284789,  0.21268265,  0.09594833,  0.11619923,
       -0.23610619, -0.28039835, -0.07995232, -0.04517183, -0.03317359,
       -0.03515332, -0.02318485]), linear_terms=array([[0., 0.],
       [0., 0.],
       [0., 0.],
       [0., 0.],
       [0., 0.],
       [0., 0.],
       [0., 0.],
       [0., 0.],
       [0., 0.],
       [0., 0.],
       [0., 0.],
       [0., 0.],
       [0., 0.],
       [0., 0.],
       [0., 0.],
       [0., 0.],
       [0., 0.]]), square_terms=array([[[0., 0.],
        [0., 0.]],

       [[0., 0.],
        [0., 0.]],

       [[0., 0.],
        [0., 0.]],

       [[0., 0.],
        [0., 0.]],

       [[0., 0.],
        [0., 0.]],

       [[0., 0.],
        [0., 0.]],

       [[0., 0.],
        [0., 0.]],

       [[0., 0.],
        [0., 0.]],

       [[0., 0.],
        [0., 0.]],

       [[0., 0.],
        [0., 0.]],

       [[0., 0.],
        [0., 0.]],

       [[0., 0.],
        [0., 0.]],

       [[0., 0.],
        [0., 0.]],

       [[0., 0.],
        [0., 0.]],

       [[0., 0.],
        [0., 0.]],

       [[0., 0.],
        [0., 0.]],

       [[0., 0.],
        [0., 0.]]]), scale=0.5138740431316184, shift=array([5.13874043, 0.21828606])), candidate_index=33, candidate_x=array([5.18280232, 0.21421842]), index=33, x=array([5.18280232, 0.21421842]), fval=0.30406209757584995, rho=0.12279984970343735, accepted=True, new_indices=array([], dtype=int32), old_indices_used=array([24, 30, 31, 32]), old_indices_discarded=array([], dtype=int32), step_length=0.00012767274447759956, relative_step_length=1.0176570861476755, n_evals_per_point=1, n_evals_acceptance=1), State(trustregion=Region(center=array([5.18280232, 0.21421842]), radius=0.00025091506012286057, bounds=Bounds(lower=array([1.1 , 0.01]), upper=array([20.  ,  0.99]))), model_indices=array([24, 26, 29, 30, 31, 32, 33]), model=ScalarModel(intercept=0.30407814576804754, linear_terms=array([-1.00206852e-06, -1.64044508e-05]), square_terms=array([[4.47917054e-09, 1.66599809e-08],
       [1.66599809e-08, 3.44784553e-06]]), scale=0.00025091506012286057, shift=array([5.18280232, 0.21421842])), vector_model=VectorModel(intercepts=array([ 0.04279157,  0.09391664,  0.09332483,  0.11538218,  0.12784046,
        0.13680102,  0.15284789,  0.21268265,  0.09594833,  0.11619923,
       -0.23610619, -0.28039835, -0.07995232, -0.04517183, -0.03317359,
       -0.03515332, -0.02318485]), linear_terms=array([[0., 0.],
       [0., 0.],
       [0., 0.],
       [0., 0.],
       [0., 0.],
       [0., 0.],
       [0., 0.],
       [0., 0.],
       [0., 0.],
       [0., 0.],
       [0., 0.],
       [0., 0.],
       [0., 0.],
       [0., 0.],
       [0., 0.],
       [0., 0.],
       [0., 0.]]), square_terms=array([[[0., 0.],
        [0., 0.]],

       [[0., 0.],
        [0., 0.]],

       [[0., 0.],
        [0., 0.]],

       [[0., 0.],
        [0., 0.]],

       [[0., 0.],
        [0., 0.]],

       [[0., 0.],
        [0., 0.]],

       [[0., 0.],
        [0., 0.]],

       [[0., 0.],
        [0., 0.]],

       [[0., 0.],
        [0., 0.]],

       [[0., 0.],
        [0., 0.]],

       [[0., 0.],
        [0., 0.]],

       [[0., 0.],
        [0., 0.]],

       [[0., 0.],
        [0., 0.]],

       [[0., 0.],
        [0., 0.]],

       [[0., 0.],
        [0., 0.]],

       [[0., 0.],
        [0., 0.]],

       [[0., 0.],
        [0., 0.]]]), scale=0.5138740431316184, shift=array([5.13874043, 0.21828606])), candidate_index=34, candidate_x=array([5.18279109, 0.21446909]), index=33, x=array([5.18280232, 0.21421842]), fval=0.30406209757584995, rho=-2.205375466121539, accepted=False, new_indices=array([], dtype=int32), old_indices_used=array([24, 26, 29, 30, 31, 32, 33]), old_indices_discarded=array([], dtype=int32), step_length=0.0, relative_step_length=0.0, n_evals_per_point=1, n_evals_acceptance=1), State(trustregion=Region(center=array([5.18280232, 0.21421842]), radius=0.00012545753006143028, bounds=Bounds(lower=array([1.1 , 0.01]), upper=array([20.  ,  0.99]))), model_indices=array([24, 30, 31, 32, 33, 34]), model=ScalarModel(intercept=0.304076748954009, linear_terms=array([ 9.86450279e-06, -3.09821407e-06]), square_terms=array([[1.79671666e-09, 5.76650897e-09],
       [5.76650897e-09, 8.64539011e-07]]), scale=0.00012545753006143028, shift=array([5.18280232, 0.21421842])), vector_model=VectorModel(intercepts=array([ 0.04279157,  0.09391664,  0.09332483,  0.11538218,  0.12784046,
        0.13680102,  0.15284789,  0.21268265,  0.09594833,  0.11619923,
       -0.23610619, -0.28039835, -0.07995232, -0.04517183, -0.03317359,
       -0.03515332, -0.02318485]), linear_terms=array([[0., 0.],
       [0., 0.],
       [0., 0.],
       [0., 0.],
       [0., 0.],
       [0., 0.],
       [0., 0.],
       [0., 0.],
       [0., 0.],
       [0., 0.],
       [0., 0.],
       [0., 0.],
       [0., 0.],
       [0., 0.],
       [0., 0.],
       [0., 0.],
       [0., 0.]]), square_terms=array([[[0., 0.],
        [0., 0.]],

       [[0., 0.],
        [0., 0.]],

       [[0., 0.],
        [0., 0.]],

       [[0., 0.],
        [0., 0.]],

       [[0., 0.],
        [0., 0.]],

       [[0., 0.],
        [0., 0.]],

       [[0., 0.],
        [0., 0.]],

       [[0., 0.],
        [0., 0.]],

       [[0., 0.],
        [0., 0.]],

       [[0., 0.],
        [0., 0.]],

       [[0., 0.],
        [0., 0.]],

       [[0., 0.],
        [0., 0.]],

       [[0., 0.],
        [0., 0.]],

       [[0., 0.],
        [0., 0.]],

       [[0., 0.],
        [0., 0.]],

       [[0., 0.],
        [0., 0.]],

       [[0., 0.],
        [0., 0.]]]), scale=0.5138740431316184, shift=array([5.13874043, 0.21828606])), candidate_index=35, candidate_x=array([5.18267731, 0.2142546 ]), index=33, x=array([5.18280232, 0.21421842]), fval=0.30406209757584995, rho=-0.4986984177911644, accepted=False, new_indices=array([], dtype=int32), old_indices_used=array([24, 30, 31, 32, 33, 34]), old_indices_discarded=array([], dtype=int32), step_length=0.0, relative_step_length=0.0, n_evals_per_point=1, n_evals_acceptance=1), State(trustregion=Region(center=array([5.18280232, 0.21421842]), radius=6.272876503071514e-05, bounds=Bounds(lower=array([1.1 , 0.01]), upper=array([20.  ,  0.99]))), model_indices=array([24, 30, 32, 33, 34, 35]), model=ScalarModel(intercept=0.3040753408843904, linear_terms=array([1.98355554e-06, 1.23438677e-06]), square_terms=array([[ 3.57184281e-10, -7.30346813e-10],
       [-7.30346813e-10,  2.17682865e-07]]), scale=6.272876503071514e-05, shift=array([5.18280232, 0.21421842])), vector_model=VectorModel(intercepts=array([ 0.04279157,  0.09391664,  0.09332483,  0.11538218,  0.12784046,
        0.13680102,  0.15284789,  0.21268265,  0.09594833,  0.11619923,
       -0.23610619, -0.28039835, -0.07995232, -0.04517183, -0.03317359,
       -0.03515332, -0.02318485]), linear_terms=array([[0., 0.],
       [0., 0.],
       [0., 0.],
       [0., 0.],
       [0., 0.],
       [0., 0.],
       [0., 0.],
       [0., 0.],
       [0., 0.],
       [0., 0.],
       [0., 0.],
       [0., 0.],
       [0., 0.],
       [0., 0.],
       [0., 0.],
       [0., 0.],
       [0., 0.]]), square_terms=array([[[0., 0.],
        [0., 0.]],

       [[0., 0.],
        [0., 0.]],

       [[0., 0.],
        [0., 0.]],

       [[0., 0.],
        [0., 0.]],

       [[0., 0.],
        [0., 0.]],

       [[0., 0.],
        [0., 0.]],

       [[0., 0.],
        [0., 0.]],

       [[0., 0.],
        [0., 0.]],

       [[0., 0.],
        [0., 0.]],

       [[0., 0.],
        [0., 0.]],

       [[0., 0.],
        [0., 0.]],

       [[0., 0.],
        [0., 0.]],

       [[0., 0.],
        [0., 0.]],

       [[0., 0.],
        [0., 0.]],

       [[0., 0.],
        [0., 0.]],

       [[0., 0.],
        [0., 0.]],

       [[0., 0.],
        [0., 0.]]]), scale=0.5138740431316184, shift=array([5.13874043, 0.21828606])), candidate_index=36, candidate_x=array([5.1827464 , 0.21418671]), index=33, x=array([5.18280232, 0.21421842]), fval=0.30406209757584995, rho=-0.8286524609673076, accepted=False, new_indices=array([], dtype=int32), old_indices_used=array([24, 30, 32, 33, 34, 35]), old_indices_discarded=array([], dtype=int32), step_length=0.0, relative_step_length=0.0, n_evals_per_point=1, n_evals_acceptance=1), State(trustregion=Region(center=array([5.18280232, 0.21421842]), radius=3.136438251535757e-05, bounds=Bounds(lower=array([1.1 , 0.01]), upper=array([20.  ,  0.99]))), model_indices=array([30, 33, 35, 36]), model=ScalarModel(intercept=0.30406466095883244, linear_terms=array([-1.33568608e-07,  7.22194891e-07]), square_terms=array([[7.12426386e-11, 3.88865509e-10],
       [3.88865509e-10, 5.80591690e-08]]), scale=3.136438251535757e-05, shift=array([5.18280232, 0.21421842])), vector_model=VectorModel(intercepts=array([ 0.04279157,  0.09391664,  0.09332483,  0.11538218,  0.12784046,
        0.13680102,  0.15284789,  0.21268265,  0.09594833,  0.11619923,
       -0.23610619, -0.28039835, -0.07995232, -0.04517183, -0.03317359,
       -0.03515332, -0.02318485]), linear_terms=array([[0., 0.],
       [0., 0.],
       [0., 0.],
       [0., 0.],
       [0., 0.],
       [0., 0.],
       [0., 0.],
       [0., 0.],
       [0., 0.],
       [0., 0.],
       [0., 0.],
       [0., 0.],
       [0., 0.],
       [0., 0.],
       [0., 0.],
       [0., 0.],
       [0., 0.]]), square_terms=array([[[0., 0.],
        [0., 0.]],

       [[0., 0.],
        [0., 0.]],

       [[0., 0.],
        [0., 0.]],

       [[0., 0.],
        [0., 0.]],

       [[0., 0.],
        [0., 0.]],

       [[0., 0.],
        [0., 0.]],

       [[0., 0.],
        [0., 0.]],

       [[0., 0.],
        [0., 0.]],

       [[0., 0.],
        [0., 0.]],

       [[0., 0.],
        [0., 0.]],

       [[0., 0.],
        [0., 0.]],

       [[0., 0.],
        [0., 0.]],

       [[0., 0.],
        [0., 0.]],

       [[0., 0.],
        [0., 0.]],

       [[0., 0.],
        [0., 0.]],

       [[0., 0.],
        [0., 0.]],

       [[0., 0.],
        [0., 0.]]]), scale=0.5138740431316184, shift=array([5.13874043, 0.21828606])), candidate_index=37, candidate_x=array([5.18280925, 0.21418784]), index=33, x=array([5.18280232, 0.21421842]), fval=0.30406209757584995, rho=-3.1965265174046373, accepted=False, new_indices=array([], dtype=int32), old_indices_used=array([30, 33, 35, 36]), old_indices_discarded=array([], dtype=int32), step_length=0.0, relative_step_length=0.0, n_evals_per_point=1, n_evals_acceptance=1), State(trustregion=Region(center=array([5.18280232, 0.21421842]), radius=1.5682191257678785e-05, bounds=Bounds(lower=array([1.1 , 0.01]), upper=array([20.  ,  0.99]))), model_indices=array([33, 36, 37]), model=ScalarModel(intercept=0.30406209757584995, linear_terms=array([ 9.52546589e-08, -1.12152907e-06]), square_terms=array([[1.73699142e-11, 9.60552634e-11],
       [9.60552634e-11, 1.48129170e-08]]), scale=1.5682191257678785e-05, shift=array([5.18280232, 0.21421842])), vector_model=VectorModel(intercepts=array([ 0.04279157,  0.09391664,  0.09332483,  0.11538218,  0.12784046,
        0.13680102,  0.15284789,  0.21268265,  0.09594833,  0.11619923,
       -0.23610619, -0.28039835, -0.07995232, -0.04517183, -0.03317359,
       -0.03515332, -0.02318485]), linear_terms=array([[0., 0.],
       [0., 0.],
       [0., 0.],
       [0., 0.],
       [0., 0.],
       [0., 0.],
       [0., 0.],
       [0., 0.],
       [0., 0.],
       [0., 0.],
       [0., 0.],
       [0., 0.],
       [0., 0.],
       [0., 0.],
       [0., 0.],
       [0., 0.],
       [0., 0.]]), square_terms=array([[[0., 0.],
        [0., 0.]],

       [[0., 0.],
        [0., 0.]],

       [[0., 0.],
        [0., 0.]],

       [[0., 0.],
        [0., 0.]],

       [[0., 0.],
        [0., 0.]],

       [[0., 0.],
        [0., 0.]],

       [[0., 0.],
        [0., 0.]],

       [[0., 0.],
        [0., 0.]],

       [[0., 0.],
        [0., 0.]],

       [[0., 0.],
        [0., 0.]],

       [[0., 0.],
        [0., 0.]],

       [[0., 0.],
        [0., 0.]],

       [[0., 0.],
        [0., 0.]],

       [[0., 0.],
        [0., 0.]],

       [[0., 0.],
        [0., 0.]],

       [[0., 0.],
        [0., 0.]],

       [[0., 0.],
        [0., 0.]]]), scale=0.5138740431316184, shift=array([5.13874043, 0.21828606])), candidate_index=38, candidate_x=array([5.18280089, 0.21423404]), index=33, x=array([5.18280232, 0.21421842]), fval=0.30406209757584995, rho=-1.9342871342172896, accepted=False, new_indices=array([], dtype=int32), old_indices_used=array([33, 36, 37]), old_indices_discarded=array([], dtype=int32), step_length=0.0, relative_step_length=0.0, n_evals_per_point=1, n_evals_acceptance=1), State(trustregion=Region(center=array([5.18280232, 0.21421842]), radius=7.841095628839393e-06, bounds=Bounds(lower=array([1.1 , 0.01]), upper=array([20.  ,  0.99]))), model_indices=array([33, 37, 38]), model=ScalarModel(intercept=0.3040620975758503, linear_terms=array([1.22565779e-05, 2.20601021e-06]), square_terms=array([[ 6.54953250e-10, -6.44020766e-10],
       [-6.44020766e-10,  3.36703844e-09]]), scale=7.841095628839393e-06, shift=array([5.18280232, 0.21421842])), vector_model=VectorModel(intercepts=array([ 0.04279157,  0.09391664,  0.09332483,  0.11538218,  0.12784046,
        0.13680102,  0.15284789,  0.21268265,  0.09594833,  0.11619923,
       -0.23610619, -0.28039835, -0.07995232, -0.04517183, -0.03317359,
       -0.03515332, -0.02318485]), linear_terms=array([[0., 0.],
       [0., 0.],
       [0., 0.],
       [0., 0.],
       [0., 0.],
       [0., 0.],
       [0., 0.],
       [0., 0.],
       [0., 0.],
       [0., 0.],
       [0., 0.],
       [0., 0.],
       [0., 0.],
       [0., 0.],
       [0., 0.],
       [0., 0.],
       [0., 0.]]), square_terms=array([[[0., 0.],
        [0., 0.]],

       [[0., 0.],
        [0., 0.]],

       [[0., 0.],
        [0., 0.]],

       [[0., 0.],
        [0., 0.]],

       [[0., 0.],
        [0., 0.]],

       [[0., 0.],
        [0., 0.]],

       [[0., 0.],
        [0., 0.]],

       [[0., 0.],
        [0., 0.]],

       [[0., 0.],
        [0., 0.]],

       [[0., 0.],
        [0., 0.]],

       [[0., 0.],
        [0., 0.]],

       [[0., 0.],
        [0., 0.]],

       [[0., 0.],
        [0., 0.]],

       [[0., 0.],
        [0., 0.]],

       [[0., 0.],
        [0., 0.]],

       [[0., 0.],
        [0., 0.]],

       [[0., 0.],
        [0., 0.]]]), scale=0.5138740431316184, shift=array([5.13874043, 0.21828606])), candidate_index=39, candidate_x=array([5.1827946 , 0.21421704]), index=39, x=array([5.1827946 , 0.21421704]), fval=0.3040619881727927, rho=0.008784199505071838, accepted=True, new_indices=array([], dtype=int32), old_indices_used=array([33, 37, 38]), old_indices_discarded=array([], dtype=int32), step_length=7.841891936915019e-06, relative_step_length=1.0001015557153388, n_evals_per_point=1, n_evals_acceptance=1)]}"

logger,
