CRRA,4.6439062516438065

WealthShare,0.2409986699478182

time_to_estimate,273.6907093524933

params,"{'CRRA': 4.6439062516438065, 'WealthShare': 0.2409986699478182}"

fun,0.42753157022576566

start_fun,6.979309870097397

start_params,"{'CRRA': 2.0, 'WealthShare': 0.05}"

algorithm,multistart_tranquilo_ls

direction,minimize

n_free,2

message,Absolute criterion change smaller than tolerance.

success,

n_fun_evals,

n_jac_evals,

n_hess_evals,

n_iterations,

status,

jac,

hess,

hess_inv,

max_constraint_violation,

history,

convergence_report,

multistart_info,"MultistartInfo(start_parameters=[{'CRRA': 4.421694298294168, 'WealthShare': 0.23400601751625094}, {'CRRA': 4.642197883699071, 'WealthShare': 0.21396479266267915}], local_optima=[Minimize with 2 free parameters terminated.

The tranquilo_ls algorithm reported: Absolute criterion change smaller than tolerance., Minimize with 2 free parameters terminated.

The tranquilo_ls algorithm reported: Absolute criterion change smaller than tolerance.], exploration_sample=[{'CRRA': 4.421694298294168, 'WealthShare': 0.23400601751625094}, {'CRRA': 4.641705861506715, 'WealthShare': 0.20617884256293934}, {'CRRA': 5.688605465124205, 'WealthShare': 0.25244112693977805}, {'CRRA': 6.078447282042752, 'WealthShare': 0.2729019189120847}, {'CRRA': 4.629466908440643, 'WealthShare': 0.15272764081176782}, {'CRRA': 6.602827447572048, 'WealthShare': 0.13426453565947283}, {'CRRA': 6.661999563731637, 'WealthShare': 0.1308503134935646}, {'CRRA': 6.6410454143426545, 'WealthShare': 0.12268808164472148}, {'CRRA': 7.399609747059442, 'WealthShare': 0.1648603306791639}, {'CRRA': 7.662991196114856, 'WealthShare': 0.17810129227073015}, {'CRRA': 7.769253498695695, 'WealthShare': 0.18277036659723317}, {'CRRA': 7.783372806933249, 'WealthShare': 0.254553854596731}, {'CRRA': 7.47506745259599, 'WealthShare': 0.08730599856977292}, {'CRRA': 4.8537076060902775, 'WealthShare': 0.09178616973310584}, {'CRRA': 7.022505751377448, 'WealthShare': 0.35677891388124827}, {'CRRA': 8.100787476906525, 'WealthShare': 0.2705069377882647}, {'CRRA': 6.985065623900203, 'WealthShare': 0.04875201837516708}, {'CRRA': 4.112769318371893, 'WealthShare': 0.10381251287276044}, {'CRRA': 7.451903904885915, 'WealthShare': 0.03267353326478798}, {'CRRA': 8.614528017034107, 'WealthShare': 0.07528496557300778}, {'CRRA': 9.016489312721205, 'WealthShare': 0.09623260447898799}, {'CRRA': 9.320998861131756, 'WealthShare': 0.17350902547739525}, {'CRRA': 9.032498265360477, 'WealthShare': 0.028432265822421497}, {'CRRA': 3.1897156587245954, 'WealthShare': 0.1423792000227155}, {'CRRA': 3.3973327003460443, 'WealthShare': 0.12487774129781681}, {'CRRA': 7.794944121204898, 'WealthShare': 0.42320636011244}, {'CRRA': 10.176658479927111, 'WealthShare': 0.09946663311166051}, {'CRRA': 2.5688621044325335, 'WealthShare': 0.2105656032842839}, {'CRRA': 6.210203860860437, 'WealthShare': 0.4495931326924054}, {'CRRA': 10.760128324528182, 'WealthShare': 0.14223125072841136}, {'CRRA': 9.70040288703794, 'WealthShare': 0.3786143939932477}, {'CRRA': 6.84073031718197, 'WealthShare': 0.464877956803509}, {'CRRA': 10.60823105128859, 'WealthShare': 0.26598462763879205}, {'CRRA': 10.588328816493561, 'WealthShare': 0.2749529272093061}, {'CRRA': 10.676184348529574, 'WealthShare': 0.2779141729746415}, {'CRRA': 10.591694941977742, 'WealthShare': 0.32941047765899667}, {'CRRA': 11.697444070946304, 'WealthShare': 0.09781196329931774}, {'CRRA': 12.002446605491443, 'WealthShare': 0.11278927135843035}, {'CRRA': 12.159382020094318, 'WealthShare': 0.012831154749877956}, {'CRRA': 7.974655604723944, 'WealthShare': 0.4924219641734825}, {'CRRA': 12.55668716853146, 'WealthShare': 0.06165395537881818}, {'CRRA': 12.505061121358576, 'WealthShare': 0.1175766377555957}, {'CRRA': 10.754929323485007, 'WealthShare': 0.4244156145674669}, {'CRRA': 11.82870126152677, 'WealthShare': 0.34247494359954833}, {'CRRA': 13.38921551627028, 'WealthShare': 0.08389517700646375}, {'CRRA': 12.065327471449992, 'WealthShare': 0.3237122895439615}, {'CRRA': 13.400551151602944, 'WealthShare': 0.1312463814913818}, {'CRRA': 14.267348183957425, 'WealthShare': 0.02504178078802856}, {'CRRA': 12.566474586273747, 'WealthShare': 0.3003151206808731}, {'CRRA': 10.546809851299788, 'WealthShare': 0.5149660671466283}, {'CRRA': 12.756286305148542, 'WealthShare': 0.30089951192203906}, {'CRRA': 13.123553980134181, 'WealthShare': 0.2527236539327652}, {'CRRA': 10.579932776257513, 'WealthShare': 0.5220735922471909}, {'CRRA': 12.262451221608604, 'WealthShare': 0.44485741129007195}, {'CRRA': 11.847348253871052, 'WealthShare': 0.48625592186021105}, {'CRRA': 12.273088021168512, 'WealthShare': 0.45306423855776945}, {'CRRA': 15.05862970208152, 'WealthShare': 0.05700080627622508}, {'CRRA': 10.292121545717112, 'WealthShare': 0.5480299886688579}, {'CRRA': 8.053546780523291, 'WealthShare': 0.5546511065486177}, {'CRRA': 2.945212443977291, 'WealthShare': 0.40860543458249415}, {'CRRA': 16.18963804853067, 'WealthShare': 0.03616299768182495}, {'CRRA': 13.757429482236066, 'WealthShare': 0.3140054202972742}, {'CRRA': 11.33865827403846, 'WealthShare': 0.5541032538007155}, {'CRRA': 13.34577746806523, 'WealthShare': 0.44812386359226863}, {'CRRA': 15.620989881683883, 'WealthShare': 0.11956912535900213}, {'CRRA': 7.699791130204492, 'WealthShare': 0.5613960632796198}, {'CRRA': 16.179512157954093, 'WealthShare': 0.10831919994655942}, {'CRRA': 16.888217527482198, 'WealthShare': 0.05159744153649249}, {'CRRA': 13.942886587135842, 'WealthShare': 0.44608674531061}, {'CRRA': 14.893104119061954, 'WealthShare': 0.27255609395563785}, {'CRRA': 11.485248412997933, 'WealthShare': 0.5870355434747643}, {'CRRA': 10.24700095669374, 'WealthShare': 0.5951267367749692}, {'CRRA': 13.650353257944912, 'WealthShare': 0.5607624690053659}, {'CRRA': 14.018633340293444, 'WealthShare': 0.5399881635465315}, {'CRRA': 14.740500122777746, 'WealthShare': 0.46061851522720154}, {'CRRA': 17.620076921218335, 'WealthShare': 0.107013974117254}, {'CRRA': 16.385654192566033, 'WealthShare': 0.2020921780813136}, {'CRRA': 15.166155098390318, 'WealthShare': 0.38661513217016336}, {'CRRA': 1.8825623647705374, 'WealthShare': 0.24093935861189164}, {'CRRA': 19.383632245538784, 'WealthShare': 0.023211775207189183}, {'CRRA': 9.439373949207335, 'WealthShare': 0.6085716447598228}, {'CRRA': 3.058519261330714, 'WealthShare': 0.0686867907524188}, {'CRRA': 19.373493411229735, 'WealthShare': 0.0611525894124395}, {'CRRA': 15.69950998759701, 'WealthShare': 0.4378842654714178}, {'CRRA': 17.326424951706624, 'WealthShare': 0.2182504593765555}, {'CRRA': 15.950221887128794, 'WealthShare': 0.5185383576660207}, {'CRRA': 16.544009057407322, 'WealthShare': 0.29915351238229665}, {'CRRA': 3.175226498870422, 'WealthShare': 0.055782697940892245}, {'CRRA': 16.43728707808677, 'WealthShare': 0.33582776951166987}, {'CRRA': 19.307116591607453, 'WealthShare': 0.11038959763898731}, {'CRRA': 16.181635479834156, 'WealthShare': 0.5967950689230819}, {'CRRA': 11.153131548443952, 'WealthShare': 0.6372912030512802}, {'CRRA': 7.201804678564448, 'WealthShare': 0.5960772534412545}, {'CRRA': 13.831272329287952, 'WealthShare': 0.6483342473458217}, {'CRRA': 16.98369752632836, 'WealthShare': 0.34234498158421084}, {'CRRA': 16.96364283423027, 'WealthShare': 0.5834427147512579}, {'CRRA': 18.47310537644195, 'WealthShare': 0.21512793561169033}, {'CRRA': 19.639367839277305, 'WealthShare': 0.16530528850342016}, {'CRRA': 5.448752839894087, 'WealthShare': 0.5653094287054468}, {'CRRA': 17.412000206995607, 'WealthShare': 0.40158776877508223}, {'CRRA': 18.20254102297573, 'WealthShare': 0.6106707628249461}, {'CRRA': 17.615437258772687, 'WealthShare': 0.4625014172095034}, {'CRRA': 19.441957058867935, 'WealthShare': 0.21196692396032904}, {'CRRA': 17.87987163221594, 'WealthShare': 0.6626880858939594}, {'CRRA': 17.98422521800902, 'WealthShare': 0.48928839727493834}, {'CRRA': 18.386258335506792, 'WealthShare': 0.3168725026147472}, {'CRRA': 1.7693014187991007, 'WealthShare': 0.2107116942857666}, {'CRRA': 18.465936216813436, 'WealthShare': 0.34380252752505686}, {'CRRA': 4.10706397983129, 'WealthShare': 0.5259113786052693}, {'CRRA': 18.325445244258706, 'WealthShare': 0.3807231706379158}, {'CRRA': 18.249318161075248, 'WealthShare': 0.44129097269105266}, {'CRRA': 19.446076623807194, 'WealthShare': 0.6446208911361501}, {'CRRA': 19.21843199725409, 'WealthShare': 0.5863520967014128}, {'CRRA': 19.001907891403718, 'WealthShare': 0.3288793281436092}, {'CRRA': 19.55348663829524, 'WealthShare': 0.5741669515408159}, {'CRRA': 18.893632038959144, 'WealthShare': 0.36180491012601146}, {'CRRA': 19.518981061106462, 'WealthShare': 0.4149722240835647}, {'CRRA': 17.44315545993233, 'WealthShare': 0.7163068887220069}, {'CRRA': 11.699365884693037, 'WealthShare': 0.6886946446412278}, {'CRRA': 19.785152648174805, 'WealthShare': 0.449260419699584}, {'CRRA': 19.957796523613794, 'WealthShare': 0.45781710717000673}, {'CRRA': 17.134334066501566, 'WealthShare': 0.7256805952322974}, {'CRRA': 14.941520219685188, 'WealthShare': 0.7289860160296675}, {'CRRA': 18.190745181443987, 'WealthShare': 0.7529594680118747}, {'CRRA': 10.647591382387168, 'WealthShare': 0.702345694786548}, {'CRRA': 12.465232828977479, 'WealthShare': 0.7317644480750003}, {'CRRA': 9.883259502043384, 'WealthShare': 0.70464236311885}, {'CRRA': 11.968706185880736, 'WealthShare': 0.7352409347218325}, {'CRRA': 16.32151428601803, 'WealthShare': 0.7762052779103441}, {'CRRA': 2.8964984168260828, 'WealthShare': 0.5068789377959939}, {'CRRA': 10.968228957089881, 'WealthShare': 0.7391238872914441}, {'CRRA': 12.784494863243035, 'WealthShare': 0.7699591531969714}, {'CRRA': 14.637398398441887, 'WealthShare': 0.7863750919840241}, {'CRRA': 6.082338538757927, 'WealthShare': 0.6658643968302129}, {'CRRA': 6.702602020265095, 'WealthShare': 0.6836391313077702}, {'CRRA': 1.2207452538084147, 'WealthShare': 0.17113270201327027}, {'CRRA': 1.9877856863830514, 'WealthShare': 0.4355717998516495}, {'CRRA': 8.352009688565936, 'WealthShare': 0.7253109047106364}, {'CRRA': 16.932396804652637, 'WealthShare': 0.8111187028533176}, {'CRRA': 2.0, 'WealthShare': 0.05}, {'CRRA': 5.141313734205557, 'WealthShare': 0.6488620577199293}, {'CRRA': 17.46475064742731, 'WealthShare': 0.8222621032745254}, {'CRRA': 9.689452772767932, 'WealthShare': 0.7559478360542186}, {'CRRA': 11.724145268169472, 'WealthShare': 0.7822251769508739}, {'CRRA': 3.615724054220043, 'WealthShare': 0.5906846126274654}, {'CRRA': 8.699186734599106, 'WealthShare': 0.7478217473505666}, {'CRRA': 19.151933781130175, 'WealthShare': 0.8376475306368265}, {'CRRA': 19.79248655578684, 'WealthShare': 0.8443604728350808}, {'CRRA': 16.88537324215295, 'WealthShare': 0.8328902535642414}, {'CRRA': 2.8397762910287767, 'WealthShare': 0.5543579382858039}, {'CRRA': 15.05544180595092, 'WealthShare': 0.8317928141830269}, {'CRRA': 2.0431636064755874, 'WealthShare': 0.49610432708655805}, {'CRRA': 6.691604873163138, 'WealthShare': 0.7496316549017704}, {'CRRA': 2.731010026643074, 'WealthShare': 0.5899299156828843}, {'CRRA': 5.611364062711132, 'WealthShare': 0.7321347053290751}, {'CRRA': 11.788032220468269, 'WealthShare': 0.8507599892673678}, {'CRRA': 1.4483381600926655, 'WealthShare': 0.48028349148774413}, {'CRRA': 4.555294226780923, 'WealthShare': 0.7319159591755149}, {'CRRA': 14.616733360449414, 'WealthShare': 0.8791523142628512}, {'CRRA': 4.90370707961899, 'WealthShare': 0.7560196783132654}, {'CRRA': 2.699010219931128, 'WealthShare': 0.6467704077525843}, {'CRRA': 5.662886350908117, 'WealthShare': 0.7900210890363344}, {'CRRA': 19.522813565224034, 'WealthShare': 0.9107062301765819}, {'CRRA': 12.074686450165096, 'WealthShare': 0.8779614336941449}, {'CRRA': 2.3222851757510963, 'WealthShare': 0.6241556912449134}, {'CRRA': 16.75251025755509, 'WealthShare': 0.9029328509315246}, {'CRRA': 4.522769439033998, 'WealthShare': 0.7624842485535734}, {'CRRA': 6.573685402085035, 'WealthShare': 0.8221971869565141}, {'CRRA': 19.696152399375162, 'WealthShare': 0.9193402829245236}, {'CRRA': 2.3194885434484167, 'WealthShare': 0.6501243162830099}, {'CRRA': 16.196396916393013, 'WealthShare': 0.9209568146450657}, {'CRRA': 14.865246876488284, 'WealthShare': 0.917568211079468}, {'CRRA': 5.096251213067292, 'WealthShare': 0.820506858699194}, {'CRRA': 2.875752847704632, 'WealthShare': 0.7269081667139731}, {'CRRA': 14.375061611133383, 'WealthShare': 0.9245400171878807}, {'CRRA': 12.083572765833908, 'WealthShare': 0.9168867985911116}, {'CRRA': 13.828740495602009, 'WealthShare': 0.932116684336564}, {'CRRA': 16.553337533554608, 'WealthShare': 0.9485302856065457}, {'CRRA': 2.4843875410197076, 'WealthShare': 0.760221741196164}, {'CRRA': 3.7094153979887876, 'WealthShare': 0.8318039127776985}, {'CRRA': 8.19694101796113, 'WealthShare': 0.9196185748220035}, {'CRRA': 2.4484747028019047, 'WealthShare': 0.7778443585827083}, {'CRRA': 15.781298570354316, 'WealthShare': 0.9554081039824195}, {'CRRA': 17.553738578952565, 'WealthShare': 0.9593323512773604}, {'CRRA': 4.439402822583606, 'WealthShare': 0.8757562770743612}, {'CRRA': 19.345724861664756, 'WealthShare': 0.9650822812063093}, {'CRRA': 8.244150188007072, 'WealthShare': 0.9323218570698655}, {'CRRA': 9.396935485897519, 'WealthShare': 0.9468489527038718}, {'CRRA': 15.861067681672324, 'WealthShare': 0.9662920474586857}, {'CRRA': 3.2717548525219917, 'WealthShare': 0.8880117054005573}, {'CRRA': 12.721439731927248, 'WealthShare': 0.9745615568966132}, {'CRRA': 1.965727014839413, 'WealthShare': 0.8194170647434305}, {'CRRA': 5.381698822866202, 'WealthShare': 0.9411335510165506}, {'CRRA': 12.755478427252902, 'WealthShare': 0.9761672589978937}, {'CRRA': 11.816310616191958, 'WealthShare': 0.9764409436791152}, {'CRRA': 6.618066098570905, 'WealthShare': 0.9663716241447974}, {'CRRA': 13.984064801188216, 'WealthShare': 0.9860673131332774}, {'CRRA': 10.225351271743737, 'WealthShare': 0.9875656964436321}, {'CRRA': 1.953711145560821, 'WealthShare': 0.9119886778199634}, {'CRRA': 1.6393451508433348, 'WealthShare': 0.9745716057812482}], exploration_results=array([  0.43228198,   0.45401373,   0.50586428,   0.57927038,
         0.60780411,   0.70983764,   0.72320511,   0.73932864,
         0.78781891,   0.82892179,   0.84796846,   0.87326422,
         0.91847742,   0.92132221,   0.93095461,   0.95919747,
         1.00249552,   1.08245028,   1.08896343,   1.10029499,
         1.14070273,   1.17694853,   1.24916909,   1.28634833,
         1.31471772,   1.32201481,   1.35848261,   1.36796698,
         1.39788527,   1.48681645,   1.51711264,   1.52220971,
         1.55952683,   1.56560494,   1.59167041,   1.64009905,
         1.66208045,   1.73411621,   1.73530476,   1.77636153,
         1.81111277,   1.84517615,   1.85717309,   1.97451604,
         1.98950462,   2.01040128,   2.05418908,   2.09068665,
         2.10875731,   2.15028734,   2.15967183,   2.18078203,
         2.19153025,   2.23689699,   2.24264336,   2.25390134,
         2.27111985,   2.33239605,   2.40188478,   2.42043673,
         2.43641326,   2.43861461,   2.45665561,   2.4910269 ,
         2.49798354,   2.53597331,   2.58393784,   2.58752378,
         2.63160935,   2.66181766,   2.69544265,   2.75740345,
         2.76300723,   2.76376011,   2.83183753,   2.86031593,
         2.86061335,   2.89811871,   2.91963742,   2.927933  ,
         2.98369885,   2.98785738,   3.03766976,   3.06287393,
         3.11607679,   3.12289668,   3.12785569,   3.13926072,
         3.16732505,   3.18312527,   3.22341179,   3.23244722,
         3.2721153 ,   3.28855266,   3.31591894,   3.33104017,
         3.35870996,   3.43290682,   3.47662276,   3.49157581,
         3.53792796,   3.54366601,   3.55451866,   3.61256501,
         3.61259666,   3.61465478,   3.61811903,   3.68848559,
         3.70294505,   3.70770447,   3.71306135,   3.72440694,
         3.72675131,   3.78861912,   3.81149464,   3.82466512,
         4.02958266,   4.03837277,   4.04033894,   4.09042038,
         4.12523929,   4.18012108,   4.41102054,   4.60724607,
         4.65626673,   4.95724886,   5.02474396,   5.23014351,
         5.50309711,   5.66546656,   5.79649241,   6.30455676,
         6.38479412,   6.45958784,   6.54121207,   6.57300605,
         6.74910527,   6.91882883,   6.91888411,   6.9769401 ,
         7.08338886,   7.4150675 ,   7.46307344,   7.5411814 ,
         7.55642119,   7.88218461,   7.91773395,   8.22361807,
         8.40408363,   8.48178551,   9.23887625,   9.90961772,
        11.06681709,  11.81371458,  12.1081233 ,  14.4976205 ,
        15.65234141,  16.07270987,  16.27274311,  17.65256641,
        18.17469831,  19.42358547,  19.42906994,  19.48901831,
        19.58424147,  19.82361693,  20.74173277,  21.51885701,
        22.25647702,  23.46246114,  27.21717518,  27.81733879,
        29.05555103,  29.41726658,  32.10530069,  33.28369625,
        37.72038298,  44.37997896,  45.56778842,  47.17323003,
        49.61823681,  52.5714962 ,  52.90112761,  53.63677483,
        56.41281555,  57.71317587,  58.72013676,  65.64811788,
        66.8497753 ,  86.7573041 ,  90.52407519,  91.86103211,
        92.92491932,  93.64869856,  97.61620116, 111.79349654,
       113.76544966, 131.03532988, 174.64565619, 314.54618509]))"

algorithm_output,"{'states': [State(trustregion=Region(center=array([4.4216943 , 0.23400602]), radius=0.44216942982941676, bounds=Bounds(lower=array([1.1 , 0.01]), upper=array([20.  ,  0.99]))), model_indices=[0], model=ScalarModel(intercept=0.43228197866788964, linear_terms=array([0., 0.]), square_terms=array([[0., 0.],
       [0., 0.]]), scale=0.44216942982941676, shift=array([4.4216943 , 0.23400602])), vector_model=VectorModel(intercepts=array([ 0.05742846,  0.13645606,  0.14862486,  0.18030393,  0.19612141,
        0.20272234,  0.20395975,  0.22164655,  0.09496275,  0.10354175,
       -0.25836415, -0.30529085,  0.00074822,  0.03108918,  0.04002564,
        0.03511233,  0.04452792]), linear_terms=array([[0., 0.],
       [0., 0.],
       [0., 0.],
       [0., 0.],
       [0., 0.],
       [0., 0.],
       [0., 0.],
       [0., 0.],
       [0., 0.],
       [0., 0.],
       [0., 0.],
       [0., 0.],
       [0., 0.],
       [0., 0.],
       [0., 0.],
       [0., 0.],
       [0., 0.]]), square_terms=array([[[0., 0.],
        [0., 0.]],

       [[0., 0.],
        [0., 0.]],

       [[0., 0.],
        [0., 0.]],

       [[0., 0.],
        [0., 0.]],

       [[0., 0.],
        [0., 0.]],

       [[0., 0.],
        [0., 0.]],

       [[0., 0.],
        [0., 0.]],

       [[0., 0.],
        [0., 0.]],

       [[0., 0.],
        [0., 0.]],

       [[0., 0.],
        [0., 0.]],

       [[0., 0.],
        [0., 0.]],

       [[0., 0.],
        [0., 0.]],

       [[0., 0.],
        [0., 0.]],

       [[0., 0.],
        [0., 0.]],

       [[0., 0.],
        [0., 0.]],

       [[0., 0.],
        [0., 0.]],

       [[0., 0.],
        [0., 0.]]]), scale=0.44216942982941676, shift=array([4.4216943 , 0.23400602])), candidate_index=0, candidate_x=array([4.4216943 , 0.23400602]), index=0, x=array([4.4216943 , 0.23400602]), fval=0.4322819786678896, rho=nan, accepted=True, new_indices=[0], old_indices_used=[], old_indices_discarded=[], step_length=None, relative_step_length=None, n_evals_per_point=None, n_evals_acceptance=None), State(trustregion=Region(center=array([4.4216943 , 0.23400602]), radius=0.44216942982941676, bounds=Bounds(lower=array([1.1 , 0.01]), upper=array([20.  ,  0.99]))), model_indices=array([ 0,  1,  2,  3,  4,  5,  6,  7,  8,  9, 10, 11, 12]), model=ScalarModel(intercept=0.8903413073114255, linear_terms=array([-0.07216505,  2.18009331]), square_terms=array([[0.02057343, 0.02784768],
       [0.02784768, 7.15233044]]), scale=array([0.39186245, 0.30793424]), shift=array([4.4216943 , 0.31793424])), vector_model=VectorModel(intercepts=array([ 0.05742846,  0.13645606,  0.14862486,  0.18030393,  0.19612141,
        0.20272234,  0.20395975,  0.22164655,  0.09496275,  0.10354175,
       -0.25836415, -0.30529085,  0.00074822,  0.03108918,  0.04002564,
        0.03511233,  0.04452792]), linear_terms=array([[0., 0.],
       [0., 0.],
       [0., 0.],
       [0., 0.],
       [0., 0.],
       [0., 0.],
       [0., 0.],
       [0., 0.],
       [0., 0.],
       [0., 0.],
       [0., 0.],
       [0., 0.],
       [0., 0.],
       [0., 0.],
       [0., 0.],
       [0., 0.],
       [0., 0.]]), square_terms=array([[[0., 0.],
        [0., 0.]],

       [[0., 0.],
        [0., 0.]],

       [[0., 0.],
        [0., 0.]],

       [[0., 0.],
        [0., 0.]],

       [[0., 0.],
        [0., 0.]],

       [[0., 0.],
        [0., 0.]],

       [[0., 0.],
        [0., 0.]],

       [[0., 0.],
        [0., 0.]],

       [[0., 0.],
        [0., 0.]],

       [[0., 0.],
        [0., 0.]],

       [[0., 0.],
        [0., 0.]],

       [[0., 0.],
        [0., 0.]],

       [[0., 0.],
        [0., 0.]],

       [[0., 0.],
        [0., 0.]],

       [[0., 0.],
        [0., 0.]],

       [[0., 0.],
        [0., 0.]],

       [[0., 0.],
        [0., 0.]]]), scale=0.44216942982941676, shift=array([4.4216943 , 0.23400602])), candidate_index=13, candidate_x=array([4.81355675, 0.22287422]), index=0, x=array([4.4216943 , 0.23400602]), fval=0.4322819786678896, rho=-0.04482443735050957, accepted=False, new_indices=array([ 1,  2,  3,  4,  5,  6,  7,  8,  9, 10, 11, 12]), old_indices_used=array([0]), old_indices_discarded=array([], dtype=int32), step_length=0.0, relative_step_length=0.0, n_evals_per_point=1, n_evals_acceptance=1), State(trustregion=Region(center=array([4.4216943 , 0.23400602]), radius=0.22108471491470838, bounds=Bounds(lower=array([1.1 , 0.01]), upper=array([20.  ,  0.99]))), model_indices=array([ 0,  1,  4,  5,  6,  7, 10, 11, 13]), model=ScalarModel(intercept=0.5007619739648242, linear_terms=array([-0.05492778,  0.05811682]), square_terms=array([[0.02583225, 0.02584418],
       [0.02584418, 3.6776069 ]]), scale=0.22108471491470838, shift=array([4.4216943 , 0.23400602])), vector_model=VectorModel(intercepts=array([ 0.05742846,  0.13645606,  0.14862486,  0.18030393,  0.19612141,
        0.20272234,  0.20395975,  0.22164655,  0.09496275,  0.10354175,
       -0.25836415, -0.30529085,  0.00074822,  0.03108918,  0.04002564,
        0.03511233,  0.04452792]), linear_terms=array([[0., 0.],
       [0., 0.],
       [0., 0.],
       [0., 0.],
       [0., 0.],
       [0., 0.],
       [0., 0.],
       [0., 0.],
       [0., 0.],
       [0., 0.],
       [0., 0.],
       [0., 0.],
       [0., 0.],
       [0., 0.],
       [0., 0.],
       [0., 0.],
       [0., 0.]]), square_terms=array([[[0., 0.],
        [0., 0.]],

       [[0., 0.],
        [0., 0.]],

       [[0., 0.],
        [0., 0.]],

       [[0., 0.],
        [0., 0.]],

       [[0., 0.],
        [0., 0.]],

       [[0., 0.],
        [0., 0.]],

       [[0., 0.],
        [0., 0.]],

       [[0., 0.],
        [0., 0.]],

       [[0., 0.],
        [0., 0.]],

       [[0., 0.],
        [0., 0.]],

       [[0., 0.],
        [0., 0.]],

       [[0., 0.],
        [0., 0.]],

       [[0., 0.],
        [0., 0.]],

       [[0., 0.],
        [0., 0.]],

       [[0., 0.],
        [0., 0.]],

       [[0., 0.],
        [0., 0.]],

       [[0., 0.],
        [0., 0.]]]), scale=0.44216942982941676, shift=array([4.4216943 , 0.23400602])), candidate_index=14, candidate_x=array([4.64273703, 0.2289993 ]), index=14, x=array([4.64273703, 0.2289993 ]), fval=0.43052588770176276, rho=0.0408731738168972, accepted=True, new_indices=array([], dtype=int32), old_indices_used=array([ 0,  1,  4,  5,  6,  7, 10, 11, 13]), old_indices_discarded=array([ 2,  3,  8,  9, 12]), step_length=0.22109942955029196, relative_step_length=1.0000665565486482, n_evals_per_point=1, n_evals_acceptance=1), State(trustregion=Region(center=array([4.64273703, 0.2289993 ]), radius=0.11054235745735419, bounds=Bounds(lower=array([1.1 , 0.01]), upper=array([20.  ,  0.99]))), model_indices=array([ 0,  1,  2,  4,  6,  8,  9, 13, 14]), model=ScalarModel(intercept=0.4669523900909673, linear_terms=array([ 0.00091254, -0.00189636]), square_terms=array([[0.00351707, 0.03692933],
       [0.03692933, 0.80018905]]), scale=0.11054235745735419, shift=array([4.64273703, 0.2289993 ])), vector_model=VectorModel(intercepts=array([ 0.05742846,  0.13645606,  0.14862486,  0.18030393,  0.19612141,
        0.20272234,  0.20395975,  0.22164655,  0.09496275,  0.10354175,
       -0.25836415, -0.30529085,  0.00074822,  0.03108918,  0.04002564,
        0.03511233,  0.04452792]), linear_terms=array([[0., 0.],
       [0., 0.],
       [0., 0.],
       [0., 0.],
       [0., 0.],
       [0., 0.],
       [0., 0.],
       [0., 0.],
       [0., 0.],
       [0., 0.],
       [0., 0.],
       [0., 0.],
       [0., 0.],
       [0., 0.],
       [0., 0.],
       [0., 0.],
       [0., 0.]]), square_terms=array([[[0., 0.],
        [0., 0.]],

       [[0., 0.],
        [0., 0.]],

       [[0., 0.],
        [0., 0.]],

       [[0., 0.],
        [0., 0.]],

       [[0., 0.],
        [0., 0.]],

       [[0., 0.],
        [0., 0.]],

       [[0., 0.],
        [0., 0.]],

       [[0., 0.],
        [0., 0.]],

       [[0., 0.],
        [0., 0.]],

       [[0., 0.],
        [0., 0.]],

       [[0., 0.],
        [0., 0.]],

       [[0., 0.],
        [0., 0.]],

       [[0., 0.],
        [0., 0.]],

       [[0., 0.],
        [0., 0.]],

       [[0., 0.],
        [0., 0.]],

       [[0., 0.],
        [0., 0.]],

       [[0., 0.],
        [0., 0.]]]), scale=0.44216942982941676, shift=array([4.4216943 , 0.23400602])), candidate_index=15, candidate_x=array([4.58175334, 0.23207571]), index=15, x=array([4.58175334, 0.23207571]), fval=0.42962727827596003, rho=3.2312360399269227, accepted=True, new_indices=array([], dtype=int32), old_indices_used=array([ 0,  1,  2,  4,  6,  8,  9, 13, 14]), old_indices_discarded=array([ 5, 10]), step_length=0.061061237952884914, relative_step_length=0.5523786479444456, n_evals_per_point=1, n_evals_acceptance=1), State(trustregion=Region(center=array([4.58175334, 0.23207571]), radius=0.22108471491470838, bounds=Bounds(lower=array([1.1 , 0.01]), upper=array([20.  ,  0.99]))), model_indices=array([ 0,  1,  2,  4,  5,  6, 13, 14, 15]), model=ScalarModel(intercept=0.42258122011974264, linear_terms=array([ 0.00721035, -0.20348977]), square_terms=array([[0.01973992, 0.18326714],
       [0.18326714, 2.77894502]]), scale=0.22108471491470838, shift=array([4.58175334, 0.23207571])), vector_model=VectorModel(intercepts=array([ 0.05742846,  0.13645606,  0.14862486,  0.18030393,  0.19612141,
        0.20272234,  0.20395975,  0.22164655,  0.09496275,  0.10354175,
       -0.25836415, -0.30529085,  0.00074822,  0.03108918,  0.04002564,
        0.03511233,  0.04452792]), linear_terms=array([[0., 0.],
       [0., 0.],
       [0., 0.],
       [0., 0.],
       [0., 0.],
       [0., 0.],
       [0., 0.],
       [0., 0.],
       [0., 0.],
       [0., 0.],
       [0., 0.],
       [0., 0.],
       [0., 0.],
       [0., 0.],
       [0., 0.],
       [0., 0.],
       [0., 0.]]), square_terms=array([[[0., 0.],
        [0., 0.]],

       [[0., 0.],
        [0., 0.]],

       [[0., 0.],
        [0., 0.]],

       [[0., 0.],
        [0., 0.]],

       [[0., 0.],
        [0., 0.]],

       [[0., 0.],
        [0., 0.]],

       [[0., 0.],
        [0., 0.]],

       [[0., 0.],
        [0., 0.]],

       [[0., 0.],
        [0., 0.]],

       [[0., 0.],
        [0., 0.]],

       [[0., 0.],
        [0., 0.]],

       [[0., 0.],
        [0., 0.]],

       [[0., 0.],
        [0., 0.]],

       [[0., 0.],
        [0., 0.]],

       [[0., 0.],
        [0., 0.]],

       [[0., 0.],
        [0., 0.]],

       [[0., 0.],
        [0., 0.]]]), scale=0.44216942982941676, shift=array([4.4216943 , 0.23400602])), candidate_index=16, candidate_x=array([4.36238336, 0.26258893]), index=15, x=array([4.58175334, 0.23207571]), fval=0.42962727827596003, rho=-0.5754051540843257, accepted=False, new_indices=array([], dtype=int32), old_indices_used=array([ 0,  1,  2,  4,  5,  6, 13, 14, 15]), old_indices_discarded=array([ 3,  7,  8,  9, 10, 11, 12]), step_length=0.0, relative_step_length=0.0, n_evals_per_point=1, n_evals_acceptance=1), State(trustregion=Region(center=array([4.58175334, 0.23207571]), radius=0.11054235745735419, bounds=Bounds(lower=array([1.1 , 0.01]), upper=array([20.  ,  0.99]))), model_indices=array([ 0,  1,  2,  4,  6, 13, 14, 15, 16]), model=ScalarModel(intercept=0.42780581223001063, linear_terms=array([ 0.00307666, -0.0795649 ]), square_terms=array([[0.00234581, 0.03309065],
       [0.03309065, 0.69619755]]), scale=0.11054235745735419, shift=array([4.58175334, 0.23207571])), vector_model=VectorModel(intercepts=array([ 0.05742846,  0.13645606,  0.14862486,  0.18030393,  0.19612141,
        0.20272234,  0.20395975,  0.22164655,  0.09496275,  0.10354175,
       -0.25836415, -0.30529085,  0.00074822,  0.03108918,  0.04002564,
        0.03511233,  0.04452792]), linear_terms=array([[0., 0.],
       [0., 0.],
       [0., 0.],
       [0., 0.],
       [0., 0.],
       [0., 0.],
       [0., 0.],
       [0., 0.],
       [0., 0.],
       [0., 0.],
       [0., 0.],
       [0., 0.],
       [0., 0.],
       [0., 0.],
       [0., 0.],
       [0., 0.],
       [0., 0.]]), square_terms=array([[[0., 0.],
        [0., 0.]],

       [[0., 0.],
        [0., 0.]],

       [[0., 0.],
        [0., 0.]],

       [[0., 0.],
        [0., 0.]],

       [[0., 0.],
        [0., 0.]],

       [[0., 0.],
        [0., 0.]],

       [[0., 0.],
        [0., 0.]],

       [[0., 0.],
        [0., 0.]],

       [[0., 0.],
        [0., 0.]],

       [[0., 0.],
        [0., 0.]],

       [[0., 0.],
        [0., 0.]],

       [[0., 0.],
        [0., 0.]],

       [[0., 0.],
        [0., 0.]],

       [[0., 0.],
        [0., 0.]],

       [[0., 0.],
        [0., 0.]],

       [[0., 0.],
        [0., 0.]],

       [[0., 0.],
        [0., 0.]]]), scale=0.44216942982941676, shift=array([4.4216943 , 0.23400602])), candidate_index=17, candidate_x=array([4.47195312, 0.24977322]), index=15, x=array([4.58175334, 0.23207571]), fval=0.42962727827596003, rho=-0.11301878978009096, accepted=False, new_indices=array([], dtype=int32), old_indices_used=array([ 0,  1,  2,  4,  6, 13, 14, 15, 16]), old_indices_discarded=array([ 5,  7,  8,  9, 10]), step_length=0.0, relative_step_length=0.0, n_evals_per_point=1, n_evals_acceptance=1), State(trustregion=Region(center=array([4.58175334, 0.23207571]), radius=0.055271178728677095, bounds=Bounds(lower=array([1.1 , 0.01]), upper=array([20.  ,  0.99]))), model_indices=array([ 0, 13, 14, 15, 16, 17]), model=ScalarModel(intercept=0.4303263898518987, linear_terms=array([-0.00012151, -0.01330105]), square_terms=array([[0.00035906, 0.00373313],
       [0.00373313, 0.15696527]]), scale=0.055271178728677095, shift=array([4.58175334, 0.23207571])), vector_model=VectorModel(intercepts=array([ 0.05742846,  0.13645606,  0.14862486,  0.18030393,  0.19612141,
        0.20272234,  0.20395975,  0.22164655,  0.09496275,  0.10354175,
       -0.25836415, -0.30529085,  0.00074822,  0.03108918,  0.04002564,
        0.03511233,  0.04452792]), linear_terms=array([[0., 0.],
       [0., 0.],
       [0., 0.],
       [0., 0.],
       [0., 0.],
       [0., 0.],
       [0., 0.],
       [0., 0.],
       [0., 0.],
       [0., 0.],
       [0., 0.],
       [0., 0.],
       [0., 0.],
       [0., 0.],
       [0., 0.],
       [0., 0.],
       [0., 0.]]), square_terms=array([[[0., 0.],
        [0., 0.]],

       [[0., 0.],
        [0., 0.]],

       [[0., 0.],
        [0., 0.]],

       [[0., 0.],
        [0., 0.]],

       [[0., 0.],
        [0., 0.]],

       [[0., 0.],
        [0., 0.]],

       [[0., 0.],
        [0., 0.]],

       [[0., 0.],
        [0., 0.]],

       [[0., 0.],
        [0., 0.]],

       [[0., 0.],
        [0., 0.]],

       [[0., 0.],
        [0., 0.]],

       [[0., 0.],
        [0., 0.]],

       [[0., 0.],
        [0., 0.]],

       [[0., 0.],
        [0., 0.]],

       [[0., 0.],
        [0., 0.]],

       [[0., 0.],
        [0., 0.]],

       [[0., 0.],
        [0., 0.]]]), scale=0.44216942982941676, shift=array([4.4216943 , 0.23400602])), candidate_index=18, candidate_x=array([4.52681052, 0.23809144]), index=18, x=array([4.52681052, 0.23809144]), fval=0.428575806669704, rho=1.685927551766569, accepted=True, new_indices=array([], dtype=int32), old_indices_used=array([ 0, 13, 14, 15, 16, 17]), old_indices_discarded=array([], dtype=int32), step_length=0.05527117872867715, relative_step_length=1.000000000000001, n_evals_per_point=1, n_evals_acceptance=1), State(trustregion=Region(center=array([4.52681052, 0.23809144]), radius=0.11054235745735419, bounds=Bounds(lower=array([1.1 , 0.01]), upper=array([20.  ,  0.99]))), model_indices=array([ 0,  4,  6, 13, 14, 15, 16, 17, 18]), model=ScalarModel(intercept=0.4301946843982496, linear_terms=array([-0.00184993, -0.03125703]), square_terms=array([[0.00063753, 0.00826296],
       [0.00826296, 0.63130758]]), scale=0.11054235745735419, shift=array([4.52681052, 0.23809144])), vector_model=VectorModel(intercepts=array([ 0.05742846,  0.13645606,  0.14862486,  0.18030393,  0.19612141,
        0.20272234,  0.20395975,  0.22164655,  0.09496275,  0.10354175,
       -0.25836415, -0.30529085,  0.00074822,  0.03108918,  0.04002564,
        0.03511233,  0.04452792]), linear_terms=array([[0., 0.],
       [0., 0.],
       [0., 0.],
       [0., 0.],
       [0., 0.],
       [0., 0.],
       [0., 0.],
       [0., 0.],
       [0., 0.],
       [0., 0.],
       [0., 0.],
       [0., 0.],
       [0., 0.],
       [0., 0.],
       [0., 0.],
       [0., 0.],
       [0., 0.]]), square_terms=array([[[0., 0.],
        [0., 0.]],

       [[0., 0.],
        [0., 0.]],

       [[0., 0.],
        [0., 0.]],

       [[0., 0.],
        [0., 0.]],

       [[0., 0.],
        [0., 0.]],

       [[0., 0.],
        [0., 0.]],

       [[0., 0.],
        [0., 0.]],

       [[0., 0.],
        [0., 0.]],

       [[0., 0.],
        [0., 0.]],

       [[0., 0.],
        [0., 0.]],

       [[0., 0.],
        [0., 0.]],

       [[0., 0.],
        [0., 0.]],

       [[0., 0.],
        [0., 0.]],

       [[0., 0.],
        [0., 0.]],

       [[0., 0.],
        [0., 0.]],

       [[0., 0.],
        [0., 0.]],

       [[0., 0.],
        [0., 0.]]]), scale=0.44216942982941676, shift=array([4.4216943 , 0.23400602])), candidate_index=19, candidate_x=array([4.63737356, 0.24211164]), index=19, x=array([4.63737356, 0.24211164]), fval=0.4275913589667063, rho=0.5048219695722765, accepted=True, new_indices=array([], dtype=int32), old_indices_used=array([ 0,  4,  6, 13, 14, 15, 16, 17, 18]), old_indices_discarded=array([ 1,  2,  5,  7,  8,  9, 10, 11]), step_length=0.11063611176822157, relative_step_length=1.000848130192117, n_evals_per_point=1, n_evals_acceptance=1), State(trustregion=Region(center=array([4.63737356, 0.24211164]), radius=0.22108471491470838, bounds=Bounds(lower=array([1.1 , 0.01]), upper=array([20.  ,  0.99]))), model_indices=array([ 0,  4, 13, 14, 15, 16, 17, 18, 19]), model=ScalarModel(intercept=0.4280430460058529, linear_terms=array([-0.00127869,  0.01244573]), square_terms=array([[0.00438253, 0.04488525],
       [0.04488525, 2.38532353]]), scale=0.22108471491470838, shift=array([4.63737356, 0.24211164])), vector_model=VectorModel(intercepts=array([ 0.05742846,  0.13645606,  0.14862486,  0.18030393,  0.19612141,
        0.20272234,  0.20395975,  0.22164655,  0.09496275,  0.10354175,
       -0.25836415, -0.30529085,  0.00074822,  0.03108918,  0.04002564,
        0.03511233,  0.04452792]), linear_terms=array([[0., 0.],
       [0., 0.],
       [0., 0.],
       [0., 0.],
       [0., 0.],
       [0., 0.],
       [0., 0.],
       [0., 0.],
       [0., 0.],
       [0., 0.],
       [0., 0.],
       [0., 0.],
       [0., 0.],
       [0., 0.],
       [0., 0.],
       [0., 0.],
       [0., 0.]]), square_terms=array([[[0., 0.],
        [0., 0.]],

       [[0., 0.],
        [0., 0.]],

       [[0., 0.],
        [0., 0.]],

       [[0., 0.],
        [0., 0.]],

       [[0., 0.],
        [0., 0.]],

       [[0., 0.],
        [0., 0.]],

       [[0., 0.],
        [0., 0.]],

       [[0., 0.],
        [0., 0.]],

       [[0., 0.],
        [0., 0.]],

       [[0., 0.],
        [0., 0.]],

       [[0., 0.],
        [0., 0.]],

       [[0., 0.],
        [0., 0.]],

       [[0., 0.],
        [0., 0.]],

       [[0., 0.],
        [0., 0.]],

       [[0., 0.],
        [0., 0.]],

       [[0., 0.],
        [0., 0.]],

       [[0., 0.],
        [0., 0.]]]), scale=0.44216942982941676, shift=array([4.4216943 , 0.23400602])), candidate_index=20, candidate_x=array([4.73191439, 0.2391791 ]), index=19, x=array([4.63737356, 0.24211164]), fval=0.4275913589667063, rho=-1.9175512274500754, accepted=False, new_indices=array([], dtype=int32), old_indices_used=array([ 0,  4, 13, 14, 15, 16, 17, 18, 19]), old_indices_discarded=array([ 1,  2,  3,  5,  6,  7,  8,  9, 10, 11, 12]), step_length=0.0, relative_step_length=0.0, n_evals_per_point=1, n_evals_acceptance=1), State(trustregion=Region(center=array([4.63737356, 0.24211164]), radius=0.11054235745735419, bounds=Bounds(lower=array([1.1 , 0.01]), upper=array([20.  ,  0.99]))), model_indices=array([ 0,  4, 13, 14, 15, 17, 18, 19, 20]), model=ScalarModel(intercept=0.4278474037557474, linear_terms=array([0.00036835, 0.00441426]), square_terms=array([[0.00122988, 0.01156857],
       [0.01156857, 0.59553399]]), scale=0.11054235745735419, shift=array([4.63737356, 0.24211164])), vector_model=VectorModel(intercepts=array([ 0.05742846,  0.13645606,  0.14862486,  0.18030393,  0.19612141,
        0.20272234,  0.20395975,  0.22164655,  0.09496275,  0.10354175,
       -0.25836415, -0.30529085,  0.00074822,  0.03108918,  0.04002564,
        0.03511233,  0.04452792]), linear_terms=array([[0., 0.],
       [0., 0.],
       [0., 0.],
       [0., 0.],
       [0., 0.],
       [0., 0.],
       [0., 0.],
       [0., 0.],
       [0., 0.],
       [0., 0.],
       [0., 0.],
       [0., 0.],
       [0., 0.],
       [0., 0.],
       [0., 0.],
       [0., 0.],
       [0., 0.]]), square_terms=array([[[0., 0.],
        [0., 0.]],

       [[0., 0.],
        [0., 0.]],

       [[0., 0.],
        [0., 0.]],

       [[0., 0.],
        [0., 0.]],

       [[0., 0.],
        [0., 0.]],

       [[0., 0.],
        [0., 0.]],

       [[0., 0.],
        [0., 0.]],

       [[0., 0.],
        [0., 0.]],

       [[0., 0.],
        [0., 0.]],

       [[0., 0.],
        [0., 0.]],

       [[0., 0.],
        [0., 0.]],

       [[0., 0.],
        [0., 0.]],

       [[0., 0.],
        [0., 0.]],

       [[0., 0.],
        [0., 0.]],

       [[0., 0.],
        [0., 0.]],

       [[0., 0.],
        [0., 0.]],

       [[0., 0.],
        [0., 0.]]]), scale=0.44216942982941676, shift=array([4.4216943 , 0.23400602])), candidate_index=21, candidate_x=array([4.60629417, 0.241896  ]), index=19, x=array([4.63737356, 0.24211164]), fval=0.4275913589667063, rho=-6.850892071120265, accepted=False, new_indices=array([], dtype=int32), old_indices_used=array([ 0,  4, 13, 14, 15, 17, 18, 19, 20]), old_indices_discarded=array([ 1,  2,  5,  6,  8,  9, 10, 16]), step_length=0.0, relative_step_length=0.0, n_evals_per_point=1, n_evals_acceptance=1), State(trustregion=Region(center=array([4.63737356, 0.24211164]), radius=0.055271178728677095, bounds=Bounds(lower=array([1.1 , 0.01]), upper=array([20.  ,  0.99]))), model_indices=array([ 0, 13, 14, 15, 17, 18, 19, 20, 21]), model=ScalarModel(intercept=0.4282491802572224, linear_terms=array([0.00038426, 0.00458345]), square_terms=array([[0.00035494, 0.00339796],
       [0.00339796, 0.14078458]]), scale=0.055271178728677095, shift=array([4.63737356, 0.24211164])), vector_model=VectorModel(intercepts=array([ 0.05742846,  0.13645606,  0.14862486,  0.18030393,  0.19612141,
        0.20272234,  0.20395975,  0.22164655,  0.09496275,  0.10354175,
       -0.25836415, -0.30529085,  0.00074822,  0.03108918,  0.04002564,
        0.03511233,  0.04452792]), linear_terms=array([[0., 0.],
       [0., 0.],
       [0., 0.],
       [0., 0.],
       [0., 0.],
       [0., 0.],
       [0., 0.],
       [0., 0.],
       [0., 0.],
       [0., 0.],
       [0., 0.],
       [0., 0.],
       [0., 0.],
       [0., 0.],
       [0., 0.],
       [0., 0.],
       [0., 0.]]), square_terms=array([[[0., 0.],
        [0., 0.]],

       [[0., 0.],
        [0., 0.]],

       [[0., 0.],
        [0., 0.]],

       [[0., 0.],
        [0., 0.]],

       [[0., 0.],
        [0., 0.]],

       [[0., 0.],
        [0., 0.]],

       [[0., 0.],
        [0., 0.]],

       [[0., 0.],
        [0., 0.]],

       [[0., 0.],
        [0., 0.]],

       [[0., 0.],
        [0., 0.]],

       [[0., 0.],
        [0., 0.]],

       [[0., 0.],
        [0., 0.]],

       [[0., 0.],
        [0., 0.]],

       [[0., 0.],
        [0., 0.]],

       [[0., 0.],
        [0., 0.]],

       [[0., 0.],
        [0., 0.]],

       [[0., 0.],
        [0., 0.]]]), scale=0.44216942982941676, shift=array([4.4216943 , 0.23400602])), candidate_index=22, candidate_x=array([4.58195918, 0.24164968]), index=19, x=array([4.63737356, 0.24211164]), fval=0.4275913589667063, rho=-1.4853198368960907, accepted=False, new_indices=array([], dtype=int32), old_indices_used=array([ 0, 13, 14, 15, 17, 18, 19, 20, 21]), old_indices_discarded=array([ 4, 16]), step_length=0.0, relative_step_length=0.0, n_evals_per_point=1, n_evals_acceptance=1), State(trustregion=Region(center=array([4.63737356, 0.24211164]), radius=0.027635589364338548, bounds=Bounds(lower=array([1.1 , 0.01]), upper=array([20.  ,  0.99]))), model_indices=array([14, 15, 18, 19, 20, 21, 22]), model=ScalarModel(intercept=0.42784047717222484, linear_terms=array([9.40743778e-05, 2.74497470e-03]), square_terms=array([[8.53860403e-05, 8.13257062e-04],
       [8.13257062e-04, 3.51688808e-02]]), scale=0.027635589364338548, shift=array([4.63737356, 0.24211164])), vector_model=VectorModel(intercepts=array([ 0.05742846,  0.13645606,  0.14862486,  0.18030393,  0.19612141,
        0.20272234,  0.20395975,  0.22164655,  0.09496275,  0.10354175,
       -0.25836415, -0.30529085,  0.00074822,  0.03108918,  0.04002564,
        0.03511233,  0.04452792]), linear_terms=array([[0., 0.],
       [0., 0.],
       [0., 0.],
       [0., 0.],
       [0., 0.],
       [0., 0.],
       [0., 0.],
       [0., 0.],
       [0., 0.],
       [0., 0.],
       [0., 0.],
       [0., 0.],
       [0., 0.],
       [0., 0.],
       [0., 0.],
       [0., 0.],
       [0., 0.]]), square_terms=array([[[0., 0.],
        [0., 0.]],

       [[0., 0.],
        [0., 0.]],

       [[0., 0.],
        [0., 0.]],

       [[0., 0.],
        [0., 0.]],

       [[0., 0.],
        [0., 0.]],

       [[0., 0.],
        [0., 0.]],

       [[0., 0.],
        [0., 0.]],

       [[0., 0.],
        [0., 0.]],

       [[0., 0.],
        [0., 0.]],

       [[0., 0.],
        [0., 0.]],

       [[0., 0.],
        [0., 0.]],

       [[0., 0.],
        [0., 0.]],

       [[0., 0.],
        [0., 0.]],

       [[0., 0.],
        [0., 0.]],

       [[0., 0.],
        [0., 0.]],

       [[0., 0.],
        [0., 0.]],

       [[0., 0.],
        [0., 0.]]]), scale=0.44216942982941676, shift=array([4.4216943 , 0.23400602])), candidate_index=23, candidate_x=array([4.60977824, 0.24062033]), index=19, x=array([4.63737356, 0.24211164]), fval=0.4275913589667063, rho=-3.1163075262355164, accepted=False, new_indices=array([], dtype=int32), old_indices_used=array([14, 15, 18, 19, 20, 21, 22]), old_indices_discarded=array([], dtype=int32), step_length=0.0, relative_step_length=0.0, n_evals_per_point=1, n_evals_acceptance=1), State(trustregion=Region(center=array([4.63737356, 0.24211164]), radius=0.013817794682169274, bounds=Bounds(lower=array([1.1 , 0.01]), upper=array([20.  ,  0.99]))), model_indices=array([14, 15, 19, 21, 22, 23]), model=ScalarModel(intercept=0.4278569629217327, linear_terms=array([3.46395166e-05, 1.41118036e-03]), square_terms=array([[2.17546428e-05, 2.06667056e-04],
       [2.06667056e-04, 8.79888549e-03]]), scale=0.013817794682169274, shift=array([4.63737356, 0.24211164])), vector_model=VectorModel(intercepts=array([ 0.05742846,  0.13645606,  0.14862486,  0.18030393,  0.19612141,
        0.20272234,  0.20395975,  0.22164655,  0.09496275,  0.10354175,
       -0.25836415, -0.30529085,  0.00074822,  0.03108918,  0.04002564,
        0.03511233,  0.04452792]), linear_terms=array([[0., 0.],
       [0., 0.],
       [0., 0.],
       [0., 0.],
       [0., 0.],
       [0., 0.],
       [0., 0.],
       [0., 0.],
       [0., 0.],
       [0., 0.],
       [0., 0.],
       [0., 0.],
       [0., 0.],
       [0., 0.],
       [0., 0.],
       [0., 0.],
       [0., 0.]]), square_terms=array([[[0., 0.],
        [0., 0.]],

       [[0., 0.],
        [0., 0.]],

       [[0., 0.],
        [0., 0.]],

       [[0., 0.],
        [0., 0.]],

       [[0., 0.],
        [0., 0.]],

       [[0., 0.],
        [0., 0.]],

       [[0., 0.],
        [0., 0.]],

       [[0., 0.],
        [0., 0.]],

       [[0., 0.],
        [0., 0.]],

       [[0., 0.],
        [0., 0.]],

       [[0., 0.],
        [0., 0.]],

       [[0., 0.],
        [0., 0.]],

       [[0., 0.],
        [0., 0.]],

       [[0., 0.],
        [0., 0.]],

       [[0., 0.],
        [0., 0.]],

       [[0., 0.],
        [0., 0.]],

       [[0., 0.],
        [0., 0.]]]), scale=0.44216942982941676, shift=array([4.4216943 , 0.23400602])), candidate_index=24, candidate_x=array([4.62368305, 0.24024048]), index=19, x=array([4.63737356, 0.24211164]), fval=0.4275913589667063, rho=-0.7041199987785811, accepted=False, new_indices=array([], dtype=int32), old_indices_used=array([14, 15, 19, 21, 22, 23]), old_indices_discarded=array([], dtype=int32), step_length=0.0, relative_step_length=0.0, n_evals_per_point=1, n_evals_acceptance=1), State(trustregion=Region(center=array([4.63737356, 0.24211164]), radius=0.006908897341084637, bounds=Bounds(lower=array([1.1 , 0.01]), upper=array([20.  ,  0.99]))), model_indices=array([14, 19, 21, 23, 24]), model=ScalarModel(intercept=0.4275724297508248, linear_terms=array([-7.51534831e-05,  4.58799684e-04]), square_terms=array([[5.32075811e-06, 5.07274608e-05],
       [5.07274608e-05, 2.19273047e-03]]), scale=0.006908897341084637, shift=array([4.63737356, 0.24211164])), vector_model=VectorModel(intercepts=array([ 0.05742846,  0.13645606,  0.14862486,  0.18030393,  0.19612141,
        0.20272234,  0.20395975,  0.22164655,  0.09496275,  0.10354175,
       -0.25836415, -0.30529085,  0.00074822,  0.03108918,  0.04002564,
        0.03511233,  0.04452792]), linear_terms=array([[0., 0.],
       [0., 0.],
       [0., 0.],
       [0., 0.],
       [0., 0.],
       [0., 0.],
       [0., 0.],
       [0., 0.],
       [0., 0.],
       [0., 0.],
       [0., 0.],
       [0., 0.],
       [0., 0.],
       [0., 0.],
       [0., 0.],
       [0., 0.],
       [0., 0.]]), square_terms=array([[[0., 0.],
        [0., 0.]],

       [[0., 0.],
        [0., 0.]],

       [[0., 0.],
        [0., 0.]],

       [[0., 0.],
        [0., 0.]],

       [[0., 0.],
        [0., 0.]],

       [[0., 0.],
        [0., 0.]],

       [[0., 0.],
        [0., 0.]],

       [[0., 0.],
        [0., 0.]],

       [[0., 0.],
        [0., 0.]],

       [[0., 0.],
        [0., 0.]],

       [[0., 0.],
        [0., 0.]],

       [[0., 0.],
        [0., 0.]],

       [[0., 0.],
        [0., 0.]],

       [[0., 0.],
        [0., 0.]],

       [[0., 0.],
        [0., 0.]],

       [[0., 0.],
        [0., 0.]],

       [[0., 0.],
        [0., 0.]]]), scale=0.44216942982941676, shift=array([4.4216943 , 0.23400602])), candidate_index=25, candidate_x=array([4.64424744, 0.24056461]), index=25, x=array([4.64424744, 0.24056461]), fval=0.42757868802324367, rho=0.0965752015490564, accepted=True, new_indices=array([], dtype=int32), old_indices_used=array([14, 19, 21, 23, 24]), old_indices_discarded=array([], dtype=int32), step_length=0.007045815691793775, relative_step_length=1.0198176849285248, n_evals_per_point=1, n_evals_acceptance=1), State(trustregion=Region(center=array([4.64424744, 0.24056461]), radius=0.0034544486705423184, bounds=Bounds(lower=array([1.1 , 0.01]), upper=array([20.  ,  0.99]))), model_indices=array([14, 19, 25]), model=ScalarModel(intercept=0.4275786880232437, linear_terms=array([2.57594673e-05, 3.79329089e-05]), square_terms=array([[1.47682312e-06, 1.21961608e-05],
       [1.21961608e-05, 5.47333570e-04]]), scale=0.0034544486705423184, shift=array([4.64424744, 0.24056461])), vector_model=VectorModel(intercepts=array([ 0.05742846,  0.13645606,  0.14862486,  0.18030393,  0.19612141,
        0.20272234,  0.20395975,  0.22164655,  0.09496275,  0.10354175,
       -0.25836415, -0.30529085,  0.00074822,  0.03108918,  0.04002564,
        0.03511233,  0.04452792]), linear_terms=array([[0., 0.],
       [0., 0.],
       [0., 0.],
       [0., 0.],
       [0., 0.],
       [0., 0.],
       [0., 0.],
       [0., 0.],
       [0., 0.],
       [0., 0.],
       [0., 0.],
       [0., 0.],
       [0., 0.],
       [0., 0.],
       [0., 0.],
       [0., 0.],
       [0., 0.]]), square_terms=array([[[0., 0.],
        [0., 0.]],

       [[0., 0.],
        [0., 0.]],

       [[0., 0.],
        [0., 0.]],

       [[0., 0.],
        [0., 0.]],

       [[0., 0.],
        [0., 0.]],

       [[0., 0.],
        [0., 0.]],

       [[0., 0.],
        [0., 0.]],

       [[0., 0.],
        [0., 0.]],

       [[0., 0.],
        [0., 0.]],

       [[0., 0.],
        [0., 0.]],

       [[0., 0.],
        [0., 0.]],

       [[0., 0.],
        [0., 0.]],

       [[0., 0.],
        [0., 0.]],

       [[0., 0.],
        [0., 0.]],

       [[0., 0.],
        [0., 0.]],

       [[0., 0.],
        [0., 0.]],

       [[0., 0.],
        [0., 0.]]]), scale=0.44216942982941676, shift=array([4.4216943 , 0.23400602])), candidate_index=26, candidate_x=array([4.64078872, 0.24040901]), index=25, x=array([4.64424744, 0.24056461]), fval=0.42757868802324367, rho=-1.249485524987709, accepted=False, new_indices=array([], dtype=int32), old_indices_used=array([14, 19, 25]), old_indices_discarded=array([], dtype=int32), step_length=0.0, relative_step_length=0.0, n_evals_per_point=1, n_evals_acceptance=1), State(trustregion=Region(center=array([4.64424744, 0.24056461]), radius=0.0017272243352711592, bounds=Bounds(lower=array([1.1 , 0.01]), upper=array([20.  ,  0.99]))), model_indices=array([19, 25, 26]), model=ScalarModel(intercept=0.4275786880232441, linear_terms=array([-1.11669933e-05, -8.78801710e-05]), square_terms=array([[3.31232872e-07, 3.06695319e-06],
       [3.06695319e-06, 1.37742271e-04]]), scale=0.0017272243352711592, shift=array([4.64424744, 0.24056461])), vector_model=VectorModel(intercepts=array([ 0.05742846,  0.13645606,  0.14862486,  0.18030393,  0.19612141,
        0.20272234,  0.20395975,  0.22164655,  0.09496275,  0.10354175,
       -0.25836415, -0.30529085,  0.00074822,  0.03108918,  0.04002564,
        0.03511233,  0.04452792]), linear_terms=array([[0., 0.],
       [0., 0.],
       [0., 0.],
       [0., 0.],
       [0., 0.],
       [0., 0.],
       [0., 0.],
       [0., 0.],
       [0., 0.],
       [0., 0.],
       [0., 0.],
       [0., 0.],
       [0., 0.],
       [0., 0.],
       [0., 0.],
       [0., 0.],
       [0., 0.]]), square_terms=array([[[0., 0.],
        [0., 0.]],

       [[0., 0.],
        [0., 0.]],

       [[0., 0.],
        [0., 0.]],

       [[0., 0.],
        [0., 0.]],

       [[0., 0.],
        [0., 0.]],

       [[0., 0.],
        [0., 0.]],

       [[0., 0.],
        [0., 0.]],

       [[0., 0.],
        [0., 0.]],

       [[0., 0.],
        [0., 0.]],

       [[0., 0.],
        [0., 0.]],

       [[0., 0.],
        [0., 0.]],

       [[0., 0.],
        [0., 0.]],

       [[0., 0.],
        [0., 0.]],

       [[0., 0.],
        [0., 0.]],

       [[0., 0.],
        [0., 0.]],

       [[0., 0.],
        [0., 0.]],

       [[0., 0.],
        [0., 0.]]]), scale=0.44216942982941676, shift=array([4.4216943 , 0.23400602])), candidate_index=27, candidate_x=array([4.645684  , 0.24155561]), index=25, x=array([4.64424744, 0.24056461]), fval=0.42757868802324367, rho=-1.940945692484325, accepted=False, new_indices=array([], dtype=int32), old_indices_used=array([19, 25, 26]), old_indices_discarded=array([], dtype=int32), step_length=0.0, relative_step_length=0.0, n_evals_per_point=1, n_evals_acceptance=1), State(trustregion=Region(center=array([4.64424744, 0.24056461]), radius=0.0008636121676355796, bounds=Bounds(lower=array([1.1 , 0.01]), upper=array([20.  ,  0.99]))), model_indices=array([25, 26, 27]), model=ScalarModel(intercept=0.42757868802324345, linear_terms=array([-9.92283807e-06,  5.25151668e-05]), square_terms=array([[8.41146711e-08, 7.21325975e-07],
       [7.21325975e-07, 3.58089230e-05]]), scale=0.0008636121676355796, shift=array([4.64424744, 0.24056461])), vector_model=VectorModel(intercepts=array([ 0.05742846,  0.13645606,  0.14862486,  0.18030393,  0.19612141,
        0.20272234,  0.20395975,  0.22164655,  0.09496275,  0.10354175,
       -0.25836415, -0.30529085,  0.00074822,  0.03108918,  0.04002564,
        0.03511233,  0.04452792]), linear_terms=array([[0., 0.],
       [0., 0.],
       [0., 0.],
       [0., 0.],
       [0., 0.],
       [0., 0.],
       [0., 0.],
       [0., 0.],
       [0., 0.],
       [0., 0.],
       [0., 0.],
       [0., 0.],
       [0., 0.],
       [0., 0.],
       [0., 0.],
       [0., 0.],
       [0., 0.]]), square_terms=array([[[0., 0.],
        [0., 0.]],

       [[0., 0.],
        [0., 0.]],

       [[0., 0.],
        [0., 0.]],

       [[0., 0.],
        [0., 0.]],

       [[0., 0.],
        [0., 0.]],

       [[0., 0.],
        [0., 0.]],

       [[0., 0.],
        [0., 0.]],

       [[0., 0.],
        [0., 0.]],

       [[0., 0.],
        [0., 0.]],

       [[0., 0.],
        [0., 0.]],

       [[0., 0.],
        [0., 0.]],

       [[0., 0.],
        [0., 0.]],

       [[0., 0.],
        [0., 0.]],

       [[0., 0.],
        [0., 0.]],

       [[0., 0.],
        [0., 0.]],

       [[0., 0.],
        [0., 0.]],

       [[0., 0.],
        [0., 0.]]]), scale=0.44216942982941676, shift=array([4.4216943 , 0.23400602])), candidate_index=28, candidate_x=array([4.64467852, 0.23981628]), index=25, x=array([4.64424744, 0.24056461]), fval=0.42757868802324367, rho=-1.5861668707754757, accepted=False, new_indices=array([], dtype=int32), old_indices_used=array([25, 26, 27]), old_indices_discarded=array([], dtype=int32), step_length=0.0, relative_step_length=0.0, n_evals_per_point=1, n_evals_acceptance=1), State(trustregion=Region(center=array([4.64424744, 0.24056461]), radius=0.0004318060838177898, bounds=Bounds(lower=array([1.1 , 0.01]), upper=array([20.  ,  0.99]))), model_indices=array([25, 27, 28]), model=ScalarModel(intercept=0.4275786880232439, linear_terms=array([ 2.26875607e-05, -1.38225747e-05]), square_terms=array([[2.31891561e-08, 2.70843500e-07],
       [2.70843500e-07, 8.68527709e-06]]), scale=0.0004318060838177898, shift=array([4.64424744, 0.24056461])), vector_model=VectorModel(intercepts=array([ 0.05742846,  0.13645606,  0.14862486,  0.18030393,  0.19612141,
        0.20272234,  0.20395975,  0.22164655,  0.09496275,  0.10354175,
       -0.25836415, -0.30529085,  0.00074822,  0.03108918,  0.04002564,
        0.03511233,  0.04452792]), linear_terms=array([[0., 0.],
       [0., 0.],
       [0., 0.],
       [0., 0.],
       [0., 0.],
       [0., 0.],
       [0., 0.],
       [0., 0.],
       [0., 0.],
       [0., 0.],
       [0., 0.],
       [0., 0.],
       [0., 0.],
       [0., 0.],
       [0., 0.],
       [0., 0.],
       [0., 0.]]), square_terms=array([[[0., 0.],
        [0., 0.]],

       [[0., 0.],
        [0., 0.]],

       [[0., 0.],
        [0., 0.]],

       [[0., 0.],
        [0., 0.]],

       [[0., 0.],
        [0., 0.]],

       [[0., 0.],
        [0., 0.]],

       [[0., 0.],
        [0., 0.]],

       [[0., 0.],
        [0., 0.]],

       [[0., 0.],
        [0., 0.]],

       [[0., 0.],
        [0., 0.]],

       [[0., 0.],
        [0., 0.]],

       [[0., 0.],
        [0., 0.]],

       [[0., 0.],
        [0., 0.]],

       [[0., 0.],
        [0., 0.]],

       [[0., 0.],
        [0., 0.]],

       [[0., 0.],
        [0., 0.]],

       [[0., 0.],
        [0., 0.]]]), scale=0.44216942982941676, shift=array([4.4216943 , 0.23400602])), candidate_index=29, candidate_x=array([4.64385485, 0.24074467]), index=29, x=array([4.64385485, 0.24074467]), fval=0.42755640532761796, rho=0.8660552827512956, accepted=True, new_indices=array([], dtype=int32), old_indices_used=array([25, 27, 28]), old_indices_discarded=array([], dtype=int32), step_length=0.0004319117056148968, relative_step_length=1.0002446046988804, n_evals_per_point=1, n_evals_acceptance=1), State(trustregion=Region(center=array([4.64385485, 0.24074467]), radius=0.0008636121676355796, bounds=Bounds(lower=array([1.1 , 0.01]), upper=array([20.  ,  0.99]))), model_indices=array([25, 26, 27, 28, 29]), model=ScalarModel(intercept=0.427598155402884, linear_terms=array([2.46250837e-06, 1.61961788e-06]), square_terms=array([[8.00108495e-08, 8.11689884e-07],
       [8.11689884e-07, 3.50629877e-05]]), scale=0.0008636121676355796, shift=array([4.64385485, 0.24074467])), vector_model=VectorModel(intercepts=array([ 0.05742846,  0.13645606,  0.14862486,  0.18030393,  0.19612141,
        0.20272234,  0.20395975,  0.22164655,  0.09496275,  0.10354175,
       -0.25836415, -0.30529085,  0.00074822,  0.03108918,  0.04002564,
        0.03511233,  0.04452792]), linear_terms=array([[0., 0.],
       [0., 0.],
       [0., 0.],
       [0., 0.],
       [0., 0.],
       [0., 0.],
       [0., 0.],
       [0., 0.],
       [0., 0.],
       [0., 0.],
       [0., 0.],
       [0., 0.],
       [0., 0.],
       [0., 0.],
       [0., 0.],
       [0., 0.],
       [0., 0.]]), square_terms=array([[[0., 0.],
        [0., 0.]],

       [[0., 0.],
        [0., 0.]],

       [[0., 0.],
        [0., 0.]],

       [[0., 0.],
        [0., 0.]],

       [[0., 0.],
        [0., 0.]],

       [[0., 0.],
        [0., 0.]],

       [[0., 0.],
        [0., 0.]],

       [[0., 0.],
        [0., 0.]],

       [[0., 0.],
        [0., 0.]],

       [[0., 0.],
        [0., 0.]],

       [[0., 0.],
        [0., 0.]],

       [[0., 0.],
        [0., 0.]],

       [[0., 0.],
        [0., 0.]],

       [[0., 0.],
        [0., 0.]],

       [[0., 0.],
        [0., 0.]],

       [[0., 0.],
        [0., 0.]],

       [[0., 0.],
        [0., 0.]]]), scale=0.44216942982941676, shift=array([4.4216943 , 0.23400602])), candidate_index=30, candidate_x=array([4.64299058, 0.24072604]), index=29, x=array([4.64385485, 0.24074467]), fval=0.42755640532761796, rho=-7.114285144369215, accepted=False, new_indices=array([], dtype=int32), old_indices_used=array([25, 26, 27, 28, 29]), old_indices_discarded=array([], dtype=int32), step_length=0.0, relative_step_length=0.0, n_evals_per_point=1, n_evals_acceptance=1), State(trustregion=Region(center=array([4.64385485, 0.24074467]), radius=0.0004318060838177898, bounds=Bounds(lower=array([1.1 , 0.01]), upper=array([20.  ,  0.99]))), model_indices=array([25, 27, 28, 29, 30]), model=ScalarModel(intercept=0.4275786744487761, linear_terms=array([ 1.19956052e-05, -3.75054628e-06]), square_terms=array([[1.97845016e-08, 2.10854674e-07],
       [2.10854674e-07, 8.76249382e-06]]), scale=0.0004318060838177898, shift=array([4.64385485, 0.24074467])), vector_model=VectorModel(intercepts=array([ 0.05742846,  0.13645606,  0.14862486,  0.18030393,  0.19612141,
        0.20272234,  0.20395975,  0.22164655,  0.09496275,  0.10354175,
       -0.25836415, -0.30529085,  0.00074822,  0.03108918,  0.04002564,
        0.03511233,  0.04452792]), linear_terms=array([[0., 0.],
       [0., 0.],
       [0., 0.],
       [0., 0.],
       [0., 0.],
       [0., 0.],
       [0., 0.],
       [0., 0.],
       [0., 0.],
       [0., 0.],
       [0., 0.],
       [0., 0.],
       [0., 0.],
       [0., 0.],
       [0., 0.],
       [0., 0.],
       [0., 0.]]), square_terms=array([[[0., 0.],
        [0., 0.]],

       [[0., 0.],
        [0., 0.]],

       [[0., 0.],
        [0., 0.]],

       [[0., 0.],
        [0., 0.]],

       [[0., 0.],
        [0., 0.]],

       [[0., 0.],
        [0., 0.]],

       [[0., 0.],
        [0., 0.]],

       [[0., 0.],
        [0., 0.]],

       [[0., 0.],
        [0., 0.]],

       [[0., 0.],
        [0., 0.]],

       [[0., 0.],
        [0., 0.]],

       [[0., 0.],
        [0., 0.]],

       [[0., 0.],
        [0., 0.]],

       [[0., 0.],
        [0., 0.]],

       [[0., 0.],
        [0., 0.]],

       [[0., 0.],
        [0., 0.]],

       [[0., 0.],
        [0., 0.]]]), scale=0.44216942982941676, shift=array([4.4216943 , 0.23400602])), candidate_index=31, candidate_x=array([4.64342995, 0.24082615]), index=29, x=array([4.64385485, 0.24074467]), fval=0.42755640532761796, rho=-0.46593330707275343, accepted=False, new_indices=array([], dtype=int32), old_indices_used=array([25, 27, 28, 29, 30]), old_indices_discarded=array([], dtype=int32), step_length=0.0, relative_step_length=0.0, n_evals_per_point=1, n_evals_acceptance=1), State(trustregion=Region(center=array([4.64385485, 0.24074467]), radius=0.0002159030419088949, bounds=Bounds(lower=array([1.1 , 0.01]), upper=array([20.  ,  0.99]))), model_indices=array([25, 29, 30, 31]), model=ScalarModel(intercept=0.4275613400718457, linear_terms=array([-2.84247560e-06, -2.37869908e-05]), square_terms=array([[5.09547012e-09, 4.33917683e-08],
       [4.33917683e-08, 2.21323456e-06]]), scale=0.0002159030419088949, shift=array([4.64385485, 0.24074467])), vector_model=VectorModel(intercepts=array([ 0.05742846,  0.13645606,  0.14862486,  0.18030393,  0.19612141,
        0.20272234,  0.20395975,  0.22164655,  0.09496275,  0.10354175,
       -0.25836415, -0.30529085,  0.00074822,  0.03108918,  0.04002564,
        0.03511233,  0.04452792]), linear_terms=array([[0., 0.],
       [0., 0.],
       [0., 0.],
       [0., 0.],
       [0., 0.],
       [0., 0.],
       [0., 0.],
       [0., 0.],
       [0., 0.],
       [0., 0.],
       [0., 0.],
       [0., 0.],
       [0., 0.],
       [0., 0.],
       [0., 0.],
       [0., 0.],
       [0., 0.]]), square_terms=array([[[0., 0.],
        [0., 0.]],

       [[0., 0.],
        [0., 0.]],

       [[0., 0.],
        [0., 0.]],

       [[0., 0.],
        [0., 0.]],

       [[0., 0.],
        [0., 0.]],

       [[0., 0.],
        [0., 0.]],

       [[0., 0.],
        [0., 0.]],

       [[0., 0.],
        [0., 0.]],

       [[0., 0.],
        [0., 0.]],

       [[0., 0.],
        [0., 0.]],

       [[0., 0.],
        [0., 0.]],

       [[0., 0.],
        [0., 0.]],

       [[0., 0.],
        [0., 0.]],

       [[0., 0.],
        [0., 0.]],

       [[0., 0.],
        [0., 0.]],

       [[0., 0.],
        [0., 0.]],

       [[0., 0.],
        [0., 0.]]]), scale=0.44216942982941676, shift=array([4.4216943 , 0.23400602])), candidate_index=32, candidate_x=array([4.64386988, 0.24096005]), index=32, x=array([4.64386988, 0.24096005]), fval=0.42754110582246996, rho=0.6703586814785784, accepted=True, new_indices=array([], dtype=int32), old_indices_used=array([25, 29, 30, 31]), old_indices_discarded=array([], dtype=int32), step_length=0.00021590304190888588, relative_step_length=0.9999999999999581, n_evals_per_point=1, n_evals_acceptance=1), State(trustregion=Region(center=array([4.64386988, 0.24096005]), radius=0.0004318060838177898, bounds=Bounds(lower=array([1.1 , 0.01]), upper=array([20.  ,  0.99]))), model_indices=array([25, 27, 28, 29, 30, 31, 32]), model=ScalarModel(intercept=0.4275701530370078, linear_terms=array([ 1.35723877e-05, -2.27027696e-06]), square_terms=array([[2.00170065e-08, 2.16513856e-07],
       [2.16513856e-07, 8.73638647e-06]]), scale=0.0004318060838177898, shift=array([4.64386988, 0.24096005])), vector_model=VectorModel(intercepts=array([ 0.05742846,  0.13645606,  0.14862486,  0.18030393,  0.19612141,
        0.20272234,  0.20395975,  0.22164655,  0.09496275,  0.10354175,
       -0.25836415, -0.30529085,  0.00074822,  0.03108918,  0.04002564,
        0.03511233,  0.04452792]), linear_terms=array([[0., 0.],
       [0., 0.],
       [0., 0.],
       [0., 0.],
       [0., 0.],
       [0., 0.],
       [0., 0.],
       [0., 0.],
       [0., 0.],
       [0., 0.],
       [0., 0.],
       [0., 0.],
       [0., 0.],
       [0., 0.],
       [0., 0.],
       [0., 0.],
       [0., 0.]]), square_terms=array([[[0., 0.],
        [0., 0.]],

       [[0., 0.],
        [0., 0.]],

       [[0., 0.],
        [0., 0.]],

       [[0., 0.],
        [0., 0.]],

       [[0., 0.],
        [0., 0.]],

       [[0., 0.],
        [0., 0.]],

       [[0., 0.],
        [0., 0.]],

       [[0., 0.],
        [0., 0.]],

       [[0., 0.],
        [0., 0.]],

       [[0., 0.],
        [0., 0.]],

       [[0., 0.],
        [0., 0.]],

       [[0., 0.],
        [0., 0.]],

       [[0., 0.],
        [0., 0.]],

       [[0., 0.],
        [0., 0.]],

       [[0., 0.],
        [0., 0.]],

       [[0., 0.],
        [0., 0.]],

       [[0., 0.],
        [0., 0.]]]), scale=0.44216942982941676, shift=array([4.4216943 , 0.23400602])), candidate_index=33, candidate_x=array([4.64344058, 0.24100798]), index=32, x=array([4.64386988, 0.24096005]), fval=0.42754110582246996, rho=-0.39151502692794565, accepted=False, new_indices=array([], dtype=int32), old_indices_used=array([25, 27, 28, 29, 30, 31, 32]), old_indices_discarded=array([], dtype=int32), step_length=0.0, relative_step_length=0.0, n_evals_per_point=1, n_evals_acceptance=1), State(trustregion=Region(center=array([4.64386988, 0.24096005]), radius=0.0002159030419088949, bounds=Bounds(lower=array([1.1 , 0.01]), upper=array([20.  ,  0.99]))), model_indices=array([25, 29, 30, 31, 32, 33]), model=ScalarModel(intercept=0.4275426371280231, linear_terms=array([-2.59882236e-06, -1.84712687e-05]), square_terms=array([[5.13487345e-09, 3.70839100e-08],
       [3.70839100e-08, 2.10701245e-06]]), scale=0.0002159030419088949, shift=array([4.64386988, 0.24096005])), vector_model=VectorModel(intercepts=array([ 0.05742846,  0.13645606,  0.14862486,  0.18030393,  0.19612141,
        0.20272234,  0.20395975,  0.22164655,  0.09496275,  0.10354175,
       -0.25836415, -0.30529085,  0.00074822,  0.03108918,  0.04002564,
        0.03511233,  0.04452792]), linear_terms=array([[0., 0.],
       [0., 0.],
       [0., 0.],
       [0., 0.],
       [0., 0.],
       [0., 0.],
       [0., 0.],
       [0., 0.],
       [0., 0.],
       [0., 0.],
       [0., 0.],
       [0., 0.],
       [0., 0.],
       [0., 0.],
       [0., 0.],
       [0., 0.],
       [0., 0.]]), square_terms=array([[[0., 0.],
        [0., 0.]],

       [[0., 0.],
        [0., 0.]],

       [[0., 0.],
        [0., 0.]],

       [[0., 0.],
        [0., 0.]],

       [[0., 0.],
        [0., 0.]],

       [[0., 0.],
        [0., 0.]],

       [[0., 0.],
        [0., 0.]],

       [[0., 0.],
        [0., 0.]],

       [[0., 0.],
        [0., 0.]],

       [[0., 0.],
        [0., 0.]],

       [[0., 0.],
        [0., 0.]],

       [[0., 0.],
        [0., 0.]],

       [[0., 0.],
        [0., 0.]],

       [[0., 0.],
        [0., 0.]],

       [[0., 0.],
        [0., 0.]],

       [[0., 0.],
        [0., 0.]],

       [[0., 0.],
        [0., 0.]]]), scale=0.44216942982941676, shift=array([4.4216943 , 0.23400602])), candidate_index=34, candidate_x=array([4.6438871 , 0.24117526]), index=32, x=array([4.64386988, 0.24096005]), fval=0.42754110582246996, rho=-2.2501263648010736, accepted=False, new_indices=array([], dtype=int32), old_indices_used=array([25, 29, 30, 31, 32, 33]), old_indices_discarded=array([], dtype=int32), step_length=0.0, relative_step_length=0.0, n_evals_per_point=1, n_evals_acceptance=1), State(trustregion=Region(center=array([4.64386988, 0.24096005]), radius=0.00010795152095444745, bounds=Bounds(lower=array([1.1 , 0.01]), upper=array([20.  ,  0.99]))), model_indices=array([29, 31, 32, 33, 34]), model=ScalarModel(intercept=0.42755870242818744, linear_terms=array([7.98096994e-07, 3.71240105e-06]), square_terms=array([[1.27343482e-09, 1.24612602e-08],
       [1.24612602e-08, 5.33549501e-07]]), scale=0.00010795152095444745, shift=array([4.64386988, 0.24096005])), vector_model=VectorModel(intercepts=array([ 0.05742846,  0.13645606,  0.14862486,  0.18030393,  0.19612141,
        0.20272234,  0.20395975,  0.22164655,  0.09496275,  0.10354175,
       -0.25836415, -0.30529085,  0.00074822,  0.03108918,  0.04002564,
        0.03511233,  0.04452792]), linear_terms=array([[0., 0.],
       [0., 0.],
       [0., 0.],
       [0., 0.],
       [0., 0.],
       [0., 0.],
       [0., 0.],
       [0., 0.],
       [0., 0.],
       [0., 0.],
       [0., 0.],
       [0., 0.],
       [0., 0.],
       [0., 0.],
       [0., 0.],
       [0., 0.],
       [0., 0.]]), square_terms=array([[[0., 0.],
        [0., 0.]],

       [[0., 0.],
        [0., 0.]],

       [[0., 0.],
        [0., 0.]],

       [[0., 0.],
        [0., 0.]],

       [[0., 0.],
        [0., 0.]],

       [[0., 0.],
        [0., 0.]],

       [[0., 0.],
        [0., 0.]],

       [[0., 0.],
        [0., 0.]],

       [[0., 0.],
        [0., 0.]],

       [[0., 0.],
        [0., 0.]],

       [[0., 0.],
        [0., 0.]],

       [[0., 0.],
        [0., 0.]],

       [[0., 0.],
        [0., 0.]],

       [[0., 0.],
        [0., 0.]],

       [[0., 0.],
        [0., 0.]],

       [[0., 0.],
        [0., 0.]],

       [[0., 0.],
        [0., 0.]]]), scale=0.44216942982941676, shift=array([4.4216943 , 0.23400602])), candidate_index=35, candidate_x=array([4.64385536, 0.24085308]), index=32, x=array([4.64386988, 0.24096005]), fval=0.42754110582246996, rho=-2.338553771349381, accepted=False, new_indices=array([], dtype=int32), old_indices_used=array([29, 31, 32, 33, 34]), old_indices_discarded=array([], dtype=int32), step_length=0.0, relative_step_length=0.0, n_evals_per_point=1, n_evals_acceptance=1), State(trustregion=Region(center=array([4.64386988, 0.24096005]), radius=5.3975760477223726e-05, bounds=Bounds(lower=array([1.1 , 0.01]), upper=array([20.  ,  0.99]))), model_indices=array([29, 32, 34, 35]), model=ScalarModel(intercept=0.4275587795822522, linear_terms=array([ 5.45316942e-05, -1.21141486e-06]), square_terms=array([[8.10512971e-08, 3.18679985e-08],
       [3.18679985e-08, 1.29752118e-07]]), scale=5.3975760477223726e-05, shift=array([4.64386988, 0.24096005])), vector_model=VectorModel(intercepts=array([ 0.05742846,  0.13645606,  0.14862486,  0.18030393,  0.19612141,
        0.20272234,  0.20395975,  0.22164655,  0.09496275,  0.10354175,
       -0.25836415, -0.30529085,  0.00074822,  0.03108918,  0.04002564,
        0.03511233,  0.04452792]), linear_terms=array([[0., 0.],
       [0., 0.],
       [0., 0.],
       [0., 0.],
       [0., 0.],
       [0., 0.],
       [0., 0.],
       [0., 0.],
       [0., 0.],
       [0., 0.],
       [0., 0.],
       [0., 0.],
       [0., 0.],
       [0., 0.],
       [0., 0.],
       [0., 0.],
       [0., 0.]]), square_terms=array([[[0., 0.],
        [0., 0.]],

       [[0., 0.],
        [0., 0.]],

       [[0., 0.],
        [0., 0.]],

       [[0., 0.],
        [0., 0.]],

       [[0., 0.],
        [0., 0.]],

       [[0., 0.],
        [0., 0.]],

       [[0., 0.],
        [0., 0.]],

       [[0., 0.],
        [0., 0.]],

       [[0., 0.],
        [0., 0.]],

       [[0., 0.],
        [0., 0.]],

       [[0., 0.],
        [0., 0.]],

       [[0., 0.],
        [0., 0.]],

       [[0., 0.],
        [0., 0.]],

       [[0., 0.],
        [0., 0.]],

       [[0., 0.],
        [0., 0.]],

       [[0., 0.],
        [0., 0.]],

       [[0., 0.],
        [0., 0.]]]), scale=0.44216942982941676, shift=array([4.4216943 , 0.23400602])), candidate_index=36, candidate_x=array([4.64381589, 0.24096128]), index=32, x=array([4.64386988, 0.24096005]), fval=0.42754110582246996, rho=-0.04271441232509688, accepted=False, new_indices=array([], dtype=int32), old_indices_used=array([29, 32, 34, 35]), old_indices_discarded=array([], dtype=int32), step_length=0.0, relative_step_length=0.0, n_evals_per_point=1, n_evals_acceptance=1), State(trustregion=Region(center=array([4.64386988, 0.24096005]), radius=2.6987880238611863e-05, bounds=Bounds(lower=array([1.1 , 0.01]), upper=array([20.  ,  0.99]))), model_indices=array([32, 35, 36]), model=ScalarModel(intercept=0.42754110582247, linear_terms=array([-1.20646582e-06, -1.85029675e-06]), square_terms=array([[8.25939915e-11, 7.59761390e-10],
       [7.59761390e-10, 3.21517630e-08]]), scale=2.6987880238611863e-05, shift=array([4.64386988, 0.24096005])), vector_model=VectorModel(intercepts=array([ 0.05742846,  0.13645606,  0.14862486,  0.18030393,  0.19612141,
        0.20272234,  0.20395975,  0.22164655,  0.09496275,  0.10354175,
       -0.25836415, -0.30529085,  0.00074822,  0.03108918,  0.04002564,
        0.03511233,  0.04452792]), linear_terms=array([[0., 0.],
       [0., 0.],
       [0., 0.],
       [0., 0.],
       [0., 0.],
       [0., 0.],
       [0., 0.],
       [0., 0.],
       [0., 0.],
       [0., 0.],
       [0., 0.],
       [0., 0.],
       [0., 0.],
       [0., 0.],
       [0., 0.],
       [0., 0.],
       [0., 0.]]), square_terms=array([[[0., 0.],
        [0., 0.]],

       [[0., 0.],
        [0., 0.]],

       [[0., 0.],
        [0., 0.]],

       [[0., 0.],
        [0., 0.]],

       [[0., 0.],
        [0., 0.]],

       [[0., 0.],
        [0., 0.]],

       [[0., 0.],
        [0., 0.]],

       [[0., 0.],
        [0., 0.]],

       [[0., 0.],
        [0., 0.]],

       [[0., 0.],
        [0., 0.]],

       [[0., 0.],
        [0., 0.]],

       [[0., 0.],
        [0., 0.]],

       [[0., 0.],
        [0., 0.]],

       [[0., 0.],
        [0., 0.]],

       [[0., 0.],
        [0., 0.]],

       [[0., 0.],
        [0., 0.]],

       [[0., 0.],
        [0., 0.]]]), scale=0.44216942982941676, shift=array([4.4216943 , 0.23400602])), candidate_index=37, candidate_x=array([4.6438844 , 0.24098279]), index=37, x=array([4.6438844 , 0.24098279]), fval=0.4275321140460958, rho=4.09275159352611, accepted=True, new_indices=array([], dtype=int32), old_indices_used=array([32, 35, 36]), old_indices_discarded=array([], dtype=int32), step_length=2.6987880238823502e-05, relative_step_length=1.000000000007842, n_evals_per_point=1, n_evals_acceptance=1), State(trustregion=Region(center=array([4.6438844 , 0.24098279]), radius=5.3975760477223726e-05, bounds=Bounds(lower=array([1.1 , 0.01]), upper=array([20.  ,  0.99]))), model_indices=array([29, 32, 34, 35, 36, 37]), model=ScalarModel(intercept=0.42755302000018464, linear_terms=array([3.12502535e-06, 2.36810459e-06]), square_terms=array([[1.22481808e-09, 8.17472148e-09],
       [8.17472148e-09, 1.33682646e-07]]), scale=5.3975760477223726e-05, shift=array([4.6438844 , 0.24098279])), vector_model=VectorModel(intercepts=array([ 0.05742846,  0.13645606,  0.14862486,  0.18030393,  0.19612141,
        0.20272234,  0.20395975,  0.22164655,  0.09496275,  0.10354175,
       -0.25836415, -0.30529085,  0.00074822,  0.03108918,  0.04002564,
        0.03511233,  0.04452792]), linear_terms=array([[0., 0.],
       [0., 0.],
       [0., 0.],
       [0., 0.],
       [0., 0.],
       [0., 0.],
       [0., 0.],
       [0., 0.],
       [0., 0.],
       [0., 0.],
       [0., 0.],
       [0., 0.],
       [0., 0.],
       [0., 0.],
       [0., 0.],
       [0., 0.],
       [0., 0.]]), square_terms=array([[[0., 0.],
        [0., 0.]],

       [[0., 0.],
        [0., 0.]],

       [[0., 0.],
        [0., 0.]],

       [[0., 0.],
        [0., 0.]],

       [[0., 0.],
        [0., 0.]],

       [[0., 0.],
        [0., 0.]],

       [[0., 0.],
        [0., 0.]],

       [[0., 0.],
        [0., 0.]],

       [[0., 0.],
        [0., 0.]],

       [[0., 0.],
        [0., 0.]],

       [[0., 0.],
        [0., 0.]],

       [[0., 0.],
        [0., 0.]],

       [[0., 0.],
        [0., 0.]],

       [[0., 0.],
        [0., 0.]],

       [[0., 0.],
        [0., 0.]],

       [[0., 0.],
        [0., 0.]],

       [[0., 0.],
        [0., 0.]]]), scale=0.44216942982941676, shift=array([4.4216943 , 0.23400602])), candidate_index=38, candidate_x=array([4.64384074, 0.24095085]), index=37, x=array([4.6438844 , 0.24098279]), fval=0.4275321140460958, rho=-3.143657043428693, accepted=False, new_indices=array([], dtype=int32), old_indices_used=array([29, 32, 34, 35, 36, 37]), old_indices_discarded=array([], dtype=int32), step_length=0.0, relative_step_length=0.0, n_evals_per_point=1, n_evals_acceptance=1), State(trustregion=Region(center=array([4.6438844 , 0.24098279]), radius=2.6987880238611863e-05, bounds=Bounds(lower=array([1.1 , 0.01]), upper=array([20.  ,  0.99]))), model_indices=array([32, 35, 36, 37, 38]), model=ScalarModel(intercept=0.42753451860914005, linear_terms=array([-3.28855635e-06, -2.40850395e-06]), square_terms=array([[1.06159653e-10, 1.11501395e-09],
       [1.11501395e-09, 3.23462928e-08]]), scale=2.6987880238611863e-05, shift=array([4.6438844 , 0.24098279])), vector_model=VectorModel(intercepts=array([ 0.05742846,  0.13645606,  0.14862486,  0.18030393,  0.19612141,
        0.20272234,  0.20395975,  0.22164655,  0.09496275,  0.10354175,
       -0.25836415, -0.30529085,  0.00074822,  0.03108918,  0.04002564,
        0.03511233,  0.04452792]), linear_terms=array([[0., 0.],
       [0., 0.],
       [0., 0.],
       [0., 0.],
       [0., 0.],
       [0., 0.],
       [0., 0.],
       [0., 0.],
       [0., 0.],
       [0., 0.],
       [0., 0.],
       [0., 0.],
       [0., 0.],
       [0., 0.],
       [0., 0.],
       [0., 0.],
       [0., 0.]]), square_terms=array([[[0., 0.],
        [0., 0.]],

       [[0., 0.],
        [0., 0.]],

       [[0., 0.],
        [0., 0.]],

       [[0., 0.],
        [0., 0.]],

       [[0., 0.],
        [0., 0.]],

       [[0., 0.],
        [0., 0.]],

       [[0., 0.],
        [0., 0.]],

       [[0., 0.],
        [0., 0.]],

       [[0., 0.],
        [0., 0.]],

       [[0., 0.],
        [0., 0.]],

       [[0., 0.],
        [0., 0.]],

       [[0., 0.],
        [0., 0.]],

       [[0., 0.],
        [0., 0.]],

       [[0., 0.],
        [0., 0.]],

       [[0., 0.],
        [0., 0.]],

       [[0., 0.],
        [0., 0.]],

       [[0., 0.],
        [0., 0.]]]), scale=0.44216942982941676, shift=array([4.4216943 , 0.23400602])), candidate_index=39, candidate_x=array([4.64390625, 0.24099867]), index=39, x=array([4.64390625, 0.24099867]), fval=0.42753157022576566, rho=0.1335049696435021, accepted=True, new_indices=array([], dtype=int32), old_indices_used=array([32, 35, 36, 37, 38]), old_indices_discarded=array([], dtype=int32), step_length=2.7010329617144286e-05, relative_step_length=1.0008318318568905, n_evals_per_point=1, n_evals_acceptance=1)]}"

logger,
