CRRA,4.476799244425806

WealthShare,0.21878422748596735

time_to_estimate,317.0104501247406

params,"{'CRRA': 4.476799244425806, 'WealthShare': 0.21878422748596735}"

fun,0.341029479140089

start_fun,5.593023520490638

start_params,"{'CRRA': 2.0, 'WealthShare': 0.05}"

algorithm,multistart_tranquilo_ls

direction,minimize

n_free,2

message,Absolute criterion change smaller than tolerance.

success,

n_fun_evals,

n_jac_evals,

n_hess_evals,

n_iterations,

status,

jac,

hess,

hess_inv,

max_constraint_violation,

history,

convergence_report,

multistart_info,"MultistartInfo(start_parameters=[{'CRRA': 4.000893087632308, 'WealthShare': 0.23634047626219448}, {'CRRA': 5.46370748544937, 'WealthShare': 0.21753321277870447}, {'CRRA': 5.413237661053177, 'WealthShare': 0.2022421150401209}, {'CRRA': 4.43623005011672, 'WealthShare': 0.2502260982563161}], local_optima=[Minimize with 2 free parameters terminated.

The tranquilo_ls algorithm reported: Absolute criterion change smaller than tolerance., Minimize with 2 free parameters terminated.

The tranquilo_ls algorithm reported: Absolute criterion change smaller than tolerance., Minimize with 2 free parameters terminated.

The tranquilo_ls algorithm reported: Absolute criterion change smaller than tolerance., Minimize with 2 free parameters terminated.

The tranquilo_ls algorithm reported: Absolute criterion change smaller than tolerance.], exploration_sample=[{'CRRA': 4.000893087632308, 'WealthShare': 0.23634047626219445}, {'CRRA': 5.747944120712024, 'WealthShare': 0.2171729115913441}, {'CRRA': 5.846317294570017, 'WealthShare': 0.19459179669730534}, {'CRRA': 4.410585625952982, 'WealthShare': 0.27010099802369136}, {'CRRA': 6.5423298822154585, 'WealthShare': 0.21976159159656716}, {'CRRA': 6.856643502540521, 'WealthShare': 0.23726134200408106}, {'CRRA': 7.1910185174982715, 'WealthShare': 0.19811195789096273}, {'CRRA': 7.097773849059509, 'WealthShare': 0.2672502899768019}, {'CRRA': 6.259135173177146, 'WealthShare': 0.30672675107410535}, {'CRRA': 5.888376199264197, 'WealthShare': 0.1347589053578012}, {'CRRA': 6.4428996400940886, 'WealthShare': 0.13901788991417263}, {'CRRA': 7.676427773335666, 'WealthShare': 0.1926881688635051}, {'CRRA': 4.474644894007407, 'WealthShare': 0.1297767617380206}, {'CRRA': 7.221245832183632, 'WealthShare': 0.1407826245171612}, {'CRRA': 7.851792391985914, 'WealthShare': 0.1645250760072339}, {'CRRA': 8.248056767356053, 'WealthShare': 0.17670804488434408}, {'CRRA': 5.559132734196275, 'WealthShare': 0.10592715755821788}, {'CRRA': 6.944345219505832, 'WealthShare': 0.10549263128546167}, {'CRRA': 9.105905353165149, 'WealthShare': 0.1601478189804853}, {'CRRA': 5.960867410210035, 'WealthShare': 0.08577949677449619}, {'CRRA': 9.55427368204994, 'WealthShare': 0.27629506940407506}, {'CRRA': 8.900343636475222, 'WealthShare': 0.10604806880455123}, {'CRRA': 6.480601772030232, 'WealthShare': 0.0674308017435846}, {'CRRA': 8.26043995904181, 'WealthShare': 0.3724522588959318}, {'CRRA': 10.17974920120464, 'WealthShare': 0.08119466124370275}, {'CRRA': 8.34443033596255, 'WealthShare': 0.02748522514164893}, {'CRRA': 9.230255449215301, 'WealthShare': 0.018481730949613553}, {'CRRA': 11.93344384189594, 'WealthShare': 0.2396120127714844}, {'CRRA': 5.35627514062374, 'WealthShare': 0.05364044078904107}, {'CRRA': 4.297257037837925, 'WealthShare': 0.08036113226654729}, {'CRRA': 11.765116834797245, 'WealthShare': 0.3045622900601247}, {'CRRA': 12.28032573885406, 'WealthShare': 0.19887809437583945}, {'CRRA': 8.420234018820867, 'WealthShare': 0.4165163020412008}, {'CRRA': 11.655065804196294, 'WealthShare': 0.07717930409826233}, {'CRRA': 11.285273354333567, 'WealthShare': 0.04781706289248631}, {'CRRA': 12.374950964624592, 'WealthShare': 0.32037303543782314}, {'CRRA': 12.728037634520078, 'WealthShare': 0.2166617089272451}, {'CRRA': 12.020155711774962, 'WealthShare': 0.37374548922055667}, {'CRRA': 5.081195972967986, 'WealthShare': 0.38795567189251157}, {'CRRA': 11.151583757176883, 'WealthShare': 0.40793318184776056}, {'CRRA': 8.928758878053006, 'WealthShare': 0.434073952338728}, {'CRRA': 12.53879043032189, 'WealthShare': 0.05844702148508362}, {'CRRA': 13.171395064161018, 'WealthShare': 0.13774273189143385}, {'CRRA': 13.083628301274011, 'WealthShare': 0.1000572977946955}, {'CRRA': 13.494464700584762, 'WealthShare': 0.17936038441141505}, {'CRRA': 13.592965610937862, 'WealthShare': 0.23333493071122416}, {'CRRA': 5.511403860195003, 'WealthShare': 0.025498763781253514}, {'CRRA': 12.725004828149418, 'WealthShare': 0.03207233241405323}, {'CRRA': 13.874971101812665, 'WealthShare': 0.28362920510641315}, {'CRRA': 11.678550652595911, 'WealthShare': 0.4356729880006123}, {'CRRA': 13.3679975047474, 'WealthShare': 0.05558566613448302}, {'CRRA': 9.268761298276619, 'WealthShare': 0.4571885923231375}, {'CRRA': 14.045701615429236, 'WealthShare': 0.3107167898966072}, {'CRRA': 13.448102321147866, 'WealthShare': 0.420787863206423}, {'CRRA': 14.742194127385302, 'WealthShare': 0.2561309925416385}, {'CRRA': 14.654280470316605, 'WealthShare': 0.35429656234210016}, {'CRRA': 3.188186904622642, 'WealthShare': 0.3261788003733097}, {'CRRA': 14.753907283905964, 'WealthShare': 0.13338850961606116}, {'CRRA': 15.119577470814063, 'WealthShare': 0.2989098795861334}, {'CRRA': 15.02953031906565, 'WealthShare': 0.3477569372727164}, {'CRRA': 10.274307297230505, 'WealthShare': 0.4858558056985351}, {'CRRA': 15.209496122884916, 'WealthShare': 0.36334201851395187}, {'CRRA': 14.760944486567425, 'WealthShare': 0.4173752433091036}, {'CRRA': 15.427946333418452, 'WealthShare': 0.23954241709611857}, {'CRRA': 6.348760837906621, 'WealthShare': 0.44541431377729596}, {'CRRA': 15.053191105972788, 'WealthShare': 0.06863827161184903}, {'CRRA': 15.65108495328546, 'WealthShare': 0.39678076690869085}, {'CRRA': 16.163177313155412, 'WealthShare': 0.20840964388049232}, {'CRRA': 16.77967628213848, 'WealthShare': 0.18307964577414398}, {'CRRA': 11.213085998716265, 'WealthShare': 0.5220736932956697}, {'CRRA': 17.086062213989884, 'WealthShare': 0.3849502221068206}, {'CRRA': 17.073974050255913, 'WealthShare': 0.42556218136420887}, {'CRRA': 13.671681281183101, 'WealthShare': 0.5321638390096487}, {'CRRA': 17.290968749107762, 'WealthShare': 0.20861236340983194}, {'CRRA': 16.47748306584822, 'WealthShare': 0.5031157106064759}, {'CRRA': 3.8108084660920656, 'WealthShare': 0.38286186255420745}, {'CRRA': 17.76463459548537, 'WealthShare': 0.3897253446646003}, {'CRRA': 17.791029341055896, 'WealthShare': 0.382410383347786}, {'CRRA': 17.655349568441046, 'WealthShare': 0.4901741858049773}, {'CRRA': 17.837701959601496, 'WealthShare': 0.25816874488228675}, {'CRRA': 12.569364886699198, 'WealthShare': 0.5462222127917018}, {'CRRA': 17.73943530212959, 'WealthShare': 0.14706871380124462}, {'CRRA': 17.74620762045372, 'WealthShare': 0.1504967264484738}, {'CRRA': 17.903823705224266, 'WealthShare': 0.17394113339260225}, {'CRRA': 17.87907607593847, 'WealthShare': 0.08018795564741839}, {'CRRA': 18.185565030068155, 'WealthShare': 0.2039624453863473}, {'CRRA': 18.441330988697285, 'WealthShare': 0.30395041113996596}, {'CRRA': 14.616511873052064, 'WealthShare': 0.559905348224957}, {'CRRA': 18.7737407042381, 'WealthShare': 0.49091822745376595}, {'CRRA': 3.040464451749341, 'WealthShare': 0.34480957596784195}, {'CRRA': 18.487800561760405, 'WealthShare': 0.24019578245558845}, {'CRRA': 2.0041702466849824, 'WealthShare': 0.16410199277279983}, {'CRRA': 18.545469039220862, 'WealthShare': 0.04183254424826809}, {'CRRA': 12.035278575149686, 'WealthShare': 0.563355317233119}, {'CRRA': 19.62418836603733, 'WealthShare': 0.5080902338136936}, {'CRRA': 18.9052320096923, 'WealthShare': 0.08039749719369438}, {'CRRA': 19.742300145610198, 'WealthShare': 0.3900460602372823}, {'CRRA': 19.20228470714542, 'WealthShare': 0.24556567237259294}, {'CRRA': 19.06335899968007, 'WealthShare': 0.014733734180490822}, {'CRRA': 15.39372483151801, 'WealthShare': 0.5819526191517784}, {'CRRA': 19.34479949619286, 'WealthShare': 0.25975306862805686}, {'CRRA': 19.608818859435637, 'WealthShare': 0.32443845182970255}, {'CRRA': 18.689340320924863, 'WealthShare': 0.576264392358557}, {'CRRA': 19.65669064743489, 'WealthShare': 0.27278984657794564}, {'CRRA': 19.80462100019283, 'WealthShare': 0.2542172873833729}, {'CRRA': 4.080367809605102, 'WealthShare': 0.4169107423849148}, {'CRRA': 19.16223148534881, 'WealthShare': 0.6075904503977523}, {'CRRA': 11.45937013818733, 'WealthShare': 0.584847968547499}, {'CRRA': 19.227846415345383, 'WealthShare': 0.6199924986617019}, {'CRRA': 17.32567629571058, 'WealthShare': 0.6212303880532895}, {'CRRA': 14.423119259016874, 'WealthShare': 0.6128240553351462}, {'CRRA': 16.186755330758, 'WealthShare': 0.6343519005774066}, {'CRRA': 11.665614280007318, 'WealthShare': 0.6011655787756489}, {'CRRA': 3.4391233433024206, 'WealthShare': 0.39940917245599067}, {'CRRA': 19.46453803778744, 'WealthShare': 0.679987365462604}, {'CRRA': 10.739687850409137, 'WealthShare': 0.6137206878000563}, {'CRRA': 18.10277625362257, 'WealthShare': 0.6975464670335476}, {'CRRA': 7.116432626091946, 'WealthShare': 0.5614115064068341}, {'CRRA': 2.922538854365528, 'WealthShare': 0.39466556528767355}, {'CRRA': 2.0664454147022866, 'WealthShare': 0.3108329200661494}, {'CRRA': 11.922798760375619, 'WealthShare': 0.6636169082217741}, {'CRRA': 2.268984299261853, 'WealthShare': 0.06008355768470108}, {'CRRA': 1.449905821384955, 'WealthShare': 0.15034724494241986}, {'CRRA': 17.18264283322782, 'WealthShare': 0.7508709706866096}, {'CRRA': 3.6900881103257017, 'WealthShare': 0.47909386746979105}, {'CRRA': 18.08914607932566, 'WealthShare': 0.7601682370354926}, {'CRRA': 10.323739329767774, 'WealthShare': 0.6808794307979005}, {'CRRA': 17.64289296756558, 'WealthShare': 0.7646918774497986}, {'CRRA': 19.719741330179296, 'WealthShare': 0.78725542195042}, {'CRRA': 2.0, 'WealthShare': 0.05}, {'CRRA': 3.928120577889556, 'WealthShare': 0.5157771536285503}, {'CRRA': 13.231704257911373, 'WealthShare': 0.7487038034131649}, {'CRRA': 6.86996894394429, 'WealthShare': 0.6409150908083473}, {'CRRA': 1.5551742908694277, 'WealthShare': 0.06787861662952864}, {'CRRA': 1.2502731945550924, 'WealthShare': 0.21177448646860333}, {'CRRA': 12.342377638140162, 'WealthShare': 0.7471698302301895}, {'CRRA': 9.181823551055462, 'WealthShare': 0.7025836270303809}, {'CRRA': 1.1929661041788062, 'WealthShare': 0.19231439421160826}, {'CRRA': 2.195881406215328, 'WealthShare': 0.4067197262361308}, {'CRRA': 11.899566093193078, 'WealthShare': 0.7528407845125331}, {'CRRA': 10.183500041212211, 'WealthShare': 0.7294782498132906}, {'CRRA': 18.93231236170635, 'WealthShare': 0.8132914419940718}, {'CRRA': 3.86723970880567, 'WealthShare': 0.553752510863437}, {'CRRA': 19.38044573893245, 'WealthShare': 0.8232244025008288}, {'CRRA': 1.1388066654731372, 'WealthShare': 0.22880779265944765}, {'CRRA': 1.3497519541234795, 'WealthShare': 0.30693115357817596}, {'CRRA': 19.817566354019082, 'WealthShare': 0.8297247181867733}, {'CRRA': 1.1337756712797322, 'WealthShare': 0.24284102225003754}, {'CRRA': 19.27860381914278, 'WealthShare': 0.828228803037973}, {'CRRA': 18.604808988317902, 'WealthShare': 0.8340118059295522}, {'CRRA': 13.165037384603473, 'WealthShare': 0.7984436326341323}, {'CRRA': 7.047176800340347, 'WealthShare': 0.7018959384656083}, {'CRRA': 5.1754867868452035, 'WealthShare': 0.6547883969766527}, {'CRRA': 14.956967814155593, 'WealthShare': 0.8238413453832654}, {'CRRA': 6.880570678170436, 'WealthShare': 0.7156411575480768}, {'CRRA': 14.17385493492554, 'WealthShare': 0.8276434993333087}, {'CRRA': 18.596841710134324, 'WealthShare': 0.8588811800337149}, {'CRRA': 4.842931232833884, 'WealthShare': 0.6656866476361868}, {'CRRA': 2.649162730817096, 'WealthShare': 0.5379583222479946}, {'CRRA': 14.836339487636762, 'WealthShare': 0.8447309647098491}, {'CRRA': 4.51474953440659, 'WealthShare': 0.6732486685332247}, {'CRRA': 1.6475672794244676, 'WealthShare': 0.4520494391231537}, {'CRRA': 5.214470864975038, 'WealthShare': 0.7061423067430334}, {'CRRA': 10.583803355639919, 'WealthShare': 0.832989717957814}, {'CRRA': 8.874327259142646, 'WealthShare': 0.8127823797350189}, {'CRRA': 19.144411909417222, 'WealthShare': 0.8887065554384205}, {'CRRA': 4.427528598095025, 'WealthShare': 0.7065293848953967}, {'CRRA': 16.917509128982275, 'WealthShare': 0.8851503932670975}, {'CRRA': 12.47011534207866, 'WealthShare': 0.859967131774748}, {'CRRA': 7.986851023767704, 'WealthShare': 0.8082612702860918}, {'CRRA': 3.433175586588182, 'WealthShare': 0.66725649672016}, {'CRRA': 3.6745472530479804, 'WealthShare': 0.7022743908553204}, {'CRRA': 6.798362754525268, 'WealthShare': 0.8091305780505462}, {'CRRA': 4.046620852793049, 'WealthShare': 0.7300078711737632}, {'CRRA': 17.491109589455757, 'WealthShare': 0.9096927577173741}, {'CRRA': 14.960906048958886, 'WealthShare': 0.9102819208061214}, {'CRRA': 5.809208416619722, 'WealthShare': 0.8215383652046958}, {'CRRA': 17.660572554022803, 'WealthShare': 0.9231507890284913}, {'CRRA': 5.536669628431824, 'WealthShare': 0.820911694871294}, {'CRRA': 10.927910850322682, 'WealthShare': 0.9005558282550455}, {'CRRA': 18.157639624547826, 'WealthShare': 0.9320980549370705}, {'CRRA': 4.541077862650788, 'WealthShare': 0.8550975375316032}, {'CRRA': 7.673284507222396, 'WealthShare': 0.909343348343531}, {'CRRA': 3.350731732990626, 'WealthShare': 0.8208998002786403}, {'CRRA': 1.2426541678721366, 'WealthShare': 0.6444048784545608}, {'CRRA': 14.111672963863025, 'WealthShare': 0.9471500614373557}, {'CRRA': 6.177312060590131, 'WealthShare': 0.8971571249429531}, {'CRRA': 12.717154456563037, 'WealthShare': 0.9448940922019513}, {'CRRA': 11.004375053513428, 'WealthShare': 0.9419059006362304}, {'CRRA': 1.3542200645050444, 'WealthShare': 0.6945181269423862}, {'CRRA': 9.64173623571993, 'WealthShare': 0.9398379435451792}, {'CRRA': 3.3272070947275543, 'WealthShare': 0.847755072684475}, {'CRRA': 14.264717051022172, 'WealthShare': 0.9666091424140122}, {'CRRA': 19.50615561062529, 'WealthShare': 0.9742554621894008}, {'CRRA': 1.146749927880638, 'WealthShare': 0.7610174214464621}, {'CRRA': 15.108764349937445, 'WealthShare': 0.9865044939668092}, {'CRRA': 13.283810825649228, 'WealthShare': 0.9851822920054331}, {'CRRA': 11.115980911780982, 'WealthShare': 0.989537155314626}, {'CRRA': 3.4619072433807703, 'WealthShare': 0.9622883679835795}, {'CRRA': 1.5313306529927755, 'WealthShare': 0.9684190589638403}], exploration_results=array([3.75407800e-01, 3.98307177e-01, 4.21016593e-01, 4.24606621e-01,
       4.59713137e-01, 4.87792466e-01, 5.23440086e-01, 5.30018143e-01,
       5.46251432e-01, 5.50397225e-01, 5.59041446e-01, 5.68436016e-01,
       5.90907985e-01, 5.97330725e-01, 6.07222024e-01, 6.29281090e-01,
       6.63564224e-01, 6.69187763e-01, 7.19825684e-01, 7.46686712e-01,
       7.66377206e-01, 7.72510513e-01, 8.13671568e-01, 8.60237857e-01,
       9.17452086e-01, 9.49944385e-01, 1.00137973e+00, 1.00599145e+00,
       1.01256293e+00, 1.01501492e+00, 1.01982103e+00, 1.04830227e+00,
       1.05869367e+00, 1.06460110e+00, 1.07280906e+00, 1.10084004e+00,
       1.10178717e+00, 1.13415838e+00, 1.13887265e+00, 1.14004378e+00,
       1.15388436e+00, 1.18344199e+00, 1.18456277e+00, 1.20150708e+00,
       1.20674270e+00, 1.21181750e+00, 1.21369810e+00, 1.23917690e+00,
       1.25544987e+00, 1.25550837e+00, 1.27948525e+00, 1.28440176e+00,
       1.28633993e+00, 1.34139142e+00, 1.36439668e+00, 1.38141946e+00,
       1.38721016e+00, 1.39350312e+00, 1.41795901e+00, 1.42159132e+00,
       1.44761886e+00, 1.45011146e+00, 1.45082592e+00, 1.45968780e+00,
       1.46477520e+00, 1.47152309e+00, 1.51910300e+00, 1.56863647e+00,
       1.66318299e+00, 1.66778553e+00, 1.67548556e+00, 1.68581768e+00,
       1.71471135e+00, 1.73219397e+00, 1.73243865e+00, 1.74049455e+00,
       1.75583063e+00, 1.75963068e+00, 1.79366958e+00, 1.79948652e+00,
       1.80083194e+00, 1.80981430e+00, 1.81018399e+00, 1.82889182e+00,
       1.84151229e+00, 1.86459072e+00, 1.87070696e+00, 1.87543618e+00,
       1.88487467e+00, 1.89391387e+00, 1.90062095e+00, 1.90927439e+00,
       1.93889446e+00, 1.95869290e+00, 1.96717014e+00, 1.98247101e+00,
       1.99758101e+00, 2.00467968e+00, 2.01016067e+00, 2.01106341e+00,
       2.02097323e+00, 2.02494452e+00, 2.04842107e+00, 2.06112582e+00,
       2.09118221e+00, 2.16018764e+00, 2.19170948e+00, 2.23612271e+00,
       2.25865784e+00, 2.26629479e+00, 2.28697718e+00, 2.41233000e+00,
       2.41593774e+00, 2.53494860e+00, 2.75855918e+00, 2.79710074e+00,
       3.09989157e+00, 3.14616096e+00, 3.41209131e+00, 3.48940544e+00,
       3.51086658e+00, 3.94991776e+00, 4.52963375e+00, 4.62332830e+00,
       4.65906903e+00, 4.74226811e+00, 4.75643301e+00, 5.05027284e+00,
       5.52503125e+00, 5.60099241e+00, 5.70196173e+00, 6.11120841e+00,
       6.28190950e+00, 6.31762898e+00, 6.33273663e+00, 6.59731317e+00,
       6.74202223e+00, 6.82344385e+00, 6.94507784e+00, 7.30881457e+00,
       7.33198690e+00, 7.49929752e+00, 8.04672132e+00, 8.17732828e+00,
       8.19308123e+00, 8.54476915e+00, 8.61847581e+00, 8.68525269e+00,
       8.72567518e+00, 9.75504573e+00, 1.00931222e+01, 1.01127507e+01,
       1.12025233e+01, 1.13549105e+01, 1.18604991e+01, 1.27727802e+01,
       1.35868195e+01, 1.36704338e+01, 1.38393331e+01, 1.49120917e+01,
       1.63107123e+01, 1.68091953e+01, 1.70134853e+01, 2.03325782e+01,
       2.07103638e+01, 2.08426386e+01, 2.20920839e+01, 2.26947994e+01,
       2.29867005e+01, 2.30185655e+01, 2.40864950e+01, 2.85118402e+01,
       2.93377612e+01, 3.07915855e+01, 3.34182550e+01, 4.02051885e+01,
       4.15155053e+01, 4.29771319e+01, 4.40747765e+01, 4.88035594e+01,
       5.04627270e+01, 7.98442873e+01, 8.24659140e+01, 8.50448569e+01,
       8.55545364e+01, 8.83165071e+01, 8.87592779e+01, 9.20344074e+01,
       9.83927014e+01, 1.06201430e+02, 1.06446803e+02, 1.07965289e+02,
       1.38459793e+02, 1.42562048e+02, 1.84088156e+02, 2.34537986e+02,
       2.36479139e+02, 2.83421424e+02, 3.15404156e+02, 5.56644475e+02]))"

algorithm_output,"{'states': [State(trustregion=Region(center=array([4.00089309, 0.23634048]), radius=0.40008930876323084, bounds=Bounds(lower=array([1.1 , 0.01]), upper=array([20.  ,  0.99]))), model_indices=[0], model=ScalarModel(intercept=0.3754077997229733, linear_terms=array([0., 0.]), square_terms=array([[0., 0.],
       [0., 0.]]), scale=0.40008930876323084, shift=array([4.00089309, 0.23634048])), vector_model=VectorModel(intercepts=array([ 0.04761292,  0.10647529,  0.11076617,  0.13605947,  0.15041419,
        0.16174383,  0.18163123,  0.26530699,  0.14611409,  0.155996  ,
       -0.21576663, -0.28167106, -0.06887964, -0.03535035, -0.02396966,
       -0.02479627, -0.0098962 ]), linear_terms=array([[0., 0.],
       [0., 0.],
       [0., 0.],
       [0., 0.],
       [0., 0.],
       [0., 0.],
       [0., 0.],
       [0., 0.],
       [0., 0.],
       [0., 0.],
       [0., 0.],
       [0., 0.],
       [0., 0.],
       [0., 0.],
       [0., 0.],
       [0., 0.],
       [0., 0.]]), square_terms=array([[[0., 0.],
        [0., 0.]],

       [[0., 0.],
        [0., 0.]],

       [[0., 0.],
        [0., 0.]],

       [[0., 0.],
        [0., 0.]],

       [[0., 0.],
        [0., 0.]],

       [[0., 0.],
        [0., 0.]],

       [[0., 0.],
        [0., 0.]],

       [[0., 0.],
        [0., 0.]],

       [[0., 0.],
        [0., 0.]],

       [[0., 0.],
        [0., 0.]],

       [[0., 0.],
        [0., 0.]],

       [[0., 0.],
        [0., 0.]],

       [[0., 0.],
        [0., 0.]],

       [[0., 0.],
        [0., 0.]],

       [[0., 0.],
        [0., 0.]],

       [[0., 0.],
        [0., 0.]],

       [[0., 0.],
        [0., 0.]]]), scale=0.40008930876323084, shift=array([4.00089309, 0.23634048])), candidate_index=0, candidate_x=array([4.00089309, 0.23634048]), index=0, x=array([4.00089309, 0.23634048]), fval=0.3754077997229733, rho=nan, accepted=True, new_indices=[0], old_indices_used=[], old_indices_discarded=[], step_length=None, relative_step_length=None, n_evals_per_point=None, n_evals_acceptance=None), State(trustregion=Region(center=array([4.00089309, 0.23634048]), radius=0.40008930876323084, bounds=Bounds(lower=array([1.1 , 0.01]), upper=array([20.  ,  0.99]))), model_indices=array([ 0,  1,  2,  3,  4,  5,  6,  7,  8,  9, 10, 11, 12]), model=ScalarModel(intercept=0.9942601206988868, linear_terms=array([-0.17152698,  3.5049304 ]), square_terms=array([[ 0.04841387, -0.14326291],
       [-0.14326291,  9.9725743 ]]), scale=array([0.35456992, 0.2904552 ]), shift=array([4.00089309, 0.3004552 ])), vector_model=VectorModel(intercepts=array([ 0.04761292,  0.10647529,  0.11076617,  0.13605947,  0.15041419,
        0.16174383,  0.18163123,  0.26530699,  0.14611409,  0.155996  ,
       -0.21576663, -0.28167106, -0.06887964, -0.03535035, -0.02396966,
       -0.02479627, -0.0098962 ]), linear_terms=array([[0., 0.],
       [0., 0.],
       [0., 0.],
       [0., 0.],
       [0., 0.],
       [0., 0.],
       [0., 0.],
       [0., 0.],
       [0., 0.],
       [0., 0.],
       [0., 0.],
       [0., 0.],
       [0., 0.],
       [0., 0.],
       [0., 0.],
       [0., 0.],
       [0., 0.]]), square_terms=array([[[0., 0.],
        [0., 0.]],

       [[0., 0.],
        [0., 0.]],

       [[0., 0.],
        [0., 0.]],

       [[0., 0.],
        [0., 0.]],

       [[0., 0.],
        [0., 0.]],

       [[0., 0.],
        [0., 0.]],

       [[0., 0.],
        [0., 0.]],

       [[0., 0.],
        [0., 0.]],

       [[0., 0.],
        [0., 0.]],

       [[0., 0.],
        [0., 0.]],

       [[0., 0.],
        [0., 0.]],

       [[0., 0.],
        [0., 0.]],

       [[0., 0.],
        [0., 0.]],

       [[0., 0.],
        [0., 0.]],

       [[0., 0.],
        [0., 0.]],

       [[0., 0.],
        [0., 0.]],

       [[0., 0.],
        [0., 0.]]]), scale=0.40008930876323084, shift=array([4.00089309, 0.23634048])), candidate_index=13, candidate_x=array([4.35546301, 0.20254529]), index=13, x=array([4.35546301, 0.20254529]), fval=0.35149362107998366, rho=0.130535749604022, accepted=True, new_indices=array([ 1,  2,  3,  4,  5,  6,  7,  8,  9, 10, 11, 12]), old_indices_used=array([0]), old_indices_discarded=array([], dtype=int32), step_length=0.3561768397278602, relative_step_length=0.8902433329920404, n_evals_per_point=1, n_evals_acceptance=1), State(trustregion=Region(center=array([4.35546301, 0.20254529]), radius=0.8001786175264617, bounds=Bounds(lower=array([1.1 , 0.01]), upper=array([20.  ,  0.99]))), model_indices=array([ 0,  1,  2,  3,  4,  5,  8, 10, 13]), model=ScalarModel(intercept=3.948713931723028, linear_terms=array([-0.26274992, 13.05557993]), square_terms=array([[ 0.23359734, -0.30060931],
       [-0.30060931, 23.17756733]]), scale=array([0.70913984, 0.45084256]), shift=array([4.35546301, 0.46084256])), vector_model=VectorModel(intercepts=array([ 0.04761292,  0.10647529,  0.11076617,  0.13605947,  0.15041419,
        0.16174383,  0.18163123,  0.26530699,  0.14611409,  0.155996  ,
       -0.21576663, -0.28167106, -0.06887964, -0.03535035, -0.02396966,
       -0.02479627, -0.0098962 ]), linear_terms=array([[0., 0.],
       [0., 0.],
       [0., 0.],
       [0., 0.],
       [0., 0.],
       [0., 0.],
       [0., 0.],
       [0., 0.],
       [0., 0.],
       [0., 0.],
       [0., 0.],
       [0., 0.],
       [0., 0.],
       [0., 0.],
       [0., 0.],
       [0., 0.],
       [0., 0.]]), square_terms=array([[[0., 0.],
        [0., 0.]],

       [[0., 0.],
        [0., 0.]],

       [[0., 0.],
        [0., 0.]],

       [[0., 0.],
        [0., 0.]],

       [[0., 0.],
        [0., 0.]],

       [[0., 0.],
        [0., 0.]],

       [[0., 0.],
        [0., 0.]],

       [[0., 0.],
        [0., 0.]],

       [[0., 0.],
        [0., 0.]],

       [[0., 0.],
        [0., 0.]],

       [[0., 0.],
        [0., 0.]],

       [[0., 0.],
        [0., 0.]],

       [[0., 0.],
        [0., 0.]],

       [[0., 0.],
        [0., 0.]],

       [[0., 0.],
        [0., 0.]],

       [[0., 0.],
        [0., 0.]],

       [[0., 0.],
        [0., 0.]]]), scale=0.40008930876323084, shift=array([4.00089309, 0.23634048])), candidate_index=14, candidate_x=array([4.64387875, 0.20926782]), index=14, x=array([4.64387875, 0.20926782]), fval=0.3462740723834001, rho=0.26001777780466984, accepted=True, new_indices=array([], dtype=int32), old_indices_used=array([ 0,  1,  2,  3,  4,  5,  8, 10, 13]), old_indices_discarded=array([ 6,  7,  9, 11, 12]), step_length=0.2884940830637718, relative_step_length=0.3605371060221206, n_evals_per_point=1, n_evals_acceptance=1), State(trustregion=Region(center=array([4.64387875, 0.20926782]), radius=0.8001786175264617, bounds=Bounds(lower=array([1.1 , 0.01]), upper=array([20.  ,  0.99]))), model_indices=array([ 0,  1,  2,  4,  6,  8,  9, 13, 14]), model=ScalarModel(intercept=3.798447673081401, linear_terms=array([-0.05795694, 12.43713647]), square_terms=array([[ 0.20708643, -0.12898359],
       [-0.12898359, 21.90378152]]), scale=array([0.70913984, 0.45420383]), shift=array([4.64387875, 0.46420383])), vector_model=VectorModel(intercepts=array([ 0.04761292,  0.10647529,  0.11076617,  0.13605947,  0.15041419,
        0.16174383,  0.18163123,  0.26530699,  0.14611409,  0.155996  ,
       -0.21576663, -0.28167106, -0.06887964, -0.03535035, -0.02396966,
       -0.02479627, -0.0098962 ]), linear_terms=array([[0., 0.],
       [0., 0.],
       [0., 0.],
       [0., 0.],
       [0., 0.],
       [0., 0.],
       [0., 0.],
       [0., 0.],
       [0., 0.],
       [0., 0.],
       [0., 0.],
       [0., 0.],
       [0., 0.],
       [0., 0.],
       [0., 0.],
       [0., 0.],
       [0., 0.]]), square_terms=array([[[0., 0.],
        [0., 0.]],

       [[0., 0.],
        [0., 0.]],

       [[0., 0.],
        [0., 0.]],

       [[0., 0.],
        [0., 0.]],

       [[0., 0.],
        [0., 0.]],

       [[0., 0.],
        [0., 0.]],

       [[0., 0.],
        [0., 0.]],

       [[0., 0.],
        [0., 0.]],

       [[0., 0.],
        [0., 0.]],

       [[0., 0.],
        [0., 0.]],

       [[0., 0.],
        [0., 0.]],

       [[0., 0.],
        [0., 0.]],

       [[0., 0.],
        [0., 0.]],

       [[0., 0.],
        [0., 0.]],

       [[0., 0.],
        [0., 0.]],

       [[0., 0.],
        [0., 0.]],

       [[0., 0.],
        [0., 0.]]]), scale=0.40008930876323084, shift=array([4.00089309, 0.23634048])), candidate_index=15, candidate_x=array([4.59135857, 0.2061053 ]), index=14, x=array([4.64387875, 0.20926782]), fval=0.3462740723834001, rho=-1.4277711942570148, accepted=False, new_indices=array([], dtype=int32), old_indices_used=array([ 0,  1,  2,  4,  6,  8,  9, 13, 14]), old_indices_discarded=array([ 3,  5,  7, 10, 11, 12]), step_length=0.0, relative_step_length=0.0, n_evals_per_point=1, n_evals_acceptance=1), State(trustregion=Region(center=array([4.64387875, 0.20926782]), radius=0.40008930876323084, bounds=Bounds(lower=array([1.1 , 0.01]), upper=array([20.  ,  0.99]))), model_indices=array([ 0,  2,  4,  6,  8,  9, 13, 14, 15]), model=ScalarModel(intercept=0.5882354510847381, linear_terms=array([-0.02654809,  2.29424925]), square_terms=array([[ 0.03049269, -0.07251639],
       [-0.07251639,  8.24639662]]), scale=array([0.35456992, 0.27691887]), shift=array([4.64387875, 0.28691887])), vector_model=VectorModel(intercepts=array([ 0.04761292,  0.10647529,  0.11076617,  0.13605947,  0.15041419,
        0.16174383,  0.18163123,  0.26530699,  0.14611409,  0.155996  ,
       -0.21576663, -0.28167106, -0.06887964, -0.03535035, -0.02396966,
       -0.02479627, -0.0098962 ]), linear_terms=array([[0., 0.],
       [0., 0.],
       [0., 0.],
       [0., 0.],
       [0., 0.],
       [0., 0.],
       [0., 0.],
       [0., 0.],
       [0., 0.],
       [0., 0.],
       [0., 0.],
       [0., 0.],
       [0., 0.],
       [0., 0.],
       [0., 0.],
       [0., 0.],
       [0., 0.]]), square_terms=array([[[0., 0.],
        [0., 0.]],

       [[0., 0.],
        [0., 0.]],

       [[0., 0.],
        [0., 0.]],

       [[0., 0.],
        [0., 0.]],

       [[0., 0.],
        [0., 0.]],

       [[0., 0.],
        [0., 0.]],

       [[0., 0.],
        [0., 0.]],

       [[0., 0.],
        [0., 0.]],

       [[0., 0.],
        [0., 0.]],

       [[0., 0.],
        [0., 0.]],

       [[0., 0.],
        [0., 0.]],

       [[0., 0.],
        [0., 0.]],

       [[0., 0.],
        [0., 0.]],

       [[0., 0.],
        [0., 0.]],

       [[0., 0.],
        [0., 0.]],

       [[0., 0.],
        [0., 0.]],

       [[0., 0.],
        [0., 0.]]]), scale=0.40008930876323084, shift=array([4.00089309, 0.23634048])), candidate_index=16, candidate_x=array([4.71956867, 0.21039645]), index=14, x=array([4.64387875, 0.20926782]), fval=0.3462740723834001, rho=-1.1848740147685282, accepted=False, new_indices=array([], dtype=int32), old_indices_used=array([ 0,  2,  4,  6,  8,  9, 13, 14, 15]), old_indices_discarded=array([ 1,  3,  5,  7, 10, 11, 12]), step_length=0.0, relative_step_length=0.0, n_evals_per_point=1, n_evals_acceptance=1), State(trustregion=Region(center=array([4.64387875, 0.20926782]), radius=0.20004465438161542, bounds=Bounds(lower=array([1.1 , 0.01]), upper=array([20.  ,  0.99]))), model_indices=array([ 2,  4,  6,  8,  9, 13, 14, 15, 16]), model=ScalarModel(intercept=0.33871078153142015, linear_terms=array([ 0.11146816, -0.18555662]), square_terms=array([[ 0.09634298, -0.20679096],
       [-0.20679096,  3.31990431]]), scale=array([0.17728496, 0.17728496]), shift=array([4.64387875, 0.20926782])), vector_model=VectorModel(intercepts=array([ 0.04761292,  0.10647529,  0.11076617,  0.13605947,  0.15041419,
        0.16174383,  0.18163123,  0.26530699,  0.14611409,  0.155996  ,
       -0.21576663, -0.28167106, -0.06887964, -0.03535035, -0.02396966,
       -0.02479627, -0.0098962 ]), linear_terms=array([[0., 0.],
       [0., 0.],
       [0., 0.],
       [0., 0.],
       [0., 0.],
       [0., 0.],
       [0., 0.],
       [0., 0.],
       [0., 0.],
       [0., 0.],
       [0., 0.],
       [0., 0.],
       [0., 0.],
       [0., 0.],
       [0., 0.],
       [0., 0.],
       [0., 0.]]), square_terms=array([[[0., 0.],
        [0., 0.]],

       [[0., 0.],
        [0., 0.]],

       [[0., 0.],
        [0., 0.]],

       [[0., 0.],
        [0., 0.]],

       [[0., 0.],
        [0., 0.]],

       [[0., 0.],
        [0., 0.]],

       [[0., 0.],
        [0., 0.]],

       [[0., 0.],
        [0., 0.]],

       [[0., 0.],
        [0., 0.]],

       [[0., 0.],
        [0., 0.]],

       [[0., 0.],
        [0., 0.]],

       [[0., 0.],
        [0., 0.]],

       [[0., 0.],
        [0., 0.]],

       [[0., 0.],
        [0., 0.]],

       [[0., 0.],
        [0., 0.]],

       [[0., 0.],
        [0., 0.]],

       [[0., 0.],
        [0., 0.]]]), scale=0.40008930876323084, shift=array([4.00089309, 0.23634048])), candidate_index=17, candidate_x=array([4.46659379, 0.2081339 ]), index=17, x=array([4.46659379, 0.2081339 ]), fval=0.3454454900133656, rho=0.013076428888080449, accepted=True, new_indices=array([], dtype=int32), old_indices_used=array([ 2,  4,  6,  8,  9, 13, 14, 15, 16]), old_indices_discarded=array([ 0,  1, 10]), step_length=0.1772885853063468, relative_step_length=0.8862450529077475, n_evals_per_point=1, n_evals_acceptance=1), State(trustregion=Region(center=array([4.46659379, 0.2081339 ]), radius=0.10002232719080771, bounds=Bounds(lower=array([1.1 , 0.01]), upper=array([20.  ,  0.99]))), model_indices=array([ 2,  4,  6,  9, 13, 14, 15, 16, 17]), model=ScalarModel(intercept=0.28209087942399763, linear_terms=array([ 0.01634603, -0.02139288]), square_terms=array([[ 0.02651937, -0.052709  ],
       [-0.052709  ,  1.01650316]]), scale=0.10002232719080771, shift=array([4.46659379, 0.2081339 ])), vector_model=VectorModel(intercepts=array([ 0.04761292,  0.10647529,  0.11076617,  0.13605947,  0.15041419,
        0.16174383,  0.18163123,  0.26530699,  0.14611409,  0.155996  ,
       -0.21576663, -0.28167106, -0.06887964, -0.03535035, -0.02396966,
       -0.02479627, -0.0098962 ]), linear_terms=array([[0., 0.],
       [0., 0.],
       [0., 0.],
       [0., 0.],
       [0., 0.],
       [0., 0.],
       [0., 0.],
       [0., 0.],
       [0., 0.],
       [0., 0.],
       [0., 0.],
       [0., 0.],
       [0., 0.],
       [0., 0.],
       [0., 0.],
       [0., 0.],
       [0., 0.]]), square_terms=array([[[0., 0.],
        [0., 0.]],

       [[0., 0.],
        [0., 0.]],

       [[0., 0.],
        [0., 0.]],

       [[0., 0.],
        [0., 0.]],

       [[0., 0.],
        [0., 0.]],

       [[0., 0.],
        [0., 0.]],

       [[0., 0.],
        [0., 0.]],

       [[0., 0.],
        [0., 0.]],

       [[0., 0.],
        [0., 0.]],

       [[0., 0.],
        [0., 0.]],

       [[0., 0.],
        [0., 0.]],

       [[0., 0.],
        [0., 0.]],

       [[0., 0.],
        [0., 0.]],

       [[0., 0.],
        [0., 0.]],

       [[0., 0.],
        [0., 0.]],

       [[0., 0.],
        [0., 0.]],

       [[0., 0.],
        [0., 0.]]]), scale=0.40008930876323084, shift=array([4.00089309, 0.23634048])), candidate_index=18, candidate_x=array([4.40252256, 0.20691662]), index=17, x=array([4.46659379, 0.2081339 ]), fval=0.3454454900133656, rho=-0.2751176485801203, accepted=False, new_indices=array([], dtype=int32), old_indices_used=array([ 2,  4,  6,  9, 13, 14, 15, 16, 17]), old_indices_discarded=array([0, 1, 8]), step_length=0.0, relative_step_length=0.0, n_evals_per_point=1, n_evals_acceptance=1), State(trustregion=Region(center=array([4.46659379, 0.2081339 ]), radius=0.050011163595403856, bounds=Bounds(lower=array([1.1 , 0.01]), upper=array([20.  ,  0.99]))), model_indices=array([ 2,  4,  6, 13, 14, 15, 17, 18]), model=ScalarModel(intercept=0.3239706870633461, linear_terms=array([ 0.00776997, -0.01284036]), square_terms=array([[0.00182518, 0.00463827],
       [0.00463827, 0.19846186]]), scale=0.050011163595403856, shift=array([4.46659379, 0.2081339 ])), vector_model=VectorModel(intercepts=array([ 0.04761292,  0.10647529,  0.11076617,  0.13605947,  0.15041419,
        0.16174383,  0.18163123,  0.26530699,  0.14611409,  0.155996  ,
       -0.21576663, -0.28167106, -0.06887964, -0.03535035, -0.02396966,
       -0.02479627, -0.0098962 ]), linear_terms=array([[0., 0.],
       [0., 0.],
       [0., 0.],
       [0., 0.],
       [0., 0.],
       [0., 0.],
       [0., 0.],
       [0., 0.],
       [0., 0.],
       [0., 0.],
       [0., 0.],
       [0., 0.],
       [0., 0.],
       [0., 0.],
       [0., 0.],
       [0., 0.],
       [0., 0.]]), square_terms=array([[[0., 0.],
        [0., 0.]],

       [[0., 0.],
        [0., 0.]],

       [[0., 0.],
        [0., 0.]],

       [[0., 0.],
        [0., 0.]],

       [[0., 0.],
        [0., 0.]],

       [[0., 0.],
        [0., 0.]],

       [[0., 0.],
        [0., 0.]],

       [[0., 0.],
        [0., 0.]],

       [[0., 0.],
        [0., 0.]],

       [[0., 0.],
        [0., 0.]],

       [[0., 0.],
        [0., 0.]],

       [[0., 0.],
        [0., 0.]],

       [[0., 0.],
        [0., 0.]],

       [[0., 0.],
        [0., 0.]],

       [[0., 0.],
        [0., 0.]],

       [[0., 0.],
        [0., 0.]],

       [[0., 0.],
        [0., 0.]]]), scale=0.40008930876323084, shift=array([4.00089309, 0.23634048])), candidate_index=19, candidate_x=array([4.41668105, 0.21239948]), index=19, x=array([4.41668105, 0.21239948]), fval=0.3432106322534924, rho=0.2935271144713292, accepted=True, new_indices=array([], dtype=int32), old_indices_used=array([ 2,  4,  6, 13, 14, 15, 17, 18]), old_indices_discarded=array([], dtype=int32), step_length=0.05009468066524358, relative_step_length=1.0016699685397321, n_evals_per_point=1, n_evals_acceptance=1), State(trustregion=Region(center=array([4.41668105, 0.21239948]), radius=0.10002232719080771, bounds=Bounds(lower=array([1.1 , 0.01]), upper=array([20.  ,  0.99]))), model_indices=array([ 2,  4,  6, 13, 14, 15, 17, 18, 19]), model=ScalarModel(intercept=0.3195690674363264, linear_terms=array([0.01286307, 0.0026824 ]), square_terms=array([[0.0067962 , 0.01827273],
       [0.01827273, 0.79576787]]), scale=0.10002232719080771, shift=array([4.41668105, 0.21239948])), vector_model=VectorModel(intercepts=array([ 0.04761292,  0.10647529,  0.11076617,  0.13605947,  0.15041419,
        0.16174383,  0.18163123,  0.26530699,  0.14611409,  0.155996  ,
       -0.21576663, -0.28167106, -0.06887964, -0.03535035, -0.02396966,
       -0.02479627, -0.0098962 ]), linear_terms=array([[0., 0.],
       [0., 0.],
       [0., 0.],
       [0., 0.],
       [0., 0.],
       [0., 0.],
       [0., 0.],
       [0., 0.],
       [0., 0.],
       [0., 0.],
       [0., 0.],
       [0., 0.],
       [0., 0.],
       [0., 0.],
       [0., 0.],
       [0., 0.],
       [0., 0.]]), square_terms=array([[[0., 0.],
        [0., 0.]],

       [[0., 0.],
        [0., 0.]],

       [[0., 0.],
        [0., 0.]],

       [[0., 0.],
        [0., 0.]],

       [[0., 0.],
        [0., 0.]],

       [[0., 0.],
        [0., 0.]],

       [[0., 0.],
        [0., 0.]],

       [[0., 0.],
        [0., 0.]],

       [[0., 0.],
        [0., 0.]],

       [[0., 0.],
        [0., 0.]],

       [[0., 0.],
        [0., 0.]],

       [[0., 0.],
        [0., 0.]],

       [[0., 0.],
        [0., 0.]],

       [[0., 0.],
        [0., 0.]],

       [[0., 0.],
        [0., 0.]],

       [[0., 0.],
        [0., 0.]],

       [[0., 0.],
        [0., 0.]]]), scale=0.40008930876323084, shift=array([4.00089309, 0.23634048])), candidate_index=20, candidate_x=array([4.31667727, 0.21434296]), index=19, x=array([4.41668105, 0.21239948]), fval=0.3432106322534924, rho=-0.10357030982166353, accepted=False, new_indices=array([], dtype=int32), old_indices_used=array([ 2,  4,  6, 13, 14, 15, 17, 18, 19]), old_indices_discarded=array([ 0,  1,  8,  9, 16]), step_length=0.0, relative_step_length=0.0, n_evals_per_point=1, n_evals_acceptance=1), State(trustregion=Region(center=array([4.41668105, 0.21239948]), radius=0.050011163595403856, bounds=Bounds(lower=array([1.1 , 0.01]), upper=array([20.  ,  0.99]))), model_indices=array([ 2,  4,  6, 13, 15, 17, 18, 19, 20]), model=ScalarModel(intercept=0.3257693187535529, linear_terms=array([0.00695551, 0.00499491]), square_terms=array([[0.00164271, 0.00469743],
       [0.00469743, 0.19979713]]), scale=0.050011163595403856, shift=array([4.41668105, 0.21239948])), vector_model=VectorModel(intercepts=array([ 0.04761292,  0.10647529,  0.11076617,  0.13605947,  0.15041419,
        0.16174383,  0.18163123,  0.26530699,  0.14611409,  0.155996  ,
       -0.21576663, -0.28167106, -0.06887964, -0.03535035, -0.02396966,
       -0.02479627, -0.0098962 ]), linear_terms=array([[0., 0.],
       [0., 0.],
       [0., 0.],
       [0., 0.],
       [0., 0.],
       [0., 0.],
       [0., 0.],
       [0., 0.],
       [0., 0.],
       [0., 0.],
       [0., 0.],
       [0., 0.],
       [0., 0.],
       [0., 0.],
       [0., 0.],
       [0., 0.],
       [0., 0.]]), square_terms=array([[[0., 0.],
        [0., 0.]],

       [[0., 0.],
        [0., 0.]],

       [[0., 0.],
        [0., 0.]],

       [[0., 0.],
        [0., 0.]],

       [[0., 0.],
        [0., 0.]],

       [[0., 0.],
        [0., 0.]],

       [[0., 0.],
        [0., 0.]],

       [[0., 0.],
        [0., 0.]],

       [[0., 0.],
        [0., 0.]],

       [[0., 0.],
        [0., 0.]],

       [[0., 0.],
        [0., 0.]],

       [[0., 0.],
        [0., 0.]],

       [[0., 0.],
        [0., 0.]],

       [[0., 0.],
        [0., 0.]],

       [[0., 0.],
        [0., 0.]],

       [[0., 0.],
        [0., 0.]],

       [[0., 0.],
        [0., 0.]]]), scale=0.40008930876323084, shift=array([4.00089309, 0.23634048])), candidate_index=21, candidate_x=array([4.36665627, 0.21232726]), index=19, x=array([4.41668105, 0.21239948]), fval=0.3432106322534924, rho=-0.11179935705687871, accepted=False, new_indices=array([], dtype=int32), old_indices_used=array([ 2,  4,  6, 13, 15, 17, 18, 19, 20]), old_indices_discarded=array([14]), step_length=0.0, relative_step_length=0.0, n_evals_per_point=1, n_evals_acceptance=1), State(trustregion=Region(center=array([4.41668105, 0.21239948]), radius=0.025005581797701928, bounds=Bounds(lower=array([1.1 , 0.01]), upper=array([20.  ,  0.99]))), model_indices=array([13, 17, 18, 19, 20, 21]), model=ScalarModel(intercept=0.3433349527861042, linear_terms=array([-0.00023384, -0.01036157]), square_terms=array([[6.44429090e-05, 2.36780193e-05],
       [2.36780193e-05, 4.29114254e-02]]), scale=0.025005581797701928, shift=array([4.41668105, 0.21239948])), vector_model=VectorModel(intercepts=array([ 0.04761292,  0.10647529,  0.11076617,  0.13605947,  0.15041419,
        0.16174383,  0.18163123,  0.26530699,  0.14611409,  0.155996  ,
       -0.21576663, -0.28167106, -0.06887964, -0.03535035, -0.02396966,
       -0.02479627, -0.0098962 ]), linear_terms=array([[0., 0.],
       [0., 0.],
       [0., 0.],
       [0., 0.],
       [0., 0.],
       [0., 0.],
       [0., 0.],
       [0., 0.],
       [0., 0.],
       [0., 0.],
       [0., 0.],
       [0., 0.],
       [0., 0.],
       [0., 0.],
       [0., 0.],
       [0., 0.],
       [0., 0.]]), square_terms=array([[[0., 0.],
        [0., 0.]],

       [[0., 0.],
        [0., 0.]],

       [[0., 0.],
        [0., 0.]],

       [[0., 0.],
        [0., 0.]],

       [[0., 0.],
        [0., 0.]],

       [[0., 0.],
        [0., 0.]],

       [[0., 0.],
        [0., 0.]],

       [[0., 0.],
        [0., 0.]],

       [[0., 0.],
        [0., 0.]],

       [[0., 0.],
        [0., 0.]],

       [[0., 0.],
        [0., 0.]],

       [[0., 0.],
        [0., 0.]],

       [[0., 0.],
        [0., 0.]],

       [[0., 0.],
        [0., 0.]],

       [[0., 0.],
        [0., 0.]],

       [[0., 0.],
        [0., 0.]],

       [[0., 0.],
        [0., 0.]]]), scale=0.40008930876323084, shift=array([4.00089309, 0.23634048])), candidate_index=22, candidate_x=array([4.44154907, 0.21840064]), index=22, x=array([4.44154907, 0.21840064]), fval=0.3414056724412747, rho=1.2482722035652645, accepted=True, new_indices=array([], dtype=int32), old_indices_used=array([13, 17, 18, 19, 20, 21]), old_indices_discarded=array([], dtype=int32), step_length=0.02558186791175482, relative_step_length=1.0230462989709703, n_evals_per_point=1, n_evals_acceptance=1), State(trustregion=Region(center=array([4.44154907, 0.21840064]), radius=0.050011163595403856, bounds=Bounds(lower=array([1.1 , 0.01]), upper=array([20.  ,  0.99]))), model_indices=array([ 4, 13, 15, 17, 18, 19, 20, 21, 22]), model=ScalarModel(intercept=0.33978839413432405, linear_terms=array([-0.00043449, -0.01168337]), square_terms=array([[ 0.00022787, -0.00030431],
       [-0.00030431,  0.18448801]]), scale=0.050011163595403856, shift=array([4.44154907, 0.21840064])), vector_model=VectorModel(intercepts=array([ 0.04761292,  0.10647529,  0.11076617,  0.13605947,  0.15041419,
        0.16174383,  0.18163123,  0.26530699,  0.14611409,  0.155996  ,
       -0.21576663, -0.28167106, -0.06887964, -0.03535035, -0.02396966,
       -0.02479627, -0.0098962 ]), linear_terms=array([[0., 0.],
       [0., 0.],
       [0., 0.],
       [0., 0.],
       [0., 0.],
       [0., 0.],
       [0., 0.],
       [0., 0.],
       [0., 0.],
       [0., 0.],
       [0., 0.],
       [0., 0.],
       [0., 0.],
       [0., 0.],
       [0., 0.],
       [0., 0.],
       [0., 0.]]), square_terms=array([[[0., 0.],
        [0., 0.]],

       [[0., 0.],
        [0., 0.]],

       [[0., 0.],
        [0., 0.]],

       [[0., 0.],
        [0., 0.]],

       [[0., 0.],
        [0., 0.]],

       [[0., 0.],
        [0., 0.]],

       [[0., 0.],
        [0., 0.]],

       [[0., 0.],
        [0., 0.]],

       [[0., 0.],
        [0., 0.]],

       [[0., 0.],
        [0., 0.]],

       [[0., 0.],
        [0., 0.]],

       [[0., 0.],
        [0., 0.]],

       [[0., 0.],
        [0., 0.]],

       [[0., 0.],
        [0., 0.]],

       [[0., 0.],
        [0., 0.]],

       [[0., 0.],
        [0., 0.]],

       [[0., 0.],
        [0., 0.]]]), scale=0.40008930876323084, shift=array([4.00089309, 0.23634048])), candidate_index=23, candidate_x=array([4.49150471, 0.22164619]), index=23, x=array([4.49150471, 0.22164619]), fval=0.34117089524463706, rho=0.3307779447107843, accepted=True, new_indices=array([], dtype=int32), old_indices_used=array([ 4, 13, 15, 17, 18, 19, 20, 21, 22]), old_indices_discarded=array([ 2,  6, 14]), step_length=0.05006095932188951, relative_step_length=1.0009956922196113, n_evals_per_point=1, n_evals_acceptance=1), State(trustregion=Region(center=array([4.49150471, 0.22164619]), radius=0.10002232719080771, bounds=Bounds(lower=array([1.1 , 0.01]), upper=array([20.  ,  0.99]))), model_indices=array([13, 14, 15, 17, 18, 19, 21, 22, 23]), model=ScalarModel(intercept=0.3414874685582379, linear_terms=array([0.00029419, 0.0138624 ]), square_terms=array([[0.00092097, 0.00120135],
       [0.00120135, 0.65728017]]), scale=0.10002232719080771, shift=array([4.49150471, 0.22164619])), vector_model=VectorModel(intercepts=array([ 0.04761292,  0.10647529,  0.11076617,  0.13605947,  0.15041419,
        0.16174383,  0.18163123,  0.26530699,  0.14611409,  0.155996  ,
       -0.21576663, -0.28167106, -0.06887964, -0.03535035, -0.02396966,
       -0.02479627, -0.0098962 ]), linear_terms=array([[0., 0.],
       [0., 0.],
       [0., 0.],
       [0., 0.],
       [0., 0.],
       [0., 0.],
       [0., 0.],
       [0., 0.],
       [0., 0.],
       [0., 0.],
       [0., 0.],
       [0., 0.],
       [0., 0.],
       [0., 0.],
       [0., 0.],
       [0., 0.],
       [0., 0.]]), square_terms=array([[[0., 0.],
        [0., 0.]],

       [[0., 0.],
        [0., 0.]],

       [[0., 0.],
        [0., 0.]],

       [[0., 0.],
        [0., 0.]],

       [[0., 0.],
        [0., 0.]],

       [[0., 0.],
        [0., 0.]],

       [[0., 0.],
        [0., 0.]],

       [[0., 0.],
        [0., 0.]],

       [[0., 0.],
        [0., 0.]],

       [[0., 0.],
        [0., 0.]],

       [[0., 0.],
        [0., 0.]],

       [[0., 0.],
        [0., 0.]],

       [[0., 0.],
        [0., 0.]],

       [[0., 0.],
        [0., 0.]],

       [[0., 0.],
        [0., 0.]],

       [[0., 0.],
        [0., 0.]],

       [[0., 0.],
        [0., 0.]]]), scale=0.40008930876323084, shift=array([4.00089309, 0.23634048])), candidate_index=24, candidate_x=array([4.46223631, 0.21959016]), index=23, x=array([4.49150471, 0.22164619]), fval=0.34117089524463706, rho=-0.05569829494595131, accepted=False, new_indices=array([], dtype=int32), old_indices_used=array([13, 14, 15, 17, 18, 19, 21, 22, 23]), old_indices_discarded=array([ 0,  2,  4,  6,  8,  9, 16, 20]), step_length=0.0, relative_step_length=0.0, n_evals_per_point=1, n_evals_acceptance=1), State(trustregion=Region(center=array([4.49150471, 0.22164619]), radius=0.050011163595403856, bounds=Bounds(lower=array([1.1 , 0.01]), upper=array([20.  ,  0.99]))), model_indices=array([13, 15, 17, 18, 19, 21, 22, 23, 24]), model=ScalarModel(intercept=0.34140171096951355, linear_terms=array([8.88036931e-05, 6.92447217e-03]), square_terms=array([[0.00023565, 0.00026669],
       [0.00026669, 0.16414928]]), scale=0.050011163595403856, shift=array([4.49150471, 0.22164619])), vector_model=VectorModel(intercepts=array([ 0.04761292,  0.10647529,  0.11076617,  0.13605947,  0.15041419,
        0.16174383,  0.18163123,  0.26530699,  0.14611409,  0.155996  ,
       -0.21576663, -0.28167106, -0.06887964, -0.03535035, -0.02396966,
       -0.02479627, -0.0098962 ]), linear_terms=array([[0., 0.],
       [0., 0.],
       [0., 0.],
       [0., 0.],
       [0., 0.],
       [0., 0.],
       [0., 0.],
       [0., 0.],
       [0., 0.],
       [0., 0.],
       [0., 0.],
       [0., 0.],
       [0., 0.],
       [0., 0.],
       [0., 0.],
       [0., 0.],
       [0., 0.]]), square_terms=array([[[0., 0.],
        [0., 0.]],

       [[0., 0.],
        [0., 0.]],

       [[0., 0.],
        [0., 0.]],

       [[0., 0.],
        [0., 0.]],

       [[0., 0.],
        [0., 0.]],

       [[0., 0.],
        [0., 0.]],

       [[0., 0.],
        [0., 0.]],

       [[0., 0.],
        [0., 0.]],

       [[0., 0.],
        [0., 0.]],

       [[0., 0.],
        [0., 0.]],

       [[0., 0.],
        [0., 0.]],

       [[0., 0.],
        [0., 0.]],

       [[0., 0.],
        [0., 0.]],

       [[0., 0.],
        [0., 0.]],

       [[0., 0.],
        [0., 0.]],

       [[0., 0.],
        [0., 0.]],

       [[0., 0.],
        [0., 0.]]]), scale=0.40008930876323084, shift=array([4.00089309, 0.23634048])), candidate_index=25, candidate_x=array([4.47501525, 0.21956331]), index=25, x=array([4.47501525, 0.21956331]), fval=0.3410640123563695, rho=0.672912235836184, accepted=True, new_indices=array([], dtype=int32), old_indices_used=array([13, 15, 17, 18, 19, 21, 22, 23, 24]), old_indices_discarded=array([ 4, 14, 16, 20]), step_length=0.016620484297205713, relative_step_length=0.33233548476630875, n_evals_per_point=1, n_evals_acceptance=1), State(trustregion=Region(center=array([4.47501525, 0.21956331]), radius=0.050011163595403856, bounds=Bounds(lower=array([1.1 , 0.01]), upper=array([20.  ,  0.99]))), model_indices=array([15, 17, 18, 19, 21, 22, 23, 24, 25]), model=ScalarModel(intercept=0.34115359588537575, linear_terms=array([-5.13444262e-05, -7.94028224e-04]), square_terms=array([[0.00023221, 0.00019602],
       [0.00019602, 0.16276198]]), scale=0.050011163595403856, shift=array([4.47501525, 0.21956331])), vector_model=VectorModel(intercepts=array([ 0.04761292,  0.10647529,  0.11076617,  0.13605947,  0.15041419,
        0.16174383,  0.18163123,  0.26530699,  0.14611409,  0.155996  ,
       -0.21576663, -0.28167106, -0.06887964, -0.03535035, -0.02396966,
       -0.02479627, -0.0098962 ]), linear_terms=array([[0., 0.],
       [0., 0.],
       [0., 0.],
       [0., 0.],
       [0., 0.],
       [0., 0.],
       [0., 0.],
       [0., 0.],
       [0., 0.],
       [0., 0.],
       [0., 0.],
       [0., 0.],
       [0., 0.],
       [0., 0.],
       [0., 0.],
       [0., 0.],
       [0., 0.]]), square_terms=array([[[0., 0.],
        [0., 0.]],

       [[0., 0.],
        [0., 0.]],

       [[0., 0.],
        [0., 0.]],

       [[0., 0.],
        [0., 0.]],

       [[0., 0.],
        [0., 0.]],

       [[0., 0.],
        [0., 0.]],

       [[0., 0.],
        [0., 0.]],

       [[0., 0.],
        [0., 0.]],

       [[0., 0.],
        [0., 0.]],

       [[0., 0.],
        [0., 0.]],

       [[0., 0.],
        [0., 0.]],

       [[0., 0.],
        [0., 0.]],

       [[0., 0.],
        [0., 0.]],

       [[0., 0.],
        [0., 0.]],

       [[0., 0.],
        [0., 0.]],

       [[0., 0.],
        [0., 0.]],

       [[0., 0.],
        [0., 0.]]]), scale=0.40008930876323084, shift=array([4.00089309, 0.23634048])), candidate_index=26, candidate_x=array([4.4858784, 0.2197942]), index=25, x=array([4.47501525, 0.21956331]), fval=0.3410640123563695, rho=-12.419557529018066, accepted=False, new_indices=array([], dtype=int32), old_indices_used=array([15, 17, 18, 19, 21, 22, 23, 24, 25]), old_indices_discarded=array([ 2,  4,  6, 13, 14, 16, 20]), step_length=0.0, relative_step_length=0.0, n_evals_per_point=1, n_evals_acceptance=1), State(trustregion=Region(center=array([4.47501525, 0.21956331]), radius=0.025005581797701928, bounds=Bounds(lower=array([1.1 , 0.01]), upper=array([20.  ,  0.99]))), model_indices=array([17, 18, 19, 21, 22, 23, 24, 25, 26]), model=ScalarModel(intercept=0.3411290017849853, linear_terms=array([-0.00011328,  0.00015348]), square_terms=array([[ 6.07027548e-05, -1.26672571e-05],
       [-1.26672571e-05,  4.13067635e-02]]), scale=0.025005581797701928, shift=array([4.47501525, 0.21956331])), vector_model=VectorModel(intercepts=array([ 0.04761292,  0.10647529,  0.11076617,  0.13605947,  0.15041419,
        0.16174383,  0.18163123,  0.26530699,  0.14611409,  0.155996  ,
       -0.21576663, -0.28167106, -0.06887964, -0.03535035, -0.02396966,
       -0.02479627, -0.0098962 ]), linear_terms=array([[0., 0.],
       [0., 0.],
       [0., 0.],
       [0., 0.],
       [0., 0.],
       [0., 0.],
       [0., 0.],
       [0., 0.],
       [0., 0.],
       [0., 0.],
       [0., 0.],
       [0., 0.],
       [0., 0.],
       [0., 0.],
       [0., 0.],
       [0., 0.],
       [0., 0.]]), square_terms=array([[[0., 0.],
        [0., 0.]],

       [[0., 0.],
        [0., 0.]],

       [[0., 0.],
        [0., 0.]],

       [[0., 0.],
        [0., 0.]],

       [[0., 0.],
        [0., 0.]],

       [[0., 0.],
        [0., 0.]],

       [[0., 0.],
        [0., 0.]],

       [[0., 0.],
        [0., 0.]],

       [[0., 0.],
        [0., 0.]],

       [[0., 0.],
        [0., 0.]],

       [[0., 0.],
        [0., 0.]],

       [[0., 0.],
        [0., 0.]],

       [[0., 0.],
        [0., 0.]],

       [[0., 0.],
        [0., 0.]],

       [[0., 0.],
        [0., 0.]],

       [[0., 0.],
        [0., 0.]],

       [[0., 0.],
        [0., 0.]]]), scale=0.40008930876323084, shift=array([4.00089309, 0.23634048])), candidate_index=27, candidate_x=array([4.50002077, 0.21947817]), index=25, x=array([4.47501525, 0.21956331]), fval=0.3410640123563695, rho=-0.9089697333226663, accepted=False, new_indices=array([], dtype=int32), old_indices_used=array([17, 18, 19, 21, 22, 23, 24, 25, 26]), old_indices_discarded=array([13, 15]), step_length=0.0, relative_step_length=0.0, n_evals_per_point=1, n_evals_acceptance=1), State(trustregion=Region(center=array([4.47501525, 0.21956331]), radius=0.012502790898850964, bounds=Bounds(lower=array([1.1 , 0.01]), upper=array([20.  ,  0.99]))), model_indices=array([17, 19, 22, 23, 24, 25, 26, 27]), model=ScalarModel(intercept=0.3411395332968542, linear_terms=array([-4.85514089e-05, -5.28329902e-06]), square_terms=array([[ 1.45984894e-05, -4.97047971e-06],
       [-4.97047971e-06,  1.02656932e-02]]), scale=0.012502790898850964, shift=array([4.47501525, 0.21956331])), vector_model=VectorModel(intercepts=array([ 0.04761292,  0.10647529,  0.11076617,  0.13605947,  0.15041419,
        0.16174383,  0.18163123,  0.26530699,  0.14611409,  0.155996  ,
       -0.21576663, -0.28167106, -0.06887964, -0.03535035, -0.02396966,
       -0.02479627, -0.0098962 ]), linear_terms=array([[0., 0.],
       [0., 0.],
       [0., 0.],
       [0., 0.],
       [0., 0.],
       [0., 0.],
       [0., 0.],
       [0., 0.],
       [0., 0.],
       [0., 0.],
       [0., 0.],
       [0., 0.],
       [0., 0.],
       [0., 0.],
       [0., 0.],
       [0., 0.],
       [0., 0.]]), square_terms=array([[[0., 0.],
        [0., 0.]],

       [[0., 0.],
        [0., 0.]],

       [[0., 0.],
        [0., 0.]],

       [[0., 0.],
        [0., 0.]],

       [[0., 0.],
        [0., 0.]],

       [[0., 0.],
        [0., 0.]],

       [[0., 0.],
        [0., 0.]],

       [[0., 0.],
        [0., 0.]],

       [[0., 0.],
        [0., 0.]],

       [[0., 0.],
        [0., 0.]],

       [[0., 0.],
        [0., 0.]],

       [[0., 0.],
        [0., 0.]],

       [[0., 0.],
        [0., 0.]],

       [[0., 0.],
        [0., 0.]],

       [[0., 0.],
        [0., 0.]],

       [[0., 0.],
        [0., 0.]],

       [[0., 0.],
        [0., 0.]]]), scale=0.40008930876323084, shift=array([4.00089309, 0.23634048])), candidate_index=28, candidate_x=array([4.48751804, 0.21957575]), index=25, x=array([4.47501525, 0.21956331]), fval=0.3410640123563695, rho=-2.0275286542950366, accepted=False, new_indices=array([], dtype=int32), old_indices_used=array([17, 19, 22, 23, 24, 25, 26, 27]), old_indices_discarded=array([], dtype=int32), step_length=0.0, relative_step_length=0.0, n_evals_per_point=1, n_evals_acceptance=1), State(trustregion=Region(center=array([4.47501525, 0.21956331]), radius=0.006251395449425482, bounds=Bounds(lower=array([1.1 , 0.01]), upper=array([20.  ,  0.99]))), model_indices=array([17, 23, 24, 25, 26, 27, 28]), model=ScalarModel(intercept=0.34112044448244705, linear_terms=array([-8.70195882e-06, -2.33629356e-05]), square_terms=array([[ 3.57864730e-06, -1.13713061e-06],
       [-1.13713061e-06,  2.56283979e-03]]), scale=0.006251395449425482, shift=array([4.47501525, 0.21956331])), vector_model=VectorModel(intercepts=array([ 0.04761292,  0.10647529,  0.11076617,  0.13605947,  0.15041419,
        0.16174383,  0.18163123,  0.26530699,  0.14611409,  0.155996  ,
       -0.21576663, -0.28167106, -0.06887964, -0.03535035, -0.02396966,
       -0.02479627, -0.0098962 ]), linear_terms=array([[0., 0.],
       [0., 0.],
       [0., 0.],
       [0., 0.],
       [0., 0.],
       [0., 0.],
       [0., 0.],
       [0., 0.],
       [0., 0.],
       [0., 0.],
       [0., 0.],
       [0., 0.],
       [0., 0.],
       [0., 0.],
       [0., 0.],
       [0., 0.],
       [0., 0.]]), square_terms=array([[[0., 0.],
        [0., 0.]],

       [[0., 0.],
        [0., 0.]],

       [[0., 0.],
        [0., 0.]],

       [[0., 0.],
        [0., 0.]],

       [[0., 0.],
        [0., 0.]],

       [[0., 0.],
        [0., 0.]],

       [[0., 0.],
        [0., 0.]],

       [[0., 0.],
        [0., 0.]],

       [[0., 0.],
        [0., 0.]],

       [[0., 0.],
        [0., 0.]],

       [[0., 0.],
        [0., 0.]],

       [[0., 0.],
        [0., 0.]],

       [[0., 0.],
        [0., 0.]],

       [[0., 0.],
        [0., 0.]],

       [[0., 0.],
        [0., 0.]],

       [[0., 0.],
        [0., 0.]],

       [[0., 0.],
        [0., 0.]]]), scale=0.40008930876323084, shift=array([4.00089309, 0.23634048])), candidate_index=29, candidate_x=array([4.48126653, 0.21962295]), index=25, x=array([4.47501525, 0.21956331]), fval=0.3410640123563695, rho=-4.451931407080859, accepted=False, new_indices=array([], dtype=int32), old_indices_used=array([17, 23, 24, 25, 26, 27, 28]), old_indices_discarded=array([], dtype=int32), step_length=0.0, relative_step_length=0.0, n_evals_per_point=1, n_evals_acceptance=1), State(trustregion=Region(center=array([4.47501525, 0.21956331]), radius=0.003125697724712741, bounds=Bounds(lower=array([1.1 , 0.01]), upper=array([20.  ,  0.99]))), model_indices=array([17, 24, 25, 26, 28, 29]), model=ScalarModel(intercept=0.34112719389687707, linear_terms=array([-2.63393227e-06, -7.61056064e-06]), square_terms=array([[ 9.03842829e-07, -2.74259354e-07],
       [-2.74259354e-07,  6.40526595e-04]]), scale=0.003125697724712741, shift=array([4.47501525, 0.21956331])), vector_model=VectorModel(intercepts=array([ 0.04761292,  0.10647529,  0.11076617,  0.13605947,  0.15041419,
        0.16174383,  0.18163123,  0.26530699,  0.14611409,  0.155996  ,
       -0.21576663, -0.28167106, -0.06887964, -0.03535035, -0.02396966,
       -0.02479627, -0.0098962 ]), linear_terms=array([[0., 0.],
       [0., 0.],
       [0., 0.],
       [0., 0.],
       [0., 0.],
       [0., 0.],
       [0., 0.],
       [0., 0.],
       [0., 0.],
       [0., 0.],
       [0., 0.],
       [0., 0.],
       [0., 0.],
       [0., 0.],
       [0., 0.],
       [0., 0.],
       [0., 0.]]), square_terms=array([[[0., 0.],
        [0., 0.]],

       [[0., 0.],
        [0., 0.]],

       [[0., 0.],
        [0., 0.]],

       [[0., 0.],
        [0., 0.]],

       [[0., 0.],
        [0., 0.]],

       [[0., 0.],
        [0., 0.]],

       [[0., 0.],
        [0., 0.]],

       [[0., 0.],
        [0., 0.]],

       [[0., 0.],
        [0., 0.]],

       [[0., 0.],
        [0., 0.]],

       [[0., 0.],
        [0., 0.]],

       [[0., 0.],
        [0., 0.]],

       [[0., 0.],
        [0., 0.]],

       [[0., 0.],
        [0., 0.]],

       [[0., 0.],
        [0., 0.]],

       [[0., 0.],
        [0., 0.]],

       [[0., 0.],
        [0., 0.]]]), scale=0.40008930876323084, shift=array([4.00089309, 0.23634048])), candidate_index=30, candidate_x=array([4.47814087, 0.21960168]), index=30, x=array([4.47814087, 0.21960168]), fval=0.3410522446257194, rho=5.275828718394564, accepted=True, new_indices=array([], dtype=int32), old_indices_used=array([17, 24, 25, 26, 28, 29]), old_indices_discarded=array([], dtype=int32), step_length=0.0031258571973757253, relative_step_length=1.0000510198608532, n_evals_per_point=1, n_evals_acceptance=1), State(trustregion=Region(center=array([4.47814087, 0.21960168]), radius=0.006251395449425482, bounds=Bounds(lower=array([1.1 , 0.01]), upper=array([20.  ,  0.99]))), model_indices=array([17, 23, 24, 25, 26, 27, 28, 29, 30]), model=ScalarModel(intercept=0.34110509678647105, linear_terms=array([-4.75861352e-06, -1.46702989e-05]), square_terms=array([[ 3.57316415e-06, -1.30837257e-06],
       [-1.30837257e-06,  2.56410786e-03]]), scale=0.006251395449425482, shift=array([4.47814087, 0.21960168])), vector_model=VectorModel(intercepts=array([ 0.04761292,  0.10647529,  0.11076617,  0.13605947,  0.15041419,
        0.16174383,  0.18163123,  0.26530699,  0.14611409,  0.155996  ,
       -0.21576663, -0.28167106, -0.06887964, -0.03535035, -0.02396966,
       -0.02479627, -0.0098962 ]), linear_terms=array([[0., 0.],
       [0., 0.],
       [0., 0.],
       [0., 0.],
       [0., 0.],
       [0., 0.],
       [0., 0.],
       [0., 0.],
       [0., 0.],
       [0., 0.],
       [0., 0.],
       [0., 0.],
       [0., 0.],
       [0., 0.],
       [0., 0.],
       [0., 0.],
       [0., 0.]]), square_terms=array([[[0., 0.],
        [0., 0.]],

       [[0., 0.],
        [0., 0.]],

       [[0., 0.],
        [0., 0.]],

       [[0., 0.],
        [0., 0.]],

       [[0., 0.],
        [0., 0.]],

       [[0., 0.],
        [0., 0.]],

       [[0., 0.],
        [0., 0.]],

       [[0., 0.],
        [0., 0.]],

       [[0., 0.],
        [0., 0.]],

       [[0., 0.],
        [0., 0.]],

       [[0., 0.],
        [0., 0.]],

       [[0., 0.],
        [0., 0.]],

       [[0., 0.],
        [0., 0.]],

       [[0., 0.],
        [0., 0.]],

       [[0., 0.],
        [0., 0.]],

       [[0., 0.],
        [0., 0.]],

       [[0., 0.],
        [0., 0.]]]), scale=0.40008930876323084, shift=array([4.00089309, 0.23634048])), candidate_index=31, candidate_x=array([4.48439216, 0.21964062]), index=30, x=array([4.47814087, 0.21960168]), fval=0.3410522446257194, rho=-18.052207002649816, accepted=False, new_indices=array([], dtype=int32), old_indices_used=array([17, 23, 24, 25, 26, 27, 28, 29, 30]), old_indices_discarded=array([], dtype=int32), step_length=0.0, relative_step_length=0.0, n_evals_per_point=1, n_evals_acceptance=1), State(trustregion=Region(center=array([4.47814087, 0.21960168]), radius=0.003125697724712741, bounds=Bounds(lower=array([1.1 , 0.01]), upper=array([20.  ,  0.99]))), model_indices=array([23, 25, 26, 28, 29, 30, 31]), model=ScalarModel(intercept=0.34107196036889287, linear_terms=array([ 2.55403688e-05, -2.31199231e-04]), square_terms=array([[ 9.24834344e-07, -1.67978667e-06],
       [-1.67978667e-06,  6.52774080e-04]]), scale=0.003125697724712741, shift=array([4.47814087, 0.21960168])), vector_model=VectorModel(intercepts=array([ 0.04761292,  0.10647529,  0.11076617,  0.13605947,  0.15041419,
        0.16174383,  0.18163123,  0.26530699,  0.14611409,  0.155996  ,
       -0.21576663, -0.28167106, -0.06887964, -0.03535035, -0.02396966,
       -0.02479627, -0.0098962 ]), linear_terms=array([[0., 0.],
       [0., 0.],
       [0., 0.],
       [0., 0.],
       [0., 0.],
       [0., 0.],
       [0., 0.],
       [0., 0.],
       [0., 0.],
       [0., 0.],
       [0., 0.],
       [0., 0.],
       [0., 0.],
       [0., 0.],
       [0., 0.],
       [0., 0.],
       [0., 0.]]), square_terms=array([[[0., 0.],
        [0., 0.]],

       [[0., 0.],
        [0., 0.]],

       [[0., 0.],
        [0., 0.]],

       [[0., 0.],
        [0., 0.]],

       [[0., 0.],
        [0., 0.]],

       [[0., 0.],
        [0., 0.]],

       [[0., 0.],
        [0., 0.]],

       [[0., 0.],
        [0., 0.]],

       [[0., 0.],
        [0., 0.]],

       [[0., 0.],
        [0., 0.]],

       [[0., 0.],
        [0., 0.]],

       [[0., 0.],
        [0., 0.]],

       [[0., 0.],
        [0., 0.]],

       [[0., 0.],
        [0., 0.]],

       [[0., 0.],
        [0., 0.]],

       [[0., 0.],
        [0., 0.]],

       [[0., 0.],
        [0., 0.]]]), scale=0.40008930876323084, shift=array([4.00089309, 0.23634048])), candidate_index=32, candidate_x=array([4.47501322, 0.22066167]), index=30, x=array([4.47814087, 0.21960168]), fval=0.3410522446257194, rho=-1.4109827737353449, accepted=False, new_indices=array([], dtype=int32), old_indices_used=array([23, 25, 26, 28, 29, 30, 31]), old_indices_discarded=array([], dtype=int32), step_length=0.0, relative_step_length=0.0, n_evals_per_point=1, n_evals_acceptance=1), State(trustregion=Region(center=array([4.47814087, 0.21960168]), radius=0.0015628488623563705, bounds=Bounds(lower=array([1.1 , 0.01]), upper=array([20.  ,  0.99]))), model_indices=array([25, 26, 29, 30, 31, 32]), model=ScalarModel(intercept=0.34107104483544254, linear_terms=array([1.10094367e-05, 8.87847758e-05]), square_terms=array([[ 2.30304128e-07, -3.50736232e-07],
       [-3.50736232e-07,  1.57236453e-04]]), scale=0.0015628488623563705, shift=array([4.47814087, 0.21960168])), vector_model=VectorModel(intercepts=array([ 0.04761292,  0.10647529,  0.11076617,  0.13605947,  0.15041419,
        0.16174383,  0.18163123,  0.26530699,  0.14611409,  0.155996  ,
       -0.21576663, -0.28167106, -0.06887964, -0.03535035, -0.02396966,
       -0.02479627, -0.0098962 ]), linear_terms=array([[0., 0.],
       [0., 0.],
       [0., 0.],
       [0., 0.],
       [0., 0.],
       [0., 0.],
       [0., 0.],
       [0., 0.],
       [0., 0.],
       [0., 0.],
       [0., 0.],
       [0., 0.],
       [0., 0.],
       [0., 0.],
       [0., 0.],
       [0., 0.],
       [0., 0.]]), square_terms=array([[[0., 0.],
        [0., 0.]],

       [[0., 0.],
        [0., 0.]],

       [[0., 0.],
        [0., 0.]],

       [[0., 0.],
        [0., 0.]],

       [[0., 0.],
        [0., 0.]],

       [[0., 0.],
        [0., 0.]],

       [[0., 0.],
        [0., 0.]],

       [[0., 0.],
        [0., 0.]],

       [[0., 0.],
        [0., 0.]],

       [[0., 0.],
        [0., 0.]],

       [[0., 0.],
        [0., 0.]],

       [[0., 0.],
        [0., 0.]],

       [[0., 0.],
        [0., 0.]],

       [[0., 0.],
        [0., 0.]],

       [[0., 0.],
        [0., 0.]],

       [[0., 0.],
        [0., 0.]],

       [[0., 0.],
        [0., 0.]]]), scale=0.40008930876323084, shift=array([4.00089309, 0.23634048])), candidate_index=33, candidate_x=array([4.47680008, 0.21878295]), index=33, x=array([4.47680008, 0.21878295]), fval=0.3410295064561415, rho=0.6599619230020051, accepted=True, new_indices=array([], dtype=int32), old_indices_used=array([25, 26, 29, 30, 31, 32]), old_indices_discarded=array([], dtype=int32), step_length=0.001571000589752735, relative_step_length=1.0052159409605825, n_evals_per_point=1, n_evals_acceptance=1), State(trustregion=Region(center=array([4.47680008, 0.21878295]), radius=0.003125697724712741, bounds=Bounds(lower=array([1.1 , 0.01]), upper=array([20.  ,  0.99]))), model_indices=array([24, 25, 26, 28, 29, 30, 31, 32, 33]), model=ScalarModel(intercept=0.34107726290386137, linear_terms=array([-4.21157498e-07, -7.55293466e-06]), square_terms=array([[ 9.07561186e-07, -7.59035349e-07],
       [-7.59035349e-07,  6.41243451e-04]]), scale=0.003125697724712741, shift=array([4.47680008, 0.21878295])), vector_model=VectorModel(intercepts=array([ 0.04761292,  0.10647529,  0.11076617,  0.13605947,  0.15041419,
        0.16174383,  0.18163123,  0.26530699,  0.14611409,  0.155996  ,
       -0.21576663, -0.28167106, -0.06887964, -0.03535035, -0.02396966,
       -0.02479627, -0.0098962 ]), linear_terms=array([[0., 0.],
       [0., 0.],
       [0., 0.],
       [0., 0.],
       [0., 0.],
       [0., 0.],
       [0., 0.],
       [0., 0.],
       [0., 0.],
       [0., 0.],
       [0., 0.],
       [0., 0.],
       [0., 0.],
       [0., 0.],
       [0., 0.],
       [0., 0.],
       [0., 0.]]), square_terms=array([[[0., 0.],
        [0., 0.]],

       [[0., 0.],
        [0., 0.]],

       [[0., 0.],
        [0., 0.]],

       [[0., 0.],
        [0., 0.]],

       [[0., 0.],
        [0., 0.]],

       [[0., 0.],
        [0., 0.]],

       [[0., 0.],
        [0., 0.]],

       [[0., 0.],
        [0., 0.]],

       [[0., 0.],
        [0., 0.]],

       [[0., 0.],
        [0., 0.]],

       [[0., 0.],
        [0., 0.]],

       [[0., 0.],
        [0., 0.]],

       [[0., 0.],
        [0., 0.]],

       [[0., 0.],
        [0., 0.]],

       [[0., 0.],
        [0., 0.]],

       [[0., 0.],
        [0., 0.]],

       [[0., 0.],
        [0., 0.]]]), scale=0.40008930876323084, shift=array([4.00089309, 0.23634048])), candidate_index=34, candidate_x=array([4.47828283, 0.21882152]), index=33, x=array([4.47680008, 0.21878295]), fval=0.3410295064561415, rho=-125.91594102948939, accepted=False, new_indices=array([], dtype=int32), old_indices_used=array([24, 25, 26, 28, 29, 30, 31, 32, 33]), old_indices_discarded=array([17, 23]), step_length=0.0, relative_step_length=0.0, n_evals_per_point=1, n_evals_acceptance=1), State(trustregion=Region(center=array([4.47680008, 0.21878295]), radius=0.0015628488623563705, bounds=Bounds(lower=array([1.1 , 0.01]), upper=array([20.  ,  0.99]))), model_indices=array([25, 29, 30, 31, 32, 33, 34]), model=ScalarModel(intercept=0.3410365791721781, linear_terms=array([8.58909423e-06, 3.81684034e-06]), square_terms=array([[ 2.29131227e-07, -2.46930032e-07],
       [-2.46930032e-07,  1.60897508e-04]]), scale=0.0015628488623563705, shift=array([4.47680008, 0.21878295])), vector_model=VectorModel(intercepts=array([ 0.04761292,  0.10647529,  0.11076617,  0.13605947,  0.15041419,
        0.16174383,  0.18163123,  0.26530699,  0.14611409,  0.155996  ,
       -0.21576663, -0.28167106, -0.06887964, -0.03535035, -0.02396966,
       -0.02479627, -0.0098962 ]), linear_terms=array([[0., 0.],
       [0., 0.],
       [0., 0.],
       [0., 0.],
       [0., 0.],
       [0., 0.],
       [0., 0.],
       [0., 0.],
       [0., 0.],
       [0., 0.],
       [0., 0.],
       [0., 0.],
       [0., 0.],
       [0., 0.],
       [0., 0.],
       [0., 0.],
       [0., 0.]]), square_terms=array([[[0., 0.],
        [0., 0.]],

       [[0., 0.],
        [0., 0.]],

       [[0., 0.],
        [0., 0.]],

       [[0., 0.],
        [0., 0.]],

       [[0., 0.],
        [0., 0.]],

       [[0., 0.],
        [0., 0.]],

       [[0., 0.],
        [0., 0.]],

       [[0., 0.],
        [0., 0.]],

       [[0., 0.],
        [0., 0.]],

       [[0., 0.],
        [0., 0.]],

       [[0., 0.],
        [0., 0.]],

       [[0., 0.],
        [0., 0.]],

       [[0., 0.],
        [0., 0.]],

       [[0., 0.],
        [0., 0.]],

       [[0., 0.],
        [0., 0.]],

       [[0., 0.],
        [0., 0.]],

       [[0., 0.],
        [0., 0.]]]), scale=0.40008930876323084, shift=array([4.00089309, 0.23634048])), candidate_index=35, candidate_x=array([4.47523729, 0.21874543]), index=33, x=array([4.47680008, 0.21878295]), fval=0.3410295064561415, rho=-3.2294250056111595, accepted=False, new_indices=array([], dtype=int32), old_indices_used=array([25, 29, 30, 31, 32, 33, 34]), old_indices_discarded=array([], dtype=int32), step_length=0.0, relative_step_length=0.0, n_evals_per_point=1, n_evals_acceptance=1), State(trustregion=Region(center=array([4.47680008, 0.21878295]), radius=0.0007814244311781852, bounds=Bounds(lower=array([1.1 , 0.01]), upper=array([20.  ,  0.99]))), model_indices=array([25, 30, 32, 33, 34, 35]), model=ScalarModel(intercept=0.34104479886720546, linear_terms=array([-2.74546030e-06, -9.30575178e-06]), square_terms=array([[5.57712022e-08, 1.04973802e-08],
       [1.04973802e-08, 4.04141903e-05]]), scale=0.0007814244311781852, shift=array([4.47680008, 0.21878295])), vector_model=VectorModel(intercepts=array([ 0.04761292,  0.10647529,  0.11076617,  0.13605947,  0.15041419,
        0.16174383,  0.18163123,  0.26530699,  0.14611409,  0.155996  ,
       -0.21576663, -0.28167106, -0.06887964, -0.03535035, -0.02396966,
       -0.02479627, -0.0098962 ]), linear_terms=array([[0., 0.],
       [0., 0.],
       [0., 0.],
       [0., 0.],
       [0., 0.],
       [0., 0.],
       [0., 0.],
       [0., 0.],
       [0., 0.],
       [0., 0.],
       [0., 0.],
       [0., 0.],
       [0., 0.],
       [0., 0.],
       [0., 0.],
       [0., 0.],
       [0., 0.]]), square_terms=array([[[0., 0.],
        [0., 0.]],

       [[0., 0.],
        [0., 0.]],

       [[0., 0.],
        [0., 0.]],

       [[0., 0.],
        [0., 0.]],

       [[0., 0.],
        [0., 0.]],

       [[0., 0.],
        [0., 0.]],

       [[0., 0.],
        [0., 0.]],

       [[0., 0.],
        [0., 0.]],

       [[0., 0.],
        [0., 0.]],

       [[0., 0.],
        [0., 0.]],

       [[0., 0.],
        [0., 0.]],

       [[0., 0.],
        [0., 0.]],

       [[0., 0.],
        [0., 0.]],

       [[0., 0.],
        [0., 0.]],

       [[0., 0.],
        [0., 0.]],

       [[0., 0.],
        [0., 0.]],

       [[0., 0.],
        [0., 0.]]]), scale=0.40008930876323084, shift=array([4.00089309, 0.23634048])), candidate_index=36, candidate_x=array([4.47758152, 0.21895147]), index=33, x=array([4.47680008, 0.21878295]), fval=0.3410295064561415, rho=-5.420902425950944, accepted=False, new_indices=array([], dtype=int32), old_indices_used=array([25, 30, 32, 33, 34, 35]), old_indices_discarded=array([], dtype=int32), step_length=0.0, relative_step_length=0.0, n_evals_per_point=1, n_evals_acceptance=1), State(trustregion=Region(center=array([4.47680008, 0.21878295]), radius=0.0003907122155890926, bounds=Bounds(lower=array([1.1 , 0.01]), upper=array([20.  ,  0.99]))), model_indices=array([25, 30, 33, 34, 35, 36]), model=ScalarModel(intercept=0.34104650971994066, linear_terms=array([-1.14743620e-06, -4.95061002e-06]), square_terms=array([[ 1.41842026e-08, -1.00787920e-08],
       [-1.00787920e-08,  1.03397000e-05]]), scale=0.0003907122155890926, shift=array([4.47680008, 0.21878295])), vector_model=VectorModel(intercepts=array([ 0.04761292,  0.10647529,  0.11076617,  0.13605947,  0.15041419,
        0.16174383,  0.18163123,  0.26530699,  0.14611409,  0.155996  ,
       -0.21576663, -0.28167106, -0.06887964, -0.03535035, -0.02396966,
       -0.02479627, -0.0098962 ]), linear_terms=array([[0., 0.],
       [0., 0.],
       [0., 0.],
       [0., 0.],
       [0., 0.],
       [0., 0.],
       [0., 0.],
       [0., 0.],
       [0., 0.],
       [0., 0.],
       [0., 0.],
       [0., 0.],
       [0., 0.],
       [0., 0.],
       [0., 0.],
       [0., 0.],
       [0., 0.]]), square_terms=array([[[0., 0.],
        [0., 0.]],

       [[0., 0.],
        [0., 0.]],

       [[0., 0.],
        [0., 0.]],

       [[0., 0.],
        [0., 0.]],

       [[0., 0.],
        [0., 0.]],

       [[0., 0.],
        [0., 0.]],

       [[0., 0.],
        [0., 0.]],

       [[0., 0.],
        [0., 0.]],

       [[0., 0.],
        [0., 0.]],

       [[0., 0.],
        [0., 0.]],

       [[0., 0.],
        [0., 0.]],

       [[0., 0.],
        [0., 0.]],

       [[0., 0.],
        [0., 0.]],

       [[0., 0.],
        [0., 0.]],

       [[0., 0.],
        [0., 0.]],

       [[0., 0.],
        [0., 0.]],

       [[0., 0.],
        [0., 0.]]]), scale=0.40008930876323084, shift=array([4.00089309, 0.23634048])), candidate_index=37, candidate_x=array([4.47719061, 0.21895182]), index=33, x=array([4.47680008, 0.21878295]), fval=0.3410295064561415, rho=-10.595080868184974, accepted=False, new_indices=array([], dtype=int32), old_indices_used=array([25, 30, 33, 34, 35, 36]), old_indices_discarded=array([], dtype=int32), step_length=0.0, relative_step_length=0.0, n_evals_per_point=1, n_evals_acceptance=1), State(trustregion=Region(center=array([4.47680008, 0.21878295]), radius=0.0001953561077945463, bounds=Bounds(lower=array([1.1 , 0.01]), upper=array([20.  ,  0.99]))), model_indices=array([33, 36, 37]), model=ScalarModel(intercept=0.34102950645614144, linear_terms=array([-2.00526571e-06,  3.19697714e-05]), square_terms=array([[ 4.09066852e-09, -4.82244838e-09],
       [-4.82244838e-09,  2.50236132e-06]]), scale=0.0001953561077945463, shift=array([4.47680008, 0.21878295])), vector_model=VectorModel(intercepts=array([ 0.04761292,  0.10647529,  0.11076617,  0.13605947,  0.15041419,
        0.16174383,  0.18163123,  0.26530699,  0.14611409,  0.155996  ,
       -0.21576663, -0.28167106, -0.06887964, -0.03535035, -0.02396966,
       -0.02479627, -0.0098962 ]), linear_terms=array([[0., 0.],
       [0., 0.],
       [0., 0.],
       [0., 0.],
       [0., 0.],
       [0., 0.],
       [0., 0.],
       [0., 0.],
       [0., 0.],
       [0., 0.],
       [0., 0.],
       [0., 0.],
       [0., 0.],
       [0., 0.],
       [0., 0.],
       [0., 0.],
       [0., 0.]]), square_terms=array([[[0., 0.],
        [0., 0.]],

       [[0., 0.],
        [0., 0.]],

       [[0., 0.],
        [0., 0.]],

       [[0., 0.],
        [0., 0.]],

       [[0., 0.],
        [0., 0.]],

       [[0., 0.],
        [0., 0.]],

       [[0., 0.],
        [0., 0.]],

       [[0., 0.],
        [0., 0.]],

       [[0., 0.],
        [0., 0.]],

       [[0., 0.],
        [0., 0.]],

       [[0., 0.],
        [0., 0.]],

       [[0., 0.],
        [0., 0.]],

       [[0., 0.],
        [0., 0.]],

       [[0., 0.],
        [0., 0.]],

       [[0., 0.],
        [0., 0.]],

       [[0., 0.],
        [0., 0.]],

       [[0., 0.],
        [0., 0.]]]), scale=0.40008930876323084, shift=array([4.00089309, 0.23634048])), candidate_index=38, candidate_x=array([4.47680466, 0.21858765]), index=33, x=array([4.47680008, 0.21878295]), fval=0.3410295064561415, rho=-1.0057970928153277, accepted=False, new_indices=array([], dtype=int32), old_indices_used=array([33, 36, 37]), old_indices_discarded=array([], dtype=int32), step_length=0.0, relative_step_length=0.0, n_evals_per_point=1, n_evals_acceptance=1), State(trustregion=Region(center=array([4.47680008, 0.21878295]), radius=9.767805389727316e-05, bounds=Bounds(lower=array([1.1 , 0.01]), upper=array([20.  ,  0.99]))), model_indices=array([33, 37, 38]), model=ScalarModel(intercept=0.3410295064561418, linear_terms=array([ 1.22009878e-05, -1.45507305e-05]), square_terms=array([[ 1.34165165e-09, -3.71020505e-09],
       [-3.71020505e-09,  6.35468854e-07]]), scale=9.767805389727316e-05, shift=array([4.47680008, 0.21878295])), vector_model=VectorModel(intercepts=array([ 0.04761292,  0.10647529,  0.11076617,  0.13605947,  0.15041419,
        0.16174383,  0.18163123,  0.26530699,  0.14611409,  0.155996  ,
       -0.21576663, -0.28167106, -0.06887964, -0.03535035, -0.02396966,
       -0.02479627, -0.0098962 ]), linear_terms=array([[0., 0.],
       [0., 0.],
       [0., 0.],
       [0., 0.],
       [0., 0.],
       [0., 0.],
       [0., 0.],
       [0., 0.],
       [0., 0.],
       [0., 0.],
       [0., 0.],
       [0., 0.],
       [0., 0.],
       [0., 0.],
       [0., 0.],
       [0., 0.],
       [0., 0.]]), square_terms=array([[[0., 0.],
        [0., 0.]],

       [[0., 0.],
        [0., 0.]],

       [[0., 0.],
        [0., 0.]],

       [[0., 0.],
        [0., 0.]],

       [[0., 0.],
        [0., 0.]],

       [[0., 0.],
        [0., 0.]],

       [[0., 0.],
        [0., 0.]],

       [[0., 0.],
        [0., 0.]],

       [[0., 0.],
        [0., 0.]],

       [[0., 0.],
        [0., 0.]],

       [[0., 0.],
        [0., 0.]],

       [[0., 0.],
        [0., 0.]],

       [[0., 0.],
        [0., 0.]],

       [[0., 0.],
        [0., 0.]],

       [[0., 0.],
        [0., 0.]],

       [[0., 0.],
        [0., 0.]],

       [[0., 0.],
        [0., 0.]]]), scale=0.40008930876323084, shift=array([4.00089309, 0.23634048])), candidate_index=39, candidate_x=array([4.47673882, 0.21885903]), index=33, x=array([4.47680008, 0.21878295]), fval=0.3410295064561415, rho=-0.29889698913998564, accepted=False, new_indices=array([], dtype=int32), old_indices_used=array([33, 37, 38]), old_indices_discarded=array([], dtype=int32), step_length=0.0, relative_step_length=0.0, n_evals_per_point=1, n_evals_acceptance=1), State(trustregion=Region(center=array([4.47680008, 0.21878295]), radius=4.883902694863658e-05, bounds=Bounds(lower=array([1.1 , 0.01]), upper=array([20.  ,  0.99]))), model_indices=array([33, 38, 39]), model=ScalarModel(intercept=0.3410295064561412, linear_terms=array([-1.39448406e-05, -7.74504379e-06]), square_terms=array([[2.21376257e-09, 1.78729079e-09],
       [1.78729079e-09, 1.58993404e-07]]), scale=4.883902694863658e-05, shift=array([4.47680008, 0.21878295])), vector_model=VectorModel(intercepts=array([ 0.04761292,  0.10647529,  0.11076617,  0.13605947,  0.15041419,
        0.16174383,  0.18163123,  0.26530699,  0.14611409,  0.155996  ,
       -0.21576663, -0.28167106, -0.06887964, -0.03535035, -0.02396966,
       -0.02479627, -0.0098962 ]), linear_terms=array([[0., 0.],
       [0., 0.],
       [0., 0.],
       [0., 0.],
       [0., 0.],
       [0., 0.],
       [0., 0.],
       [0., 0.],
       [0., 0.],
       [0., 0.],
       [0., 0.],
       [0., 0.],
       [0., 0.],
       [0., 0.],
       [0., 0.],
       [0., 0.],
       [0., 0.]]), square_terms=array([[[0., 0.],
        [0., 0.]],

       [[0., 0.],
        [0., 0.]],

       [[0., 0.],
        [0., 0.]],

       [[0., 0.],
        [0., 0.]],

       [[0., 0.],
        [0., 0.]],

       [[0., 0.],
        [0., 0.]],

       [[0., 0.],
        [0., 0.]],

       [[0., 0.],
        [0., 0.]],

       [[0., 0.],
        [0., 0.]],

       [[0., 0.],
        [0., 0.]],

       [[0., 0.],
        [0., 0.]],

       [[0., 0.],
        [0., 0.]],

       [[0., 0.],
        [0., 0.]],

       [[0., 0.],
        [0., 0.]],

       [[0., 0.],
        [0., 0.]],

       [[0., 0.],
        [0., 0.]],

       [[0., 0.],
        [0., 0.]]]), scale=0.40008930876323084, shift=array([4.00089309, 0.23634048])), candidate_index=40, candidate_x=array([4.47684298, 0.21880654]), index=33, x=array([4.47680008, 0.21878295]), fval=0.3410295064561415, rho=-0.04203438227865635, accepted=False, new_indices=array([], dtype=int32), old_indices_used=array([33, 38, 39]), old_indices_discarded=array([], dtype=int32), step_length=0.0, relative_step_length=0.0, n_evals_per_point=1, n_evals_acceptance=1), State(trustregion=Region(center=array([4.47680008, 0.21878295]), radius=2.441951347431829e-05, bounds=Bounds(lower=array([1.1 , 0.01]), upper=array([20.  ,  0.99]))), model_indices=array([33, 39, 40]), model=ScalarModel(intercept=0.34102950645614144, linear_terms=array([-4.06004970e-07,  1.41440781e-06]), square_terms=array([[ 6.27242951e-11, -1.21081528e-10],
       [-1.21081528e-10,  3.91519709e-08]]), scale=2.441951347431829e-05, shift=array([4.47680008, 0.21878295])), vector_model=VectorModel(intercepts=array([ 0.04761292,  0.10647529,  0.11076617,  0.13605947,  0.15041419,
        0.16174383,  0.18163123,  0.26530699,  0.14611409,  0.155996  ,
       -0.21576663, -0.28167106, -0.06887964, -0.03535035, -0.02396966,
       -0.02479627, -0.0098962 ]), linear_terms=array([[0., 0.],
       [0., 0.],
       [0., 0.],
       [0., 0.],
       [0., 0.],
       [0., 0.],
       [0., 0.],
       [0., 0.],
       [0., 0.],
       [0., 0.],
       [0., 0.],
       [0., 0.],
       [0., 0.],
       [0., 0.],
       [0., 0.],
       [0., 0.],
       [0., 0.]]), square_terms=array([[[0., 0.],
        [0., 0.]],

       [[0., 0.],
        [0., 0.]],

       [[0., 0.],
        [0., 0.]],

       [[0., 0.],
        [0., 0.]],

       [[0., 0.],
        [0., 0.]],

       [[0., 0.],
        [0., 0.]],

       [[0., 0.],
        [0., 0.]],

       [[0., 0.],
        [0., 0.]],

       [[0., 0.],
        [0., 0.]],

       [[0., 0.],
        [0., 0.]],

       [[0., 0.],
        [0., 0.]],

       [[0., 0.],
        [0., 0.]],

       [[0., 0.],
        [0., 0.]],

       [[0., 0.],
        [0., 0.]],

       [[0., 0.],
        [0., 0.]],

       [[0., 0.],
        [0., 0.]],

       [[0., 0.],
        [0., 0.]]]), scale=0.40008930876323084, shift=array([4.00089309, 0.23634048])), candidate_index=41, candidate_x=array([4.4768065 , 0.21875939]), index=33, x=array([4.47680008, 0.21878295]), fval=0.3410295064561415, rho=-0.9345370904722196, accepted=False, new_indices=array([], dtype=int32), old_indices_used=array([33, 39, 40]), old_indices_discarded=array([], dtype=int32), step_length=0.0, relative_step_length=0.0, n_evals_per_point=1, n_evals_acceptance=1), State(trustregion=Region(center=array([4.47680008, 0.21878295]), radius=1.2209756737159144e-05, bounds=Bounds(lower=array([1.1 , 0.01]), upper=array([20.  ,  0.99]))), model_indices=array([33, 40, 41]), model=ScalarModel(intercept=0.34102950645614166, linear_terms=array([ 4.93457122e-07, -5.59325113e-07]), square_terms=array([[ 2.35506397e-11, -1.63529476e-10],
       [-1.63529476e-10,  1.02466377e-08]]), scale=1.2209756737159144e-05, shift=array([4.47680008, 0.21878295])), vector_model=VectorModel(intercepts=array([ 0.04761292,  0.10647529,  0.11076617,  0.13605947,  0.15041419,
        0.16174383,  0.18163123,  0.26530699,  0.14611409,  0.155996  ,
       -0.21576663, -0.28167106, -0.06887964, -0.03535035, -0.02396966,
       -0.02479627, -0.0098962 ]), linear_terms=array([[0., 0.],
       [0., 0.],
       [0., 0.],
       [0., 0.],
       [0., 0.],
       [0., 0.],
       [0., 0.],
       [0., 0.],
       [0., 0.],
       [0., 0.],
       [0., 0.],
       [0., 0.],
       [0., 0.],
       [0., 0.],
       [0., 0.],
       [0., 0.],
       [0., 0.]]), square_terms=array([[[0., 0.],
        [0., 0.]],

       [[0., 0.],
        [0., 0.]],

       [[0., 0.],
        [0., 0.]],

       [[0., 0.],
        [0., 0.]],

       [[0., 0.],
        [0., 0.]],

       [[0., 0.],
        [0., 0.]],

       [[0., 0.],
        [0., 0.]],

       [[0., 0.],
        [0., 0.]],

       [[0., 0.],
        [0., 0.]],

       [[0., 0.],
        [0., 0.]],

       [[0., 0.],
        [0., 0.]],

       [[0., 0.],
        [0., 0.]],

       [[0., 0.],
        [0., 0.]],

       [[0., 0.],
        [0., 0.]],

       [[0., 0.],
        [0., 0.]],

       [[0., 0.],
        [0., 0.]],

       [[0., 0.],
        [0., 0.]]]), scale=0.40008930876323084, shift=array([4.00089309, 0.23634048])), candidate_index=42, candidate_x=array([4.47679211, 0.2187922 ]), index=33, x=array([4.47680008, 0.21878295]), fval=0.3410295064561415, rho=-0.406242248445608, accepted=False, new_indices=array([], dtype=int32), old_indices_used=array([33, 40, 41]), old_indices_discarded=array([], dtype=int32), step_length=0.0, relative_step_length=0.0, n_evals_per_point=1, n_evals_acceptance=1), State(trustregion=Region(center=array([4.47680008, 0.21878295]), radius=6.104878368579572e-06, bounds=Bounds(lower=array([1.1 , 0.01]), upper=array([20.  ,  0.99]))), model_indices=array([33, 41, 42]), model=ScalarModel(intercept=0.34102950645614133, linear_terms=array([-9.24043716e-07, -5.98689389e-07]), square_terms=array([[1.25215351e-11, 8.40399497e-11],
       [8.40399497e-11, 2.62924768e-09]]), scale=6.104878368579572e-06, shift=array([4.47680008, 0.21878295])), vector_model=VectorModel(intercepts=array([ 0.04761292,  0.10647529,  0.11076617,  0.13605947,  0.15041419,
        0.16174383,  0.18163123,  0.26530699,  0.14611409,  0.155996  ,
       -0.21576663, -0.28167106, -0.06887964, -0.03535035, -0.02396966,
       -0.02479627, -0.0098962 ]), linear_terms=array([[0., 0.],
       [0., 0.],
       [0., 0.],
       [0., 0.],
       [0., 0.],
       [0., 0.],
       [0., 0.],
       [0., 0.],
       [0., 0.],
       [0., 0.],
       [0., 0.],
       [0., 0.],
       [0., 0.],
       [0., 0.],
       [0., 0.],
       [0., 0.],
       [0., 0.]]), square_terms=array([[[0., 0.],
        [0., 0.]],

       [[0., 0.],
        [0., 0.]],

       [[0., 0.],
        [0., 0.]],

       [[0., 0.],
        [0., 0.]],

       [[0., 0.],
        [0., 0.]],

       [[0., 0.],
        [0., 0.]],

       [[0., 0.],
        [0., 0.]],

       [[0., 0.],
        [0., 0.]],

       [[0., 0.],
        [0., 0.]],

       [[0., 0.],
        [0., 0.]],

       [[0., 0.],
        [0., 0.]],

       [[0., 0.],
        [0., 0.]],

       [[0., 0.],
        [0., 0.]],

       [[0., 0.],
        [0., 0.]],

       [[0., 0.],
        [0., 0.]],

       [[0., 0.],
        [0., 0.]],

       [[0., 0.],
        [0., 0.]]]), scale=0.40008930876323084, shift=array([4.00089309, 0.23634048])), candidate_index=43, candidate_x=array([4.47680521, 0.21878627]), index=33, x=array([4.47680008, 0.21878295]), fval=0.3410295064561415, rho=-0.002834667379162869, accepted=False, new_indices=array([], dtype=int32), old_indices_used=array([33, 41, 42]), old_indices_discarded=array([], dtype=int32), step_length=0.0, relative_step_length=0.0, n_evals_per_point=1, n_evals_acceptance=1), State(trustregion=Region(center=array([4.47680008, 0.21878295]), radius=3.052439184289786e-06, bounds=Bounds(lower=array([1.1 , 0.01]), upper=array([20.  ,  0.99]))), model_indices=array([33, 42, 43]), model=ScalarModel(intercept=0.34102950645614155, linear_terms=array([-3.98916493e-08,  6.42615557e-08]), square_terms=array([[ 9.29647100e-13, -2.24807777e-12],
       [-2.24807777e-12,  6.18877584e-10]]), scale=3.052439184289786e-06, shift=array([4.47680008, 0.21878295])), vector_model=VectorModel(intercepts=array([ 0.04761292,  0.10647529,  0.11076617,  0.13605947,  0.15041419,
        0.16174383,  0.18163123,  0.26530699,  0.14611409,  0.155996  ,
       -0.21576663, -0.28167106, -0.06887964, -0.03535035, -0.02396966,
       -0.02479627, -0.0098962 ]), linear_terms=array([[0., 0.],
       [0., 0.],
       [0., 0.],
       [0., 0.],
       [0., 0.],
       [0., 0.],
       [0., 0.],
       [0., 0.],
       [0., 0.],
       [0., 0.],
       [0., 0.],
       [0., 0.],
       [0., 0.],
       [0., 0.],
       [0., 0.],
       [0., 0.],
       [0., 0.]]), square_terms=array([[[0., 0.],
        [0., 0.]],

       [[0., 0.],
        [0., 0.]],

       [[0., 0.],
        [0., 0.]],

       [[0., 0.],
        [0., 0.]],

       [[0., 0.],
        [0., 0.]],

       [[0., 0.],
        [0., 0.]],

       [[0., 0.],
        [0., 0.]],

       [[0., 0.],
        [0., 0.]],

       [[0., 0.],
        [0., 0.]],

       [[0., 0.],
        [0., 0.]],

       [[0., 0.],
        [0., 0.]],

       [[0., 0.],
        [0., 0.]],

       [[0., 0.],
        [0., 0.]],

       [[0., 0.],
        [0., 0.]],

       [[0., 0.],
        [0., 0.]],

       [[0., 0.],
        [0., 0.]],

       [[0., 0.],
        [0., 0.]]]), scale=0.40008930876323084, shift=array([4.00089309, 0.23634048])), candidate_index=44, candidate_x=array([4.47680168, 0.21878035]), index=33, x=array([4.47680008, 0.21878295]), fval=0.3410295064561415, rho=-2.460802058255149, accepted=False, new_indices=array([], dtype=int32), old_indices_used=array([33, 42, 43]), old_indices_discarded=array([], dtype=int32), step_length=0.0, relative_step_length=0.0, n_evals_per_point=1, n_evals_acceptance=1), State(trustregion=Region(center=array([4.47680008, 0.21878295]), radius=1.526219592144893e-06, bounds=Bounds(lower=array([1.1 , 0.01]), upper=array([20.  ,  0.99]))), model_indices=array([33, 43, 44]), model=ScalarModel(intercept=0.34102950645614166, linear_terms=array([ 5.09028167e-08, -7.74878509e-08]), square_terms=array([[ 2.24072423e-13, -1.12821727e-12],
       [-1.12821727e-12,  1.56491428e-10]]), scale=1.526219592144893e-06, shift=array([4.47680008, 0.21878295])), vector_model=VectorModel(intercepts=array([ 0.04761292,  0.10647529,  0.11076617,  0.13605947,  0.15041419,
        0.16174383,  0.18163123,  0.26530699,  0.14611409,  0.155996  ,
       -0.21576663, -0.28167106, -0.06887964, -0.03535035, -0.02396966,
       -0.02479627, -0.0098962 ]), linear_terms=array([[0., 0.],
       [0., 0.],
       [0., 0.],
       [0., 0.],
       [0., 0.],
       [0., 0.],
       [0., 0.],
       [0., 0.],
       [0., 0.],
       [0., 0.],
       [0., 0.],
       [0., 0.],
       [0., 0.],
       [0., 0.],
       [0., 0.],
       [0., 0.],
       [0., 0.]]), square_terms=array([[[0., 0.],
        [0., 0.]],

       [[0., 0.],
        [0., 0.]],

       [[0., 0.],
        [0., 0.]],

       [[0., 0.],
        [0., 0.]],

       [[0., 0.],
        [0., 0.]],

       [[0., 0.],
        [0., 0.]],

       [[0., 0.],
        [0., 0.]],

       [[0., 0.],
        [0., 0.]],

       [[0., 0.],
        [0., 0.]],

       [[0., 0.],
        [0., 0.]],

       [[0., 0.],
        [0., 0.]],

       [[0., 0.],
        [0., 0.]],

       [[0., 0.],
        [0., 0.]],

       [[0., 0.],
        [0., 0.]],

       [[0., 0.],
        [0., 0.]],

       [[0., 0.],
        [0., 0.]],

       [[0., 0.],
        [0., 0.]]]), scale=0.40008930876323084, shift=array([4.00089309, 0.23634048])), candidate_index=45, candidate_x=array([4.47679924, 0.21878423]), index=45, x=array([4.47679924, 0.21878423]), fval=0.341029479140089, rho=0.2948101831145198, accepted=True, new_indices=array([], dtype=int32), old_indices_used=array([33, 43, 44]), old_indices_discarded=array([], dtype=int32), step_length=1.5262195920440345e-06, relative_step_length=0.9999999999339161, n_evals_per_point=1, n_evals_acceptance=1)]}"

logger,
